
  .   ____          _            __ _ _
 /\\ / ___'_ __ _ _(_)_ __  __ _ \ \ \ \
( ( )\___ | '_ | '_| | '_ \/ _` | \ \ \ \
 \\/  ___)| |_)| | | | | || (_| |  ) ) ) )
  '  |____| .__|_| |_|_| |_\__, | / / / /
 =========|_|==============|___/=/_/_/_/
 :: Spring Boot ::                (v3.2.0)

2026-05-08T22:34:01.734+05:30  INFO 13023 --- [service-registry] [           main] c.t.registry.ServiceRegistryApplication  : Starting ServiceRegistryApplication v1.0.0 using Java 25.0.2 with PID 13023 (/Users/subhodipanwesa/Documents/BITS_WILP/FullStack/Anwesa/PeerTutorial_FS/peer-tutoring-platform/backend-microservices/service-registry/target/service-registry-1.0.0.jar started by subhodipanwesa in /Users/subhodipanwesa/Documents/BITS_WILP/FullStack/Anwesa/PeerTutorial_FS/peer-tutoring-platform/backend-microservices/service-registry)
2026-05-08T22:34:01.738+05:30  INFO 13023 --- [service-registry] [           main] c.t.registry.ServiceRegistryApplication  : No active profile set, falling back to 1 default profile: "default"
2026-05-08T22:34:02.990+05:30  INFO 13023 --- [service-registry] [           main] o.s.cloud.context.scope.GenericScope     : BeanFactory id=017fa913-6a62-325f-80b4-b29f441803df
2026-05-08T22:34:03.042+05:30  WARN 13023 --- [service-registry] [           main] trationDelegate$BeanPostProcessorChecker : Bean 'org.springframework.cloud.client.loadbalancer.LoadBalancerAutoConfiguration$LoadBalancerInterceptorConfig' of type [org.springframework.cloud.client.loadbalancer.LoadBalancerAutoConfiguration$LoadBalancerInterceptorConfig] is not eligible for getting processed by all BeanPostProcessors (for example: not eligible for auto-proxying). The currently created BeanPostProcessor [lbRestClientPostProcessor] is declared through a non-static factory method on that class; consider declaring it as static instead.
2026-05-08T22:34:03.045+05:30  WARN 13023 --- [service-registry] [           main] trationDelegate$BeanPostProcessorChecker : Bean 'org.springframework.cloud.loadbalancer.config.BlockingLoadBalancerClientAutoConfiguration' of type [org.springframework.cloud.loadbalancer.config.BlockingLoadBalancerClientAutoConfiguration] is not eligible for getting processed by all BeanPostProcessors (for example: not eligible for auto-proxying). Is this bean getting eagerly injected into a currently created BeanPostProcessor [lbRestClientPostProcessor]? Check the corresponding BeanPostProcessor declaration and its dependencies.
2026-05-08T22:34:03.047+05:30  WARN 13023 --- [service-registry] [           main] trationDelegate$BeanPostProcessorChecker : Bean 'org.springframework.cloud.loadbalancer.config.LoadBalancerAutoConfiguration' of type [org.springframework.cloud.loadbalancer.config.LoadBalancerAutoConfiguration] is not eligible for getting processed by all BeanPostProcessors (for example: not eligible for auto-proxying). Is this bean getting eagerly injected into a currently created BeanPostProcessor [lbRestClientPostProcessor]? Check the corresponding BeanPostProcessor declaration and its dependencies.
2026-05-08T22:34:03.056+05:30  WARN 13023 --- [service-registry] [           main] trationDelegate$BeanPostProcessorChecker : Bean 'org.springframework.cloud.commons.config.CommonsConfigAutoConfiguration' of type [org.springframework.cloud.commons.config.CommonsConfigAutoConfiguration] is not eligible for getting processed by all BeanPostProcessors (for example: not eligible for auto-proxying). Is this bean getting eagerly injected into a currently created BeanPostProcessor [lbRestClientPostProcessor]? Check the corresponding BeanPostProcessor declaration and its dependencies.
2026-05-08T22:34:03.059+05:30  WARN 13023 --- [service-registry] [           main] trationDelegate$BeanPostProcessorChecker : Bean 'org.springframework.cloud.client.loadbalancer.LoadBalancerDefaultMappingsProviderAutoConfiguration' of type [org.springframework.cloud.client.loadbalancer.LoadBalancerDefaultMappingsProviderAutoConfiguration] is not eligible for getting processed by all BeanPostProcessors (for example: not eligible for auto-proxying). Is this bean getting eagerly injected into a currently created BeanPostProcessor [lbRestClientPostProcessor]? Check the corresponding BeanPostProcessor declaration and its dependencies.
2026-05-08T22:34:03.060+05:30  WARN 13023 --- [service-registry] [           main] trationDelegate$BeanPostProcessorChecker : Bean 'loadBalancerClientsDefaultsMappingsProvider' of type [org.springframework.cloud.client.loadbalancer.LoadBalancerDefaultMappingsProviderAutoConfiguration$$Lambda/0x00000ff80132f8a8] is not eligible for getting processed by all BeanPostProcessors (for example: not eligible for auto-proxying). Is this bean getting eagerly injected into a currently created BeanPostProcessor [lbRestClientPostProcessor]? Check the corresponding BeanPostProcessor declaration and its dependencies.
2026-05-08T22:34:03.061+05:30  WARN 13023 --- [service-registry] [           main] trationDelegate$BeanPostProcessorChecker : Bean 'defaultsBindHandlerAdvisor' of type [org.springframework.cloud.commons.config.DefaultsBindHandlerAdvisor] is not eligible for getting processed by all BeanPostProcessors (for example: not eligible for auto-proxying). Is this bean getting eagerly injected into a currently created BeanPostProcessor [lbRestClientPostProcessor]? Check the corresponding BeanPostProcessor declaration and its dependencies.
2026-05-08T22:34:03.071+05:30  WARN 13023 --- [service-registry] [           main] trationDelegate$BeanPostProcessorChecker : Bean 'spring.cloud.loadbalancer-org.springframework.cloud.client.loadbalancer.LoadBalancerClientsProperties' of type [org.springframework.cloud.client.loadbalancer.LoadBalancerClientsProperties] is not eligible for getting processed by all BeanPostProcessors (for example: not eligible for auto-proxying). Is this bean getting eagerly injected into a currently created BeanPostProcessor [lbRestClientPostProcessor]? Check the corresponding BeanPostProcessor declaration and its dependencies.
2026-05-08T22:34:03.082+05:30  WARN 13023 --- [service-registry] [           main] trationDelegate$BeanPostProcessorChecker : Bean 'default.org.springframework.cloud.loadbalancer.config.LoadBalancerAutoConfiguration.LoadBalancerClientSpecification' of type [org.springframework.cloud.loadbalancer.annotation.LoadBalancerClientSpecification] is not eligible for getting processed by all BeanPostProcessors (for example: not eligible for auto-proxying). Is this bean getting eagerly injected into a currently created BeanPostProcessor [lbRestClientPostProcessor]? Check the corresponding BeanPostProcessor declaration and its dependencies.
2026-05-08T22:34:03.083+05:30  WARN 13023 --- [service-registry] [           main] trationDelegate$BeanPostProcessorChecker : Bean 'default.org.springframework.cloud.loadbalancer.config.BlockingLoadBalancerClientAutoConfiguration.LoadBalancerClientSpecification' of type [org.springframework.cloud.loadbalancer.annotation.LoadBalancerClientSpecification] is not eligible for getting processed by all BeanPostProcessors (for example: not eligible for auto-proxying). Is this bean getting eagerly injected into a currently created BeanPostProcessor [lbRestClientPostProcessor]? Check the corresponding BeanPostProcessor declaration and its dependencies.
2026-05-08T22:34:03.083+05:30  WARN 13023 --- [service-registry] [           main] trationDelegate$BeanPostProcessorChecker : Bean 'default.org.springframework.cloud.netflix.eureka.loadbalancer.LoadBalancerEurekaAutoConfiguration.LoadBalancerClientSpecification' of type [org.springframework.cloud.loadbalancer.annotation.LoadBalancerClientSpecification] is not eligible for getting processed by all BeanPostProcessors (for example: not eligible for auto-proxying). Is this bean getting eagerly injected into a currently created BeanPostProcessor [lbRestClientPostProcessor]? Check the corresponding BeanPostProcessor declaration and its dependencies.
2026-05-08T22:34:03.084+05:30  WARN 13023 --- [service-registry] [           main] trationDelegate$BeanPostProcessorChecker : Bean 'loadBalancerClientFactory' of type [org.springframework.cloud.loadbalancer.support.LoadBalancerClientFactory] is not eligible for getting processed by all BeanPostProcessors (for example: not eligible for auto-proxying). Is this bean getting eagerly injected into a currently created BeanPostProcessor [lbRestClientPostProcessor]? Check the corresponding BeanPostProcessor declaration and its dependencies.
2026-05-08T22:34:03.086+05:30  WARN 13023 --- [service-registry] [           main] trationDelegate$BeanPostProcessorChecker : Bean 'blockingLoadBalancerClient' of type [org.springframework.cloud.loadbalancer.blocking.client.BlockingLoadBalancerClient] is not eligible for getting processed by all BeanPostProcessors (for example: not eligible for auto-proxying). Is this bean getting eagerly injected into a currently created BeanPostProcessor [lbRestClientPostProcessor]? Check the corresponding BeanPostProcessor declaration and its dependencies.
2026-05-08T22:34:03.098+05:30  WARN 13023 --- [service-registry] [           main] trationDelegate$BeanPostProcessorChecker : Bean 'loadBalancerServiceInstanceCookieTransformer' of type [org.springframework.cloud.loadbalancer.core.LoadBalancerServiceInstanceCookieTransformer] is not eligible for getting processed by all BeanPostProcessors (for example: not eligible for auto-proxying). Is this bean getting eagerly injected into a currently created BeanPostProcessor [lbRestClientPostProcessor]? Check the corresponding BeanPostProcessor declaration and its dependencies.
2026-05-08T22:34:03.100+05:30  WARN 13023 --- [service-registry] [           main] trationDelegate$BeanPostProcessorChecker : Bean 'xForwarderHeadersTransformer' of type [org.springframework.cloud.loadbalancer.blocking.XForwardedHeadersTransformer] is not eligible for getting processed by all BeanPostProcessors (for example: not eligible for auto-proxying). Is this bean getting eagerly injected into a currently created BeanPostProcessor [lbRestClientPostProcessor]? Check the corresponding BeanPostProcessor declaration and its dependencies.
2026-05-08T22:34:03.102+05:30  WARN 13023 --- [service-registry] [           main] trationDelegate$BeanPostProcessorChecker : Bean 'org.springframework.cloud.client.loadbalancer.LoadBalancerAutoConfiguration' of type [org.springframework.cloud.client.loadbalancer.LoadBalancerAutoConfiguration] is not eligible for getting processed by all BeanPostProcessors (for example: not eligible for auto-proxying). Is this bean getting eagerly injected into a currently created BeanPostProcessor [lbRestClientPostProcessor]? Check the corresponding BeanPostProcessor declaration and its dependencies.
2026-05-08T22:34:03.104+05:30  WARN 13023 --- [service-registry] [           main] trationDelegate$BeanPostProcessorChecker : Bean 'loadBalancerRequestFactory' of type [org.springframework.cloud.client.loadbalancer.LoadBalancerRequestFactory] is not eligible for getting processed by all BeanPostProcessors (for example: not eligible for auto-proxying). Is this bean getting eagerly injected into a currently created BeanPostProcessor [lbRestClientPostProcessor]? Check the corresponding BeanPostProcessor declaration and its dependencies.
2026-05-08T22:34:03.105+05:30  WARN 13023 --- [service-registry] [           main] trationDelegate$BeanPostProcessorChecker : Bean 'loadBalancerInterceptor' of type [org.springframework.cloud.client.loadbalancer.LoadBalancerInterceptor] is not eligible for getting processed by all BeanPostProcessors (for example: not eligible for auto-proxying). Is this bean getting eagerly injected into a currently created BeanPostProcessor [lbRestClientPostProcessor]? Check the corresponding BeanPostProcessor declaration and its dependencies.
WARNING: A restricted method in java.lang.System has been called
WARNING: java.lang.System::load has been called by org.apache.tomcat.jni.Library in an unnamed module (jar:nested:/Users/subhodipanwesa/Documents/BITS_WILP/FullStack/Anwesa/PeerTutorial_FS/peer-tutoring-platform/backend-microservices/service-registry/target/service-registry-1.0.0.jar/!BOOT-INF/lib/tomcat-embed-core-10.1.16.jar!/)
WARNING: Use --enable-native-access=ALL-UNNAMED to avoid a warning for callers in this module
WARNING: Restricted methods will be blocked in a future release unless native access is enabled

2026-05-08T22:34:03.335+05:30  INFO 13023 --- [service-registry] [           main] o.s.b.w.embedded.tomcat.TomcatWebServer  : Tomcat initialized with port 8761 (http)
2026-05-08T22:34:03.342+05:30  INFO 13023 --- [service-registry] [           main] o.apache.catalina.core.StandardService   : Starting service [Tomcat]
2026-05-08T22:34:03.342+05:30  INFO 13023 --- [service-registry] [           main] o.apache.catalina.core.StandardEngine    : Starting Servlet engine: [Apache Tomcat/10.1.16]
2026-05-08T22:34:03.369+05:30  INFO 13023 --- [service-registry] [           main] o.a.c.c.C.[Tomcat].[localhost].[/]       : Initializing Spring embedded WebApplicationContext
2026-05-08T22:34:03.370+05:30  INFO 13023 --- [service-registry] [           main] w.s.c.ServletWebServerApplicationContext : Root WebApplicationContext: initialization completed in 1505 ms
2026-05-08T22:34:04.231+05:30  INFO 13023 --- [service-registry] [           main] c.n.d.provider.DiscoveryJerseyProvider   : Using JSON encoding codec LegacyJacksonJson
2026-05-08T22:34:04.232+05:30  INFO 13023 --- [service-registry] [           main] c.n.d.provider.DiscoveryJerseyProvider   : Using JSON decoding codec LegacyJacksonJson
WARNING: A terminally deprecated method in sun.misc.Unsafe has been called
WARNING: sun.misc.Unsafe::objectFieldOffset has been called by com.thoughtworks.xstream.converters.reflection.SunUnsafeReflectionProvider (jar:nested:/Users/subhodipanwesa/Documents/BITS_WILP/FullStack/Anwesa/PeerTutorial_FS/peer-tutoring-platform/backend-microservices/service-registry/target/service-registry-1.0.0.jar/!BOOT-INF/lib/xstream-1.4.19.jar!/)
WARNING: Please consider reporting this to the maintainers of class com.thoughtworks.xstream.converters.reflection.SunUnsafeReflectionProvider
WARNING: sun.misc.Unsafe::objectFieldOffset will be removed in a future release
2026-05-08T22:34:04.450+05:30  INFO 13023 --- [service-registry] [           main] c.n.d.provider.DiscoveryJerseyProvider   : Using XML encoding codec XStreamXml
2026-05-08T22:34:04.451+05:30  INFO 13023 --- [service-registry] [           main] c.n.d.provider.DiscoveryJerseyProvider   : Using XML decoding codec XStreamXml
2026-05-08T22:34:05.159+05:30  WARN 13023 --- [service-registry] [           main] iguration$LoadBalancerCaffeineWarnLogger : Spring Cloud LoadBalancer is currently working with the default cache. While this cache implementation is useful for development and tests, it's recommended to use Caffeine cache in production.You can switch to using Caffeine cache, by adding it and org.springframework.cache.caffeine.CaffeineCacheManager to the classpath.
2026-05-08T22:34:05.180+05:30  INFO 13023 --- [service-registry] [           main] o.s.c.n.eureka.InstanceInfoFactory       : Setting initial instance status as: STARTING
2026-05-08T22:34:05.202+05:30  INFO 13023 --- [service-registry] [           main] com.netflix.discovery.DiscoveryClient    : Initializing Eureka in region us-east-1
2026-05-08T22:34:05.203+05:30  INFO 13023 --- [service-registry] [           main] com.netflix.discovery.DiscoveryClient    : Client configured to neither register nor query for data.
2026-05-08T22:34:05.210+05:30  INFO 13023 --- [service-registry] [           main] com.netflix.discovery.DiscoveryClient    : Discovery Client initialized at timestamp 1778259845209 with initial instances count: 0
2026-05-08T22:34:05.237+05:30  INFO 13023 --- [service-registry] [           main] c.n.eureka.DefaultEurekaServerContext    : Initializing ...
2026-05-08T22:34:05.238+05:30  WARN 13023 --- [service-registry] [           main] c.n.eureka.cluster.PeerEurekaNodes       : The replica size seems to be empty. Check the route 53 DNS Registry
2026-05-08T22:34:05.314+05:30  INFO 13023 --- [service-registry] [           main] c.n.e.registry.AbstractInstanceRegistry  : Finished initializing remote region registries. All known remote regions: []
2026-05-08T22:34:05.316+05:30  INFO 13023 --- [service-registry] [           main] c.n.eureka.DefaultEurekaServerContext    : Initialized
2026-05-08T22:34:05.325+05:30  INFO 13023 --- [service-registry] [           main] o.s.b.a.e.web.EndpointLinksResolver      : Exposing 3 endpoint(s) beneath base path '/actuator'
2026-05-08T22:34:05.366+05:30  INFO 13023 --- [service-registry] [           main] o.s.c.n.e.s.EurekaServiceRegistry        : Registering application SERVICE-REGISTRY with eureka with status UP
2026-05-08T22:34:05.378+05:30  INFO 13023 --- [service-registry] [       Thread-9] o.s.c.n.e.server.EurekaServerBootstrap   : isAws returned false
2026-05-08T22:34:05.378+05:30  INFO 13023 --- [service-registry] [       Thread-9] o.s.c.n.e.server.EurekaServerBootstrap   : Initialized server context
2026-05-08T22:34:05.379+05:30  INFO 13023 --- [service-registry] [       Thread-9] c.n.e.r.PeerAwareInstanceRegistryImpl    : Got 1 instances from neighboring DS node
2026-05-08T22:34:05.379+05:30  INFO 13023 --- [service-registry] [       Thread-9] c.n.e.r.PeerAwareInstanceRegistryImpl    : Renew threshold is: 1
2026-05-08T22:34:05.379+05:30  INFO 13023 --- [service-registry] [       Thread-9] c.n.e.r.PeerAwareInstanceRegistryImpl    : Changing status to UP
2026-05-08T22:34:05.385+05:30  INFO 13023 --- [service-registry] [       Thread-9] e.s.EurekaServerInitializerConfiguration : Started Eureka Server
2026-05-08T22:34:05.391+05:30  INFO 13023 --- [service-registry] [           main] o.s.b.w.embedded.tomcat.TomcatWebServer  : Tomcat started on port 8761 (http) with context path ''
2026-05-08T22:34:05.392+05:30  INFO 13023 --- [service-registry] [           main] .s.c.n.e.s.EurekaAutoServiceRegistration : Updating port to 8761
2026-05-08T22:34:05.410+05:30  INFO 13023 --- [service-registry] [           main] c.t.registry.ServiceRegistryApplication  : Started ServiceRegistryApplication in 4.314 seconds (process running for 4.848)
2026-05-08T22:34:35.362+05:30  INFO 13023 --- [service-registry] [nio-8761-exec-1] o.a.c.c.C.[Tomcat].[localhost].[/]       : Initializing Spring DispatcherServlet 'dispatcherServlet'
2026-05-08T22:34:35.363+05:30  INFO 13023 --- [service-registry] [nio-8761-exec-1] o.s.web.servlet.DispatcherServlet        : Initializing Servlet 'dispatcherServlet'
2026-05-08T22:34:35.365+05:30  INFO 13023 --- [service-registry] [nio-8761-exec-1] o.s.web.servlet.DispatcherServlet        : Completed initialization in 2 ms
2026-05-08T22:34:35.698+05:30  INFO 13023 --- [service-registry] [nio-8761-exec-2] c.n.e.registry.AbstractInstanceRegistry  : Registered instance USER-SERVICE/user-service:8081 with status UP (replication=false)
2026-05-08T22:34:36.866+05:30  INFO 13023 --- [service-registry] [nio-8761-exec-4] c.n.e.registry.AbstractInstanceRegistry  : Registered instance TUTOR-SERVICE/tutor-service:8082 with status UP (replication=false)
2026-05-08T22:34:37.484+05:30  INFO 13023 --- [service-registry] [nio-8761-exec-6] c.n.e.registry.AbstractInstanceRegistry  : Registered instance SESSION-SERVICE/session-service:8083 with status UP (replication=false)
2026-05-08T22:34:38.217+05:30  INFO 13023 --- [service-registry] [nio-8761-exec-8] c.n.e.registry.AbstractInstanceRegistry  : Registered instance BOOKING-SERVICE/booking-service:8084 with status UP (replication=false)
2026-05-08T22:35:03.896+05:30  INFO 13023 --- [service-registry] [nio-8761-exec-2] c.n.e.registry.AbstractInstanceRegistry  : Registered instance API-GATEWAY/192.168.0.110:api-gateway:8080 with status UP (replication=false)
2026-05-08T22:35:05.381+05:30  INFO 13023 --- [service-registry] [a-EvictionTimer] c.n.e.registry.AbstractInstanceRegistry  : Running the evict task with compensationTime 0ms
2026-05-08T22:36:05.385+05:30  INFO 13023 --- [service-registry] [a-EvictionTimer] c.n.e.registry.AbstractInstanceRegistry  : Running the evict task with compensationTime 2ms
2026-05-08T22:37:05.391+05:30  INFO 13023 --- [service-registry] [a-EvictionTimer] c.n.e.registry.AbstractInstanceRegistry  : Running the evict task with compensationTime 5ms
2026-05-08T22:38:05.397+05:30  INFO 13023 --- [service-registry] [a-EvictionTimer] c.n.e.registry.AbstractInstanceRegistry  : Running the evict task with compensationTime 4ms
2026-05-08T22:39:05.403+05:30  INFO 13023 --- [service-registry] [a-EvictionTimer] c.n.e.registry.AbstractInstanceRegistry  : Running the evict task with compensationTime 5ms
2026-05-08T22:40:05.408+05:30  INFO 13023 --- [service-registry] [a-EvictionTimer] c.n.e.registry.AbstractInstanceRegistry  : Running the evict task with compensationTime 3ms
2026-05-08T22:41:05.414+05:30  INFO 13023 --- [service-registry] [a-EvictionTimer] c.n.e.registry.AbstractInstanceRegistry  : Running the evict task with compensationTime 5ms
2026-05-08T22:42:05.420+05:30  INFO 13023 --- [service-registry] [a-EvictionTimer] c.n.e.registry.AbstractInstanceRegistry  : Running the evict task with compensationTime 5ms
2026-05-08T22:43:05.425+05:30  INFO 13023 --- [service-registry] [a-EvictionTimer] c.n.e.registry.AbstractInstanceRegistry  : Running the evict task with compensationTime 3ms
2026-05-08T22:44:05.256+05:30  WARN 13023 --- [service-registry] [eerNodesUpdater] c.n.eureka.cluster.PeerEurekaNodes       : The replica size seems to be empty. Check the route 53 DNS Registry
2026-05-08T22:44:05.430+05:30  INFO 13023 --- [service-registry] [a-EvictionTimer] c.n.e.registry.AbstractInstanceRegistry  : Running the evict task with compensationTime 3ms
2026-05-08T22:45:05.433+05:30  INFO 13023 --- [service-registry] [a-EvictionTimer] c.n.e.registry.AbstractInstanceRegistry  : Running the evict task with compensationTime 2ms
2026-05-08T22:46:05.439+05:30  INFO 13023 --- [service-registry] [a-EvictionTimer] c.n.e.registry.AbstractInstanceRegistry  : Running the evict task with compensationTime 4ms
2026-05-08T22:46:05.705+05:30  INFO 13023 --- [service-registry] [nio-8761-exec-7] c.n.e.registry.AbstractInstanceRegistry  : Registered instance BOOKING-SERVICE/booking-service:8084 with status UP (replication=false)
2026-05-08T22:47:05.444+05:30  INFO 13023 --- [service-registry] [a-EvictionTimer] c.n.e.registry.AbstractInstanceRegistry  : Running the evict task with compensationTime 4ms
2026-05-08T22:48:05.451+05:30  INFO 13023 --- [service-registry] [a-EvictionTimer] c.n.e.registry.AbstractInstanceRegistry  : Running the evict task with compensationTime 5ms
2026-05-08T22:49:05.331+05:30  INFO 13023 --- [service-registry] [hresholdUpdater] c.n.e.r.PeerAwareInstanceRegistryImpl    : Current renewal threshold is : 0
2026-05-08T22:49:05.453+05:30  INFO 13023 --- [service-registry] [a-EvictionTimer] c.n.e.registry.AbstractInstanceRegistry  : Running the evict task with compensationTime 2ms
2026-05-08T22:49:33.219+05:30  INFO 13023 --- [service-registry] [nio-8761-exec-7] c.n.e.registry.AbstractInstanceRegistry  : Registered instance TUTOR-SERVICE/tutor-service:8082 with status UP (replication=false)
2026-05-08T22:50:05.459+05:30  INFO 13023 --- [service-registry] [a-EvictionTimer] c.n.e.registry.AbstractInstanceRegistry  : Running the evict task with compensationTime 4ms
2026-05-08T22:51:05.465+05:30  INFO 13023 --- [service-registry] [a-EvictionTimer] c.n.e.registry.AbstractInstanceRegistry  : Running the evict task with compensationTime 4ms
2026-05-08T22:52:05.465+05:30  INFO 13023 --- [service-registry] [a-EvictionTimer] c.n.e.registry.AbstractInstanceRegistry  : Running the evict task with compensationTime 0ms
2026-05-08T22:53:05.471+05:30  INFO 13023 --- [service-registry] [a-EvictionTimer] c.n.e.registry.AbstractInstanceRegistry  : Running the evict task with compensationTime 5ms
2026-05-08T22:54:05.270+05:30  WARN 13023 --- [service-registry] [eerNodesUpdater] c.n.eureka.cluster.PeerEurekaNodes       : The replica size seems to be empty. Check the route 53 DNS Registry
2026-05-08T22:54:05.477+05:30  INFO 13023 --- [service-registry] [a-EvictionTimer] c.n.e.registry.AbstractInstanceRegistry  : Running the evict task with compensationTime 5ms
2026-05-08T22:55:05.482+05:30  INFO 13023 --- [service-registry] [a-EvictionTimer] c.n.e.registry.AbstractInstanceRegistry  : Running the evict task with compensationTime 4ms
2026-05-08T22:56:05.488+05:30  INFO 13023 --- [service-registry] [a-EvictionTimer] c.n.e.registry.AbstractInstanceRegistry  : Running the evict task with compensationTime 4ms
2026-05-08T22:57:05.495+05:30  INFO 13023 --- [service-registry] [a-EvictionTimer] c.n.e.registry.AbstractInstanceRegistry  : Running the evict task with compensationTime 5ms
2026-05-08T22:58:05.500+05:30  INFO 13023 --- [service-registry] [a-EvictionTimer] c.n.e.registry.AbstractInstanceRegistry  : Running the evict task with compensationTime 5ms
2026-05-08T22:59:05.502+05:30  INFO 13023 --- [service-registry] [a-EvictionTimer] c.n.e.registry.AbstractInstanceRegistry  : Running the evict task with compensationTime 0ms
2026-05-08T23:00:05.507+05:30  INFO 13023 --- [service-registry] [a-EvictionTimer] c.n.e.registry.AbstractInstanceRegistry  : Running the evict task with compensationTime 4ms
2026-05-08T23:01:05.513+05:30  INFO 13023 --- [service-registry] [a-EvictionTimer] c.n.e.registry.AbstractInstanceRegistry  : Running the evict task with compensationTime 5ms
2026-05-08T23:01:29.643+05:30  INFO 13023 --- [service-registry] [nio-8761-exec-7] c.n.e.registry.AbstractInstanceRegistry  : Registered instance TUTOR-SERVICE/tutor-service:8082 with status UP (replication=false)
2026-05-08T23:02:05.515+05:30  INFO 13023 --- [service-registry] [a-EvictionTimer] c.n.e.registry.AbstractInstanceRegistry  : Running the evict task with compensationTime 1ms
2026-05-08T23:03:05.519+05:30  INFO 13023 --- [service-registry] [a-EvictionTimer] c.n.e.registry.AbstractInstanceRegistry  : Running the evict task with compensationTime 3ms
2026-05-08T23:04:05.286+05:30  WARN 13023 --- [service-registry] [eerNodesUpdater] c.n.eureka.cluster.PeerEurekaNodes       : The replica size seems to be empty. Check the route 53 DNS Registry
2026-05-08T23:04:05.347+05:30  INFO 13023 --- [service-registry] [hresholdUpdater] c.n.e.r.PeerAwareInstanceRegistryImpl    : Current renewal threshold is : 0
2026-05-08T23:04:05.523+05:30  INFO 13023 --- [service-registry] [a-EvictionTimer] c.n.e.registry.AbstractInstanceRegistry  : Running the evict task with compensationTime 3ms
2026-05-08T23:05:05.526+05:30  INFO 13023 --- [service-registry] [a-EvictionTimer] c.n.e.registry.AbstractInstanceRegistry  : Running the evict task with compensationTime 20ms
2026-05-08T23:06:05.532+05:30  INFO 13023 --- [service-registry] [a-EvictionTimer] c.n.e.registry.AbstractInstanceRegistry  : Running the evict task with compensationTime 5ms
2026-05-08T23:07:05.536+05:30  INFO 13023 --- [service-registry] [a-EvictionTimer] c.n.e.registry.AbstractInstanceRegistry  : Running the evict task with compensationTime 3ms
2026-05-08T23:08:05.539+05:30  INFO 13023 --- [service-registry] [a-EvictionTimer] c.n.e.registry.AbstractInstanceRegistry  : Running the evict task with compensationTime 2ms
2026-05-08T23:09:05.542+05:30  INFO 13023 --- [service-registry] [a-EvictionTimer] c.n.e.registry.AbstractInstanceRegistry  : Running the evict task with compensationTime 1ms
2026-05-08T23:10:05.546+05:30  INFO 13023 --- [service-registry] [a-EvictionTimer] c.n.e.registry.AbstractInstanceRegistry  : Running the evict task with compensationTime 4ms
2026-05-08T23:11:05.551+05:30  INFO 13023 --- [service-registry] [a-EvictionTimer] c.n.e.registry.AbstractInstanceRegistry  : Running the evict task with compensationTime 3ms
2026-05-08T23:12:05.556+05:30  INFO 13023 --- [service-registry] [a-EvictionTimer] c.n.e.registry.AbstractInstanceRegistry  : Running the evict task with compensationTime 5ms
2026-05-08T23:13:05.558+05:30  INFO 13023 --- [service-registry] [a-EvictionTimer] c.n.e.registry.AbstractInstanceRegistry  : Running the evict task with compensationTime 0ms
2026-05-08T23:14:05.280+05:30  WARN 13023 --- [service-registry] [eerNodesUpdater] c.n.eureka.cluster.PeerEurekaNodes       : The replica size seems to be empty. Check the route 53 DNS Registry
2026-05-08T23:14:05.558+05:30  INFO 13023 --- [service-registry] [a-EvictionTimer] c.n.e.registry.AbstractInstanceRegistry  : Running the evict task with compensationTime 0ms
2026-05-08T23:15:05.558+05:30  INFO 13023 --- [service-registry] [a-EvictionTimer] c.n.e.registry.AbstractInstanceRegistry  : Running the evict task with compensationTime 0ms
2026-05-08T23:16:05.564+05:30  INFO 13023 --- [service-registry] [a-EvictionTimer] c.n.e.registry.AbstractInstanceRegistry  : Running the evict task with compensationTime 4ms
2026-05-08T23:17:05.565+05:30  INFO 13023 --- [service-registry] [a-EvictionTimer] c.n.e.registry.AbstractInstanceRegistry  : Running the evict task with compensationTime 0ms
2026-05-08T23:18:05.568+05:30  INFO 13023 --- [service-registry] [a-EvictionTimer] c.n.e.registry.AbstractInstanceRegistry  : Running the evict task with compensationTime 2ms
2026-05-08T23:19:05.349+05:30  INFO 13023 --- [service-registry] [hresholdUpdater] c.n.e.r.PeerAwareInstanceRegistryImpl    : Current renewal threshold is : 0
2026-05-08T23:19:05.573+05:30  INFO 13023 --- [service-registry] [a-EvictionTimer] c.n.e.registry.AbstractInstanceRegistry  : Running the evict task with compensationTime 4ms
2026-05-08T23:20:05.576+05:30  INFO 13023 --- [service-registry] [a-EvictionTimer] c.n.e.registry.AbstractInstanceRegistry  : Running the evict task with compensationTime 1ms
2026-05-08T23:21:05.582+05:30  INFO 13023 --- [service-registry] [a-EvictionTimer] c.n.e.registry.AbstractInstanceRegistry  : Running the evict task with compensationTime 5ms
2026-05-08T23:22:05.588+05:30  INFO 13023 --- [service-registry] [a-EvictionTimer] c.n.e.registry.AbstractInstanceRegistry  : Running the evict task with compensationTime 5ms
2026-05-08T23:22:05.588+05:30  INFO 13023 --- [service-registry] [a-EvictionTimer] c.n.e.registry.AbstractInstanceRegistry  : Evicting 1 items (expired=1, evictionLimit=1)
2026-05-08T23:22:05.588+05:30  WARN 13023 --- [service-registry] [a-EvictionTimer] c.n.e.registry.AbstractInstanceRegistry  : DS: Registry: expired lease for SESSION-SERVICE/session-service:8083
2026-05-08T23:22:05.590+05:30  INFO 13023 --- [service-registry] [a-EvictionTimer] c.n.e.registry.AbstractInstanceRegistry  : Cancelled instance SESSION-SERVICE/session-service:8083 (replication=false)
2026-05-08T23:22:34.981+05:30  INFO 13023 --- [service-registry] [nio-8761-exec-5] c.n.e.registry.AbstractInstanceRegistry  : Registered instance API-GATEWAY/192.168.0.110:api-gateway:8080 with status UP (replication=false)
2026-05-08T23:22:37.264+05:30  INFO 13023 --- [service-registry] [nio-8761-exec-4] c.n.e.registry.AbstractInstanceRegistry  : Registered instance API-GATEWAY/192.168.0.110:api-gateway:8080 with status DOWN (replication=false)
2026-05-08T23:22:37.272+05:30  INFO 13023 --- [service-registry] [nio-8761-exec-6] c.n.e.registry.AbstractInstanceRegistry  : Cancelled instance API-GATEWAY/192.168.0.110:api-gateway:8080 (replication=false)
2026-05-08T23:22:48.303+05:30  INFO 13023 --- [service-registry] [nio-8761-exec-7] c.n.e.registry.AbstractInstanceRegistry  : Registered instance USER-SERVICE/user-service:8081 with status DOWN (replication=false)
2026-05-08T23:22:48.309+05:30  INFO 13023 --- [service-registry] [nio-8761-exec-8] c.n.e.registry.AbstractInstanceRegistry  : Registered instance USER-SERVICE/user-service:8081 with status DOWN (replication=false)
2026-05-08T23:22:48.319+05:30  INFO 13023 --- [service-registry] [nio-8761-exec-9] c.n.e.registry.AbstractInstanceRegistry  : Cancelled instance USER-SERVICE/user-service:8081 (replication=false)
2026-05-08T23:22:48.467+05:30  INFO 13023 --- [service-registry] [nio-8761-exec-6] c.n.e.registry.AbstractInstanceRegistry  : Registered instance SESSION-SERVICE/session-service:8083 with status UP (replication=false)
2026-05-08T23:22:48.822+05:30  INFO 13023 --- [service-registry] [nio-8761-exec-1] c.n.e.registry.AbstractInstanceRegistry  : Registered instance TUTOR-SERVICE/tutor-service:8082 with status DOWN (replication=false)
2026-05-08T23:22:48.830+05:30  INFO 13023 --- [service-registry] [nio-8761-exec-5] c.n.e.registry.AbstractInstanceRegistry  : Registered instance TUTOR-SERVICE/tutor-service:8082 with status DOWN (replication=false)
2026-05-08T23:22:48.840+05:30  INFO 13023 --- [service-registry] [nio-8761-exec-7] c.n.e.registry.AbstractInstanceRegistry  : Cancelled instance TUTOR-SERVICE/tutor-service:8082 (replication=false)
2026-05-08T23:22:48.966+05:30  INFO 13023 --- [service-registry] [nio-8761-exec-4] c.n.e.registry.AbstractInstanceRegistry  : Registered instance BOOKING-SERVICE/booking-service:8084 with status DOWN (replication=false)
2026-05-08T23:22:48.970+05:30  INFO 13023 --- [service-registry] [nio-8761-exec-3] c.n.e.registry.AbstractInstanceRegistry  : Registered instance BOOKING-SERVICE/booking-service:8084 with status DOWN (replication=false)
2026-05-08T23:22:48.975+05:30  INFO 13023 --- [service-registry] [nio-8761-exec-6] c.n.e.registry.AbstractInstanceRegistry  : Cancelled instance BOOKING-SERVICE/booking-service:8084 (replication=false)
2026-05-08T23:22:59.954+05:30  WARN 13023 --- [service-registry] [nio-8761-exec-5] c.n.e.registry.AbstractInstanceRegistry  : DS: Registry: lease doesn't exist, registering resource: TUTOR-SERVICE - tutor-service:8082
2026-05-08T23:22:59.955+05:30  WARN 13023 --- [service-registry] [nio-8761-exec-5] c.n.eureka.resources.InstanceResource    : Not Found (Renew): TUTOR-SERVICE - tutor-service:8082
2026-05-08T23:22:59.978+05:30  INFO 13023 --- [service-registry] [nio-8761-exec-8] c.n.e.registry.AbstractInstanceRegistry  : Registered instance TUTOR-SERVICE/tutor-service:8082 with status UP (replication=false)
2026-05-08T23:23:04.992+05:30  WARN 13023 --- [service-registry] [nio-8761-exec-9] c.n.e.registry.AbstractInstanceRegistry  : DS: Registry: lease doesn't exist, registering resource: API-GATEWAY - 192.168.0.110:api-gateway:8080
2026-05-08T23:23:04.996+05:30  WARN 13023 --- [service-registry] [nio-8761-exec-9] c.n.eureka.resources.InstanceResource    : Not Found (Renew): API-GATEWAY - 192.168.0.110:api-gateway:8080
2026-05-08T23:23:05.027+05:30  INFO 13023 --- [service-registry] [io-8761-exec-10] c.n.e.registry.AbstractInstanceRegistry  : Registered instance API-GATEWAY/192.168.0.110:api-gateway:8080 with status UP (replication=false)
2026-05-08T23:23:05.589+05:30  INFO 13023 --- [service-registry] [a-EvictionTimer] c.n.e.registry.AbstractInstanceRegistry  : Running the evict task with compensationTime 0ms
2026-05-08T23:23:06.471+05:30  WARN 13023 --- [service-registry] [nio-8761-exec-6] c.n.e.registry.AbstractInstanceRegistry  : DS: Registry: lease doesn't exist, registering resource: BOOKING-SERVICE - booking-service:8084
2026-05-08T23:23:06.471+05:30  WARN 13023 --- [service-registry] [nio-8761-exec-6] c.n.eureka.resources.InstanceResource    : Not Found (Renew): BOOKING-SERVICE - booking-service:8084
2026-05-08T23:23:06.483+05:30  INFO 13023 --- [service-registry] [nio-8761-exec-2] c.n.e.registry.AbstractInstanceRegistry  : Registered instance BOOKING-SERVICE/booking-service:8084 with status UP (replication=false)
2026-05-08T23:23:06.691+05:30  WARN 13023 --- [service-registry] [nio-8761-exec-5] c.n.e.registry.AbstractInstanceRegistry  : DS: Registry: lease doesn't exist, registering resource: USER-SERVICE - user-service:8081
2026-05-08T23:23:06.691+05:30  WARN 13023 --- [service-registry] [nio-8761-exec-5] c.n.eureka.resources.InstanceResource    : Not Found (Renew): USER-SERVICE - user-service:8081
2026-05-08T23:23:06.708+05:30  INFO 13023 --- [service-registry] [nio-8761-exec-8] c.n.e.registry.AbstractInstanceRegistry  : Registered instance USER-SERVICE/user-service:8081 with status UP (replication=false)
2026-05-08T23:24:05.294+05:30  WARN 13023 --- [service-registry] [eerNodesUpdater] c.n.eureka.cluster.PeerEurekaNodes       : The replica size seems to be empty. Check the route 53 DNS Registry
2026-05-08T23:24:05.592+05:30  INFO 13023 --- [service-registry] [a-EvictionTimer] c.n.e.registry.AbstractInstanceRegistry  : Running the evict task with compensationTime 1ms
2026-05-08T23:25:05.596+05:30  INFO 13023 --- [service-registry] [a-EvictionTimer] c.n.e.registry.AbstractInstanceRegistry  : Running the evict task with compensationTime 4ms
2026-05-08T23:26:05.598+05:30  INFO 13023 --- [service-registry] [a-EvictionTimer] c.n.e.registry.AbstractInstanceRegistry  : Running the evict task with compensationTime 1ms
2026-05-08T23:27:05.602+05:30  INFO 13023 --- [service-registry] [a-EvictionTimer] c.n.e.registry.AbstractInstanceRegistry  : Running the evict task with compensationTime 2ms
2026-05-08T23:28:05.608+05:30  INFO 13023 --- [service-registry] [a-EvictionTimer] c.n.e.registry.AbstractInstanceRegistry  : Running the evict task with compensationTime 5ms
2026-05-08T23:29:05.614+05:30  INFO 13023 --- [service-registry] [a-EvictionTimer] c.n.e.registry.AbstractInstanceRegistry  : Running the evict task with compensationTime 5ms
2026-05-08T23:30:05.615+05:30  INFO 13023 --- [service-registry] [a-EvictionTimer] c.n.e.registry.AbstractInstanceRegistry  : Running the evict task with compensationTime 1ms
2026-05-08T23:30:24.655+05:30  INFO 13023 --- [service-registry] [nio-8761-exec-6] c.n.e.registry.AbstractInstanceRegistry  : Registered instance TUTOR-SERVICE/tutor-service:8082 with status UP (replication=false)
2026-05-08T23:31:05.617+05:30  INFO 13023 --- [service-registry] [a-EvictionTimer] c.n.e.registry.AbstractInstanceRegistry  : Running the evict task with compensationTime 0ms
2026-05-08T23:32:05.622+05:30  INFO 13023 --- [service-registry] [a-EvictionTimer] c.n.e.registry.AbstractInstanceRegistry  : Running the evict task with compensationTime 5ms
2026-05-08T23:33:05.628+05:30  INFO 13023 --- [service-registry] [a-EvictionTimer] c.n.e.registry.AbstractInstanceRegistry  : Running the evict task with compensationTime 5ms
2026-05-08T23:33:52.457+05:30  INFO 13023 --- [service-registry] [nio-8761-exec-7] c.n.e.registry.AbstractInstanceRegistry  : Registered instance USER-SERVICE/user-service:8081 with status UP (replication=false)
2026-05-08T23:34:05.307+05:30  WARN 13023 --- [service-registry] [eerNodesUpdater] c.n.eureka.cluster.PeerEurekaNodes       : The replica size seems to be empty. Check the route 53 DNS Registry
2026-05-08T23:34:05.360+05:30  INFO 13023 --- [service-registry] [hresholdUpdater] c.n.e.r.PeerAwareInstanceRegistryImpl    : Current renewal threshold is : 0
2026-05-08T23:34:05.633+05:30  INFO 13023 --- [service-registry] [a-EvictionTimer] c.n.e.registry.AbstractInstanceRegistry  : Running the evict task with compensationTime 4ms
2026-05-08T23:35:05.639+05:30  INFO 13023 --- [service-registry] [a-EvictionTimer] c.n.e.registry.AbstractInstanceRegistry  : Running the evict task with compensationTime 4ms
2026-05-08T23:36:05.646+05:30  INFO 13023 --- [service-registry] [a-EvictionTimer] c.n.e.registry.AbstractInstanceRegistry  : Running the evict task with compensationTime 4ms
2026-05-08T23:37:05.652+05:30  INFO 13023 --- [service-registry] [a-EvictionTimer] c.n.e.registry.AbstractInstanceRegistry  : Running the evict task with compensationTime 5ms
2026-05-08T23:38:05.657+05:30  INFO 13023 --- [service-registry] [a-EvictionTimer] c.n.e.registry.AbstractInstanceRegistry  : Running the evict task with compensationTime 5ms
2026-05-08T23:39:05.663+05:30  INFO 13023 --- [service-registry] [a-EvictionTimer] c.n.e.registry.AbstractInstanceRegistry  : Running the evict task with compensationTime 4ms
2026-05-08T23:40:05.668+05:30  INFO 13023 --- [service-registry] [a-EvictionTimer] c.n.e.registry.AbstractInstanceRegistry  : Running the evict task with compensationTime 4ms
2026-05-08T23:41:05.673+05:30  INFO 13023 --- [service-registry] [a-EvictionTimer] c.n.e.registry.AbstractInstanceRegistry  : Running the evict task with compensationTime 4ms
2026-05-08T23:42:05.674+05:30  INFO 13023 --- [service-registry] [a-EvictionTimer] c.n.e.registry.AbstractInstanceRegistry  : Running the evict task with compensationTime 0ms
2026-05-08T23:43:05.679+05:30  INFO 13023 --- [service-registry] [a-EvictionTimer] c.n.e.registry.AbstractInstanceRegistry  : Running the evict task with compensationTime 5ms
2026-05-08T23:44:05.328+05:30  WARN 13023 --- [service-registry] [eerNodesUpdater] c.n.eureka.cluster.PeerEurekaNodes       : The replica size seems to be empty. Check the route 53 DNS Registry
2026-05-08T23:44:05.685+05:30  INFO 13023 --- [service-registry] [a-EvictionTimer] c.n.e.registry.AbstractInstanceRegistry  : Running the evict task with compensationTime 4ms
2026-05-08T23:45:05.691+05:30  INFO 13023 --- [service-registry] [a-EvictionTimer] c.n.e.registry.AbstractInstanceRegistry  : Running the evict task with compensationTime 5ms
2026-05-08T23:46:05.697+05:30  INFO 13023 --- [service-registry] [a-EvictionTimer] c.n.e.registry.AbstractInstanceRegistry  : Running the evict task with compensationTime 4ms
2026-05-08T23:47:05.701+05:30  INFO 13023 --- [service-registry] [a-EvictionTimer] c.n.e.registry.AbstractInstanceRegistry  : Running the evict task with compensationTime 4ms
2026-05-08T23:48:05.706+05:30  INFO 13023 --- [service-registry] [a-EvictionTimer] c.n.e.registry.AbstractInstanceRegistry  : Running the evict task with compensationTime 4ms
2026-05-08T23:49:05.377+05:30  INFO 13023 --- [service-registry] [hresholdUpdater] c.n.e.r.PeerAwareInstanceRegistryImpl    : Current renewal threshold is : 0
2026-05-08T23:49:05.712+05:30  INFO 13023 --- [service-registry] [a-EvictionTimer] c.n.e.registry.AbstractInstanceRegistry  : Running the evict task with compensationTime 4ms
2026-05-08T23:50:05.717+05:30  INFO 13023 --- [service-registry] [a-EvictionTimer] c.n.e.registry.AbstractInstanceRegistry  : Running the evict task with compensationTime 5ms
2026-05-08T23:51:05.721+05:30  INFO 13023 --- [service-registry] [a-EvictionTimer] c.n.e.registry.AbstractInstanceRegistry  : Running the evict task with compensationTime 2ms
2026-05-08T23:52:05.724+05:30  INFO 13023 --- [service-registry] [a-EvictionTimer] c.n.e.registry.AbstractInstanceRegistry  : Running the evict task with compensationTime 2ms
2026-05-08T23:53:05.730+05:30  INFO 13023 --- [service-registry] [a-EvictionTimer] c.n.e.registry.AbstractInstanceRegistry  : Running the evict task with compensationTime 5ms
2026-05-08T23:54:05.341+05:30  WARN 13023 --- [service-registry] [eerNodesUpdater] c.n.eureka.cluster.PeerEurekaNodes       : The replica size seems to be empty. Check the route 53 DNS Registry
2026-05-08T23:54:05.736+05:30  INFO 13023 --- [service-registry] [a-EvictionTimer] c.n.e.registry.AbstractInstanceRegistry  : Running the evict task with compensationTime 5ms
2026-05-08T23:55:05.739+05:30  INFO 13023 --- [service-registry] [a-EvictionTimer] c.n.e.registry.AbstractInstanceRegistry  : Running the evict task with compensationTime 2ms
2026-05-08T23:56:05.743+05:30  INFO 13023 --- [service-registry] [a-EvictionTimer] c.n.e.registry.AbstractInstanceRegistry  : Running the evict task with compensationTime 3ms
2026-05-08T23:57:05.749+05:30  INFO 13023 --- [service-registry] [a-EvictionTimer] c.n.e.registry.AbstractInstanceRegistry  : Running the evict task with compensationTime 5ms
2026-05-08T23:58:05.755+05:30  INFO 13023 --- [service-registry] [a-EvictionTimer] c.n.e.registry.AbstractInstanceRegistry  : Running the evict task with compensationTime 4ms
2026-05-08T23:59:05.761+05:30  INFO 13023 --- [service-registry] [a-EvictionTimer] c.n.e.registry.AbstractInstanceRegistry  : Running the evict task with compensationTime 5ms
2026-05-09T00:00:05.765+05:30  INFO 13023 --- [service-registry] [a-EvictionTimer] c.n.e.registry.AbstractInstanceRegistry  : Running the evict task with compensationTime 3ms
2026-05-09T00:01:05.767+05:30  INFO 13023 --- [service-registry] [a-EvictionTimer] c.n.e.registry.AbstractInstanceRegistry  : Running the evict task with compensationTime 1ms
2026-05-09T00:02:05.772+05:30  INFO 13023 --- [service-registry] [a-EvictionTimer] c.n.e.registry.AbstractInstanceRegistry  : Running the evict task with compensationTime 4ms
2026-05-09T00:03:05.774+05:30  INFO 13023 --- [service-registry] [a-EvictionTimer] c.n.e.registry.AbstractInstanceRegistry  : Running the evict task with compensationTime 0ms
2026-05-09T00:04:05.354+05:30  WARN 13023 --- [service-registry] [eerNodesUpdater] c.n.eureka.cluster.PeerEurekaNodes       : The replica size seems to be empty. Check the route 53 DNS Registry
2026-05-09T00:04:05.392+05:30  INFO 13023 --- [service-registry] [hresholdUpdater] c.n.e.r.PeerAwareInstanceRegistryImpl    : Current renewal threshold is : 0
2026-05-09T00:04:05.779+05:30  INFO 13023 --- [service-registry] [a-EvictionTimer] c.n.e.registry.AbstractInstanceRegistry  : Running the evict task with compensationTime 5ms
2026-05-09T00:05:05.782+05:30  INFO 13023 --- [service-registry] [a-EvictionTimer] c.n.e.registry.AbstractInstanceRegistry  : Running the evict task with compensationTime 1ms
2026-05-09T00:06:05.786+05:30  INFO 13023 --- [service-registry] [a-EvictionTimer] c.n.e.registry.AbstractInstanceRegistry  : Running the evict task with compensationTime 4ms
2026-05-09T00:07:05.792+05:30  INFO 13023 --- [service-registry] [a-EvictionTimer] c.n.e.registry.AbstractInstanceRegistry  : Running the evict task with compensationTime 5ms
2026-05-09T00:08:05.798+05:30  INFO 13023 --- [service-registry] [a-EvictionTimer] c.n.e.registry.AbstractInstanceRegistry  : Running the evict task with compensationTime 5ms
2026-05-09T00:09:05.804+05:30  INFO 13023 --- [service-registry] [a-EvictionTimer] c.n.e.registry.AbstractInstanceRegistry  : Running the evict task with compensationTime 5ms
2026-05-09T00:10:05.804+05:30  INFO 13023 --- [service-registry] [a-EvictionTimer] c.n.e.registry.AbstractInstanceRegistry  : Running the evict task with compensationTime 0ms
2026-05-09T00:11:05.810+05:30  INFO 13023 --- [service-registry] [a-EvictionTimer] c.n.e.registry.AbstractInstanceRegistry  : Running the evict task with compensationTime 5ms
2026-05-09T00:12:05.816+05:30  INFO 13023 --- [service-registry] [a-EvictionTimer] c.n.e.registry.AbstractInstanceRegistry  : Running the evict task with compensationTime 5ms
2026-05-09T00:13:05.823+05:30  INFO 13023 --- [service-registry] [a-EvictionTimer] c.n.e.registry.AbstractInstanceRegistry  : Running the evict task with compensationTime 5ms
2026-05-09T00:14:05.367+05:30  WARN 13023 --- [service-registry] [eerNodesUpdater] c.n.eureka.cluster.PeerEurekaNodes       : The replica size seems to be empty. Check the route 53 DNS Registry
2026-05-09T00:14:05.824+05:30  INFO 13023 --- [service-registry] [a-EvictionTimer] c.n.e.registry.AbstractInstanceRegistry  : Running the evict task with compensationTime 1ms
2026-05-09T00:15:05.826+05:30  INFO 13023 --- [service-registry] [a-EvictionTimer] c.n.e.registry.AbstractInstanceRegistry  : Running the evict task with compensationTime 0ms
2026-05-09T00:16:05.832+05:30  INFO 13023 --- [service-registry] [a-EvictionTimer] c.n.e.registry.AbstractInstanceRegistry  : Running the evict task with compensationTime 5ms
2026-05-09T00:17:05.833+05:30  INFO 13023 --- [service-registry] [a-EvictionTimer] c.n.e.registry.AbstractInstanceRegistry  : Running the evict task with compensationTime 0ms
2026-05-09T00:18:05.840+05:30  INFO 13023 --- [service-registry] [a-EvictionTimer] c.n.e.registry.AbstractInstanceRegistry  : Running the evict task with compensationTime 6ms
2026-05-09T00:19:05.406+05:30  INFO 13023 --- [service-registry] [hresholdUpdater] c.n.e.r.PeerAwareInstanceRegistryImpl    : Current renewal threshold is : 0
2026-05-09T00:19:05.845+05:30  INFO 13023 --- [service-registry] [a-EvictionTimer] c.n.e.registry.AbstractInstanceRegistry  : Running the evict task with compensationTime 4ms
2026-05-09T00:20:05.847+05:30  INFO 13023 --- [service-registry] [a-EvictionTimer] c.n.e.registry.AbstractInstanceRegistry  : Running the evict task with compensationTime 1ms
2026-05-09T00:21:05.849+05:30  INFO 13023 --- [service-registry] [a-EvictionTimer] c.n.e.registry.AbstractInstanceRegistry  : Running the evict task with compensationTime 0ms
2026-05-09T00:22:05.850+05:30  INFO 13023 --- [service-registry] [a-EvictionTimer] c.n.e.registry.AbstractInstanceRegistry  : Running the evict task with compensationTime 0ms
2026-05-09T00:23:05.854+05:30  INFO 13023 --- [service-registry] [a-EvictionTimer] c.n.e.registry.AbstractInstanceRegistry  : Running the evict task with compensationTime 4ms
2026-05-09T00:24:05.381+05:30  WARN 13023 --- [service-registry] [eerNodesUpdater] c.n.eureka.cluster.PeerEurekaNodes       : The replica size seems to be empty. Check the route 53 DNS Registry
2026-05-09T00:24:05.860+05:30  INFO 13023 --- [service-registry] [a-EvictionTimer] c.n.e.registry.AbstractInstanceRegistry  : Running the evict task with compensationTime 5ms
2026-05-09T00:25:05.862+05:30  INFO 13023 --- [service-registry] [a-EvictionTimer] c.n.e.registry.AbstractInstanceRegistry  : Running the evict task with compensationTime 1ms
2026-05-09T00:26:05.867+05:30  INFO 13023 --- [service-registry] [a-EvictionTimer] c.n.e.registry.AbstractInstanceRegistry  : Running the evict task with compensationTime 4ms
2026-05-09T00:27:05.870+05:30  INFO 13023 --- [service-registry] [a-EvictionTimer] c.n.e.registry.AbstractInstanceRegistry  : Running the evict task with compensationTime 4ms
2026-05-09T00:28:05.875+05:30  INFO 13023 --- [service-registry] [a-EvictionTimer] c.n.e.registry.AbstractInstanceRegistry  : Running the evict task with compensationTime 4ms
2026-05-09T00:29:05.877+05:30  INFO 13023 --- [service-registry] [a-EvictionTimer] c.n.e.registry.AbstractInstanceRegistry  : Running the evict task with compensationTime 1ms
2026-05-09T00:30:05.883+05:30  INFO 13023 --- [service-registry] [a-EvictionTimer] c.n.e.registry.AbstractInstanceRegistry  : Running the evict task with compensationTime 5ms
2026-05-09T00:31:05.889+05:30  INFO 13023 --- [service-registry] [a-EvictionTimer] c.n.e.registry.AbstractInstanceRegistry  : Running the evict task with compensationTime 5ms
2026-05-09T00:32:05.895+05:30  INFO 13023 --- [service-registry] [a-EvictionTimer] c.n.e.registry.AbstractInstanceRegistry  : Running the evict task with compensationTime 5ms
2026-05-09T00:33:05.901+05:30  INFO 13023 --- [service-registry] [a-EvictionTimer] c.n.e.registry.AbstractInstanceRegistry  : Running the evict task with compensationTime 6ms
2026-05-09T00:34:05.388+05:30  WARN 13023 --- [service-registry] [eerNodesUpdater] c.n.eureka.cluster.PeerEurekaNodes       : The replica size seems to be empty. Check the route 53 DNS Registry
2026-05-09T00:34:05.415+05:30  INFO 13023 --- [service-registry] [hresholdUpdater] c.n.e.r.PeerAwareInstanceRegistryImpl    : Current renewal threshold is : 0
2026-05-09T00:34:05.904+05:30  INFO 13023 --- [service-registry] [a-EvictionTimer] c.n.e.registry.AbstractInstanceRegistry  : Running the evict task with compensationTime 1ms
2026-05-09T00:35:05.910+05:30  INFO 13023 --- [service-registry] [a-EvictionTimer] c.n.e.registry.AbstractInstanceRegistry  : Running the evict task with compensationTime 5ms
2026-05-09T00:36:05.913+05:30  INFO 13023 --- [service-registry] [a-EvictionTimer] c.n.e.registry.AbstractInstanceRegistry  : Running the evict task with compensationTime 2ms
2026-05-09T00:37:05.916+05:30  INFO 13023 --- [service-registry] [a-EvictionTimer] c.n.e.registry.AbstractInstanceRegistry  : Running the evict task with compensationTime 1ms
2026-05-09T00:38:05.923+05:30  INFO 13023 --- [service-registry] [a-EvictionTimer] c.n.e.registry.AbstractInstanceRegistry  : Running the evict task with compensationTime 6ms
2026-05-09T00:39:05.924+05:30  INFO 13023 --- [service-registry] [a-EvictionTimer] c.n.e.registry.AbstractInstanceRegistry  : Running the evict task with compensationTime 0ms
2026-05-09T00:40:05.929+05:30  INFO 13023 --- [service-registry] [a-EvictionTimer] c.n.e.registry.AbstractInstanceRegistry  : Running the evict task with compensationTime 3ms
2026-05-09T00:41:05.934+05:30  INFO 13023 --- [service-registry] [a-EvictionTimer] c.n.e.registry.AbstractInstanceRegistry  : Running the evict task with compensationTime 5ms
2026-05-09T00:42:05.936+05:30  INFO 13023 --- [service-registry] [a-EvictionTimer] c.n.e.registry.AbstractInstanceRegistry  : Running the evict task with compensationTime 51ms
2026-05-09T00:43:05.941+05:30  INFO 13023 --- [service-registry] [a-EvictionTimer] c.n.e.registry.AbstractInstanceRegistry  : Running the evict task with compensationTime 4ms
2026-05-09T00:44:05.349+05:30  WARN 13023 --- [service-registry] [eerNodesUpdater] c.n.eureka.cluster.PeerEurekaNodes       : The replica size seems to be empty. Check the route 53 DNS Registry
2026-05-09T00:44:05.946+05:30  INFO 13023 --- [service-registry] [a-EvictionTimer] c.n.e.registry.AbstractInstanceRegistry  : Running the evict task with compensationTime 5ms
2026-05-09T00:45:05.952+05:30  INFO 13023 --- [service-registry] [a-EvictionTimer] c.n.e.registry.AbstractInstanceRegistry  : Running the evict task with compensationTime 5ms
2026-05-09T00:46:05.957+05:30  INFO 13023 --- [service-registry] [a-EvictionTimer] c.n.e.registry.AbstractInstanceRegistry  : Running the evict task with compensationTime 5ms
2026-05-09T00:47:05.962+05:30  INFO 13023 --- [service-registry] [a-EvictionTimer] c.n.e.registry.AbstractInstanceRegistry  : Running the evict task with compensationTime 4ms
2026-05-09T00:48:05.967+05:30  INFO 13023 --- [service-registry] [a-EvictionTimer] c.n.e.registry.AbstractInstanceRegistry  : Running the evict task with compensationTime 4ms
2026-05-09T00:49:05.416+05:30  INFO 13023 --- [service-registry] [hresholdUpdater] c.n.e.r.PeerAwareInstanceRegistryImpl    : Current renewal threshold is : 0
2026-05-09T00:49:05.973+05:30  INFO 13023 --- [service-registry] [a-EvictionTimer] c.n.e.registry.AbstractInstanceRegistry  : Running the evict task with compensationTime 5ms
2026-05-09T00:50:05.977+05:30  INFO 13023 --- [service-registry] [a-EvictionTimer] c.n.e.registry.AbstractInstanceRegistry  : Running the evict task with compensationTime 4ms
2026-05-09T00:51:05.983+05:30  INFO 13023 --- [service-registry] [a-EvictionTimer] c.n.e.registry.AbstractInstanceRegistry  : Running the evict task with compensationTime 5ms
2026-05-09T00:52:05.984+05:30  INFO 13023 --- [service-registry] [a-EvictionTimer] c.n.e.registry.AbstractInstanceRegistry  : Running the evict task with compensationTime 1ms
2026-05-09T00:53:05.990+05:30  INFO 13023 --- [service-registry] [a-EvictionTimer] c.n.e.registry.AbstractInstanceRegistry  : Running the evict task with compensationTime 5ms
2026-05-09T00:54:05.358+05:30  WARN 13023 --- [service-registry] [eerNodesUpdater] c.n.eureka.cluster.PeerEurekaNodes       : The replica size seems to be empty. Check the route 53 DNS Registry
2026-05-09T00:54:05.994+05:30  INFO 13023 --- [service-registry] [a-EvictionTimer] c.n.e.registry.AbstractInstanceRegistry  : Running the evict task with compensationTime 3ms
2026-05-09T00:55:05.999+05:30  INFO 13023 --- [service-registry] [a-EvictionTimer] c.n.e.registry.AbstractInstanceRegistry  : Running the evict task with compensationTime 5ms
2026-05-09T01:32:05.872+05:30  INFO 13023 --- [service-registry] [a-EvictionTimer] c.n.e.registry.AbstractInstanceRegistry  : Running the evict task with compensationTime 4ms
2026-05-09T01:32:05.874+05:30  INFO 13023 --- [service-registry] [a-EvictionTimer] c.n.e.registry.AbstractInstanceRegistry  : Evicting 1 items (expired=5, evictionLimit=1)
2026-05-09T01:32:05.874+05:30  WARN 13023 --- [service-registry] [a-EvictionTimer] c.n.e.registry.AbstractInstanceRegistry  : DS: Registry: expired lease for BOOKING-SERVICE/booking-service:8084
2026-05-09T01:32:05.875+05:30  INFO 13023 --- [service-registry] [a-EvictionTimer] c.n.e.registry.AbstractInstanceRegistry  : Cancelled instance BOOKING-SERVICE/booking-service:8084 (replication=false)
2026-05-09T01:32:08.020+05:30  WARN 13023 --- [service-registry] [nio-8761-exec-1] c.n.e.registry.AbstractInstanceRegistry  : DS: Registry: lease doesn't exist, registering resource: BOOKING-SERVICE - booking-service:8084
2026-05-09T01:32:08.020+05:30  WARN 13023 --- [service-registry] [nio-8761-exec-1] c.n.eureka.resources.InstanceResource    : Not Found (Renew): BOOKING-SERVICE - booking-service:8084
2026-05-09T01:32:08.066+05:30  INFO 13023 --- [service-registry] [nio-8761-exec-6] c.n.e.registry.AbstractInstanceRegistry  : Registered instance BOOKING-SERVICE/booking-service:8084 with status UP (replication=false)
2026-05-09T04:37:37.772+05:30  INFO 13023 --- [service-registry] [a-EvictionTimer] c.n.e.registry.AbstractInstanceRegistry  : Running the evict task with compensationTime 9ms
2026-05-09T04:37:37.773+05:30  INFO 13023 --- [service-registry] [a-EvictionTimer] c.n.e.registry.AbstractInstanceRegistry  : Evicting 1 items (expired=5, evictionLimit=1)
2026-05-09T04:37:37.773+05:30  WARN 13023 --- [service-registry] [a-EvictionTimer] c.n.e.registry.AbstractInstanceRegistry  : DS: Registry: expired lease for TUTOR-SERVICE/tutor-service:8082
2026-05-09T04:37:37.773+05:30  INFO 13023 --- [service-registry] [a-EvictionTimer] c.n.e.registry.AbstractInstanceRegistry  : Cancelled instance TUTOR-SERVICE/tutor-service:8082 (replication=false)
2026-05-09T05:20:19.336+05:30  WARN 13023 --- [service-registry] [nio-8761-exec-6] c.n.e.registry.AbstractInstanceRegistry  : DS: Registry: lease doesn't exist, registering resource: TUTOR-SERVICE - tutor-service:8082
2026-05-09T05:20:19.337+05:30  WARN 13023 --- [service-registry] [nio-8761-exec-6] c.n.eureka.resources.InstanceResource    : Not Found (Renew): TUTOR-SERVICE - tutor-service:8082
2026-05-09T05:20:19.360+05:30  INFO 13023 --- [service-registry] [nio-8761-exec-4] c.n.e.registry.AbstractInstanceRegistry  : Registered instance TUTOR-SERVICE/tutor-service:8082 with status UP (replication=false)
2026-05-09T07:04:16.315+05:30  INFO 13023 --- [service-registry] [a-EvictionTimer] c.n.e.registry.AbstractInstanceRegistry  : Running the evict task with compensationTime 10ms
2026-05-09T07:04:16.316+05:30  INFO 13023 --- [service-registry] [a-EvictionTimer] c.n.e.registry.AbstractInstanceRegistry  : Evicting 1 items (expired=5, evictionLimit=1)
2026-05-09T07:04:16.316+05:30  WARN 13023 --- [service-registry] [a-EvictionTimer] c.n.e.registry.AbstractInstanceRegistry  : DS: Registry: expired lease for USER-SERVICE/user-service:8081
2026-05-09T07:04:16.316+05:30  INFO 13023 --- [service-registry] [a-EvictionTimer] c.n.e.registry.AbstractInstanceRegistry  : Cancelled instance USER-SERVICE/user-service:8081 (replication=false)
2026-05-09T08:09:39.224+05:30  WARN 13023 --- [service-registry] [nio-8761-exec-5] c.n.e.registry.AbstractInstanceRegistry  : DS: Registry: lease doesn't exist, registering resource: USER-SERVICE - user-service:8081
2026-05-09T08:09:39.225+05:30  WARN 13023 --- [service-registry] [nio-8761-exec-5] c.n.eureka.resources.InstanceResource    : Not Found (Renew): USER-SERVICE - user-service:8081
2026-05-09T08:09:39.261+05:30  INFO 13023 --- [service-registry] [nio-8761-exec-3] c.n.e.registry.AbstractInstanceRegistry  : Registered instance USER-SERVICE/user-service:8081 with status UP (replication=false)
2026-05-09T09:49:04.252+05:30  INFO 13023 --- [service-registry] [a-EvictionTimer] c.n.e.registry.AbstractInstanceRegistry  : Running the evict task with compensationTime 6ms
2026-05-09T09:49:04.253+05:30  INFO 13023 --- [service-registry] [a-EvictionTimer] c.n.e.registry.AbstractInstanceRegistry  : Evicting 1 items (expired=5, evictionLimit=1)
2026-05-09T09:49:04.253+05:30  WARN 13023 --- [service-registry] [a-EvictionTimer] c.n.e.registry.AbstractInstanceRegistry  : DS: Registry: expired lease for USER-SERVICE/user-service:8081
2026-05-09T09:49:04.254+05:30  INFO 13023 --- [service-registry] [a-EvictionTimer] c.n.e.registry.AbstractInstanceRegistry  : Cancelled instance USER-SERVICE/user-service:8081 (replication=false)
2026-05-09T10:31:30.516+05:30  WARN 13023 --- [service-registry] [nio-8761-exec-1] c.n.e.registry.AbstractInstanceRegistry  : DS: Registry: lease doesn't exist, registering resource: USER-SERVICE - user-service:8081
2026-05-09T10:31:30.517+05:30  WARN 13023 --- [service-registry] [nio-8761-exec-1] c.n.eureka.resources.InstanceResource    : Not Found (Renew): USER-SERVICE - user-service:8081
2026-05-09T10:31:30.535+05:30  INFO 13023 --- [service-registry] [nio-8761-exec-2] c.n.e.registry.AbstractInstanceRegistry  : Registered instance USER-SERVICE/user-service:8081 with status UP (replication=false)
2026-05-09T10:32:12.273+05:30  INFO 13023 --- [service-registry] [a-EvictionTimer] c.n.e.registry.AbstractInstanceRegistry  : Running the evict task with compensationTime 9ms
2026-05-09T10:33:12.278+05:30  INFO 13023 --- [service-registry] [a-EvictionTimer] c.n.e.registry.AbstractInstanceRegistry  : Running the evict task with compensationTime 2ms
2026-05-09T10:34:12.284+05:30  INFO 13023 --- [service-registry] [a-EvictionTimer] c.n.e.registry.AbstractInstanceRegistry  : Running the evict task with compensationTime 4ms
2026-05-09T10:35:12.290+05:30  INFO 13023 --- [service-registry] [a-EvictionTimer] c.n.e.registry.AbstractInstanceRegistry  : Running the evict task with compensationTime 5ms
2026-05-09T10:36:11.603+05:30  WARN 13023 --- [service-registry] [eerNodesUpdater] c.n.eureka.cluster.PeerEurekaNodes       : The replica size seems to be empty. Check the route 53 DNS Registry
2026-05-09T10:36:11.658+05:30  INFO 13023 --- [service-registry] [hresholdUpdater] c.n.e.r.PeerAwareInstanceRegistryImpl    : Current renewal threshold is : 0
2026-05-09T10:36:12.296+05:30  INFO 13023 --- [service-registry] [a-EvictionTimer] c.n.e.registry.AbstractInstanceRegistry  : Running the evict task with compensationTime 4ms
2026-05-09T10:37:12.302+05:30  INFO 13023 --- [service-registry] [a-EvictionTimer] c.n.e.registry.AbstractInstanceRegistry  : Running the evict task with compensationTime 5ms
2026-05-09T10:38:12.307+05:30  INFO 13023 --- [service-registry] [a-EvictionTimer] c.n.e.registry.AbstractInstanceRegistry  : Running the evict task with compensationTime 3ms
2026-05-09T10:39:12.311+05:30  INFO 13023 --- [service-registry] [a-EvictionTimer] c.n.e.registry.AbstractInstanceRegistry  : Running the evict task with compensationTime 9ms
2026-05-09T10:40:12.321+05:30  INFO 13023 --- [service-registry] [a-EvictionTimer] c.n.e.registry.AbstractInstanceRegistry  : Running the evict task with compensationTime 10ms
2026-05-09T10:41:12.332+05:30  INFO 13023 --- [service-registry] [a-EvictionTimer] c.n.e.registry.AbstractInstanceRegistry  : Running the evict task with compensationTime 9ms
2026-05-09T10:42:12.338+05:30  INFO 13023 --- [service-registry] [a-EvictionTimer] c.n.e.registry.AbstractInstanceRegistry  : Running the evict task with compensationTime 5ms
2026-05-09T10:43:12.343+05:30  INFO 13023 --- [service-registry] [a-EvictionTimer] c.n.e.registry.AbstractInstanceRegistry  : Running the evict task with compensationTime 5ms
2026-05-09T10:44:12.345+05:30  INFO 13023 --- [service-registry] [a-EvictionTimer] c.n.e.registry.AbstractInstanceRegistry  : Running the evict task with compensationTime 0ms
2026-05-09T10:45:12.350+05:30  INFO 13023 --- [service-registry] [a-EvictionTimer] c.n.e.registry.AbstractInstanceRegistry  : Running the evict task with compensationTime 4ms
2026-05-09T10:46:11.610+05:30  WARN 13023 --- [service-registry] [eerNodesUpdater] c.n.eureka.cluster.PeerEurekaNodes       : The replica size seems to be empty. Check the route 53 DNS Registry
2026-05-09T10:46:12.351+05:30  INFO 13023 --- [service-registry] [a-EvictionTimer] c.n.e.registry.AbstractInstanceRegistry  : Running the evict task with compensationTime 0ms
2026-05-09T10:47:12.353+05:30  INFO 13023 --- [service-registry] [a-EvictionTimer] c.n.e.registry.AbstractInstanceRegistry  : Running the evict task with compensationTime 1ms
2026-05-09T10:48:12.359+05:30  INFO 13023 --- [service-registry] [a-EvictionTimer] c.n.e.registry.AbstractInstanceRegistry  : Running the evict task with compensationTime 5ms
2026-05-09T10:49:12.370+05:30  INFO 13023 --- [service-registry] [a-EvictionTimer] c.n.e.registry.AbstractInstanceRegistry  : Running the evict task with compensationTime 5ms
2026-05-09T10:50:12.369+05:30  INFO 13023 --- [service-registry] [a-EvictionTimer] c.n.e.registry.AbstractInstanceRegistry  : Running the evict task with compensationTime 3ms
2026-05-09T10:51:11.668+05:30  INFO 13023 --- [service-registry] [hresholdUpdater] c.n.e.r.PeerAwareInstanceRegistryImpl    : Current renewal threshold is : 0
2026-05-09T10:51:12.371+05:30  INFO 13023 --- [service-registry] [a-EvictionTimer] c.n.e.registry.AbstractInstanceRegistry  : Running the evict task with compensationTime 1ms
2026-05-09T10:52:12.377+05:30  INFO 13023 --- [service-registry] [a-EvictionTimer] c.n.e.registry.AbstractInstanceRegistry  : Running the evict task with compensationTime 4ms
2026-05-09T10:53:12.383+05:30  INFO 13023 --- [service-registry] [a-EvictionTimer] c.n.e.registry.AbstractInstanceRegistry  : Running the evict task with compensationTime 5ms
2026-05-09T10:54:12.388+05:30  INFO 13023 --- [service-registry] [a-EvictionTimer] c.n.e.registry.AbstractInstanceRegistry  : Running the evict task with compensationTime 4ms
2026-05-09T10:55:12.392+05:30  INFO 13023 --- [service-registry] [a-EvictionTimer] c.n.e.registry.AbstractInstanceRegistry  : Running the evict task with compensationTime 3ms
2026-05-09T10:56:11.625+05:30  WARN 13023 --- [service-registry] [eerNodesUpdater] c.n.eureka.cluster.PeerEurekaNodes       : The replica size seems to be empty. Check the route 53 DNS Registry
2026-05-09T10:56:12.393+05:30  INFO 13023 --- [service-registry] [a-EvictionTimer] c.n.e.registry.AbstractInstanceRegistry  : Running the evict task with compensationTime 0ms
2026-05-09T10:57:12.395+05:30  INFO 13023 --- [service-registry] [a-EvictionTimer] c.n.e.registry.AbstractInstanceRegistry  : Running the evict task with compensationTime 1ms
2026-05-09T10:58:12.399+05:30  INFO 13023 --- [service-registry] [a-EvictionTimer] c.n.e.registry.AbstractInstanceRegistry  : Running the evict task with compensationTime 3ms
2026-05-09T10:59:12.405+05:30  INFO 13023 --- [service-registry] [a-EvictionTimer] c.n.e.registry.AbstractInstanceRegistry  : Running the evict task with compensationTime 5ms
2026-05-09T11:00:12.410+05:30  INFO 13023 --- [service-registry] [a-EvictionTimer] c.n.e.registry.AbstractInstanceRegistry  : Running the evict task with compensationTime 5ms
2026-05-09T11:01:12.416+05:30  INFO 13023 --- [service-registry] [a-EvictionTimer] c.n.e.registry.AbstractInstanceRegistry  : Running the evict task with compensationTime 4ms
2026-05-09T11:02:12.421+05:30  INFO 13023 --- [service-registry] [a-EvictionTimer] c.n.e.registry.AbstractInstanceRegistry  : Running the evict task with compensationTime 4ms
2026-05-09T11:03:12.426+05:30  INFO 13023 --- [service-registry] [a-EvictionTimer] c.n.e.registry.AbstractInstanceRegistry  : Running the evict task with compensationTime 4ms
2026-05-09T11:04:12.431+05:30  INFO 13023 --- [service-registry] [a-EvictionTimer] c.n.e.registry.AbstractInstanceRegistry  : Running the evict task with compensationTime 5ms
2026-05-09T11:05:12.437+05:30  INFO 13023 --- [service-registry] [a-EvictionTimer] c.n.e.registry.AbstractInstanceRegistry  : Running the evict task with compensationTime 4ms
2026-05-09T11:06:11.640+05:30  WARN 13023 --- [service-registry] [eerNodesUpdater] c.n.eureka.cluster.PeerEurekaNodes       : The replica size seems to be empty. Check the route 53 DNS Registry
2026-05-09T11:06:11.683+05:30  INFO 13023 --- [service-registry] [hresholdUpdater] c.n.e.r.PeerAwareInstanceRegistryImpl    : Current renewal threshold is : 0
2026-05-09T11:06:12.440+05:30  INFO 13023 --- [service-registry] [a-EvictionTimer] c.n.e.registry.AbstractInstanceRegistry  : Running the evict task with compensationTime 2ms
2026-05-09T11:07:12.442+05:30  INFO 13023 --- [service-registry] [a-EvictionTimer] c.n.e.registry.AbstractInstanceRegistry  : Running the evict task with compensationTime 1ms
2026-05-09T11:08:12.447+05:30  INFO 13023 --- [service-registry] [a-EvictionTimer] c.n.e.registry.AbstractInstanceRegistry  : Running the evict task with compensationTime 4ms
2026-05-09T11:09:12.449+05:30  INFO 13023 --- [service-registry] [a-EvictionTimer] c.n.e.registry.AbstractInstanceRegistry  : Running the evict task with compensationTime 1ms
2026-05-09T11:10:12.469+05:30  INFO 13023 --- [service-registry] [a-EvictionTimer] c.n.e.registry.AbstractInstanceRegistry  : Running the evict task with compensationTime 2ms
2026-05-09T11:11:12.476+05:30  INFO 13023 --- [service-registry] [a-EvictionTimer] c.n.e.registry.AbstractInstanceRegistry  : Running the evict task with compensationTime 5ms
2026-05-09T11:12:12.482+05:30  INFO 13023 --- [service-registry] [a-EvictionTimer] c.n.e.registry.AbstractInstanceRegistry  : Running the evict task with compensationTime 5ms
2026-05-09T11:13:12.487+05:30  INFO 13023 --- [service-registry] [a-EvictionTimer] c.n.e.registry.AbstractInstanceRegistry  : Running the evict task with compensationTime 4ms
2026-05-09T11:14:12.493+05:30  INFO 13023 --- [service-registry] [a-EvictionTimer] c.n.e.registry.AbstractInstanceRegistry  : Running the evict task with compensationTime 5ms
2026-05-09T11:15:12.499+05:30  INFO 13023 --- [service-registry] [a-EvictionTimer] c.n.e.registry.AbstractInstanceRegistry  : Running the evict task with compensationTime 5ms
2026-05-09T11:16:11.669+05:30  WARN 13023 --- [service-registry] [eerNodesUpdater] c.n.eureka.cluster.PeerEurekaNodes       : The replica size seems to be empty. Check the route 53 DNS Registry
2026-05-09T11:16:12.505+05:30  INFO 13023 --- [service-registry] [a-EvictionTimer] c.n.e.registry.AbstractInstanceRegistry  : Running the evict task with compensationTime 5ms
2026-05-09T11:17:12.509+05:30  INFO 13023 --- [service-registry] [a-EvictionTimer] c.n.e.registry.AbstractInstanceRegistry  : Running the evict task with compensationTime 3ms
2026-05-09T11:18:12.513+05:30  INFO 13023 --- [service-registry] [a-EvictionTimer] c.n.e.registry.AbstractInstanceRegistry  : Running the evict task with compensationTime 3ms
2026-05-09T11:19:12.519+05:30  INFO 13023 --- [service-registry] [a-EvictionTimer] c.n.e.registry.AbstractInstanceRegistry  : Running the evict task with compensationTime 4ms
2026-05-09T11:20:12.522+05:30  INFO 13023 --- [service-registry] [a-EvictionTimer] c.n.e.registry.AbstractInstanceRegistry  : Running the evict task with compensationTime 2ms
2026-05-09T11:21:11.716+05:30  INFO 13023 --- [service-registry] [hresholdUpdater] c.n.e.r.PeerAwareInstanceRegistryImpl    : Current renewal threshold is : 0
2026-05-09T11:21:12.527+05:30  INFO 13023 --- [service-registry] [a-EvictionTimer] c.n.e.registry.AbstractInstanceRegistry  : Running the evict task with compensationTime 4ms
2026-05-09T11:22:12.531+05:30  INFO 13023 --- [service-registry] [a-EvictionTimer] c.n.e.registry.AbstractInstanceRegistry  : Running the evict task with compensationTime 2ms
2026-05-09T11:23:12.536+05:30  INFO 13023 --- [service-registry] [a-EvictionTimer] c.n.e.registry.AbstractInstanceRegistry  : Running the evict task with compensationTime 4ms
2026-05-09T11:24:12.541+05:30  INFO 13023 --- [service-registry] [a-EvictionTimer] c.n.e.registry.AbstractInstanceRegistry  : Running the evict task with compensationTime 4ms
2026-05-09T11:25:12.542+05:30  INFO 13023 --- [service-registry] [a-EvictionTimer] c.n.e.registry.AbstractInstanceRegistry  : Running the evict task with compensationTime 3ms
2026-05-09T11:26:11.680+05:30  WARN 13023 --- [service-registry] [eerNodesUpdater] c.n.eureka.cluster.PeerEurekaNodes       : The replica size seems to be empty. Check the route 53 DNS Registry
2026-05-09T11:26:12.547+05:30  INFO 13023 --- [service-registry] [a-EvictionTimer] c.n.e.registry.AbstractInstanceRegistry  : Running the evict task with compensationTime 4ms
2026-05-09T11:27:12.553+05:30  INFO 13023 --- [service-registry] [a-EvictionTimer] c.n.e.registry.AbstractInstanceRegistry  : Running the evict task with compensationTime 5ms
2026-05-09T11:28:12.559+05:30  INFO 13023 --- [service-registry] [a-EvictionTimer] c.n.e.registry.AbstractInstanceRegistry  : Running the evict task with compensationTime 5ms
2026-05-09T11:29:12.565+05:30  INFO 13023 --- [service-registry] [a-EvictionTimer] c.n.e.registry.AbstractInstanceRegistry  : Running the evict task with compensationTime 5ms
2026-05-09T11:30:12.571+05:30  INFO 13023 --- [service-registry] [a-EvictionTimer] c.n.e.registry.AbstractInstanceRegistry  : Running the evict task with compensationTime 4ms
2026-05-09T11:31:12.577+05:30  INFO 13023 --- [service-registry] [a-EvictionTimer] c.n.e.registry.AbstractInstanceRegistry  : Running the evict task with compensationTime 5ms
2026-05-09T11:32:12.582+05:30  INFO 13023 --- [service-registry] [a-EvictionTimer] c.n.e.registry.AbstractInstanceRegistry  : Running the evict task with compensationTime 4ms
2026-05-09T11:33:12.588+05:30  INFO 13023 --- [service-registry] [a-EvictionTimer] c.n.e.registry.AbstractInstanceRegistry  : Running the evict task with compensationTime 4ms
2026-05-09T11:34:12.593+05:30  INFO 13023 --- [service-registry] [a-EvictionTimer] c.n.e.registry.AbstractInstanceRegistry  : Running the evict task with compensationTime 4ms
2026-05-09T11:35:12.597+05:30  INFO 13023 --- [service-registry] [a-EvictionTimer] c.n.e.registry.AbstractInstanceRegistry  : Running the evict task with compensationTime 3ms
2026-05-09T11:36:11.695+05:30  WARN 13023 --- [service-registry] [eerNodesUpdater] c.n.eureka.cluster.PeerEurekaNodes       : The replica size seems to be empty. Check the route 53 DNS Registry
2026-05-09T11:36:11.727+05:30  INFO 13023 --- [service-registry] [hresholdUpdater] c.n.e.r.PeerAwareInstanceRegistryImpl    : Current renewal threshold is : 0
2026-05-09T11:36:12.603+05:30  INFO 13023 --- [service-registry] [a-EvictionTimer] c.n.e.registry.AbstractInstanceRegistry  : Running the evict task with compensationTime 4ms
2026-05-09T11:37:12.609+05:30  INFO 13023 --- [service-registry] [a-EvictionTimer] c.n.e.registry.AbstractInstanceRegistry  : Running the evict task with compensationTime 5ms
2026-05-09T11:38:12.615+05:30  INFO 13023 --- [service-registry] [a-EvictionTimer] c.n.e.registry.AbstractInstanceRegistry  : Running the evict task with compensationTime 5ms
2026-05-09T11:39:12.621+05:30  INFO 13023 --- [service-registry] [a-EvictionTimer] c.n.e.registry.AbstractInstanceRegistry  : Running the evict task with compensationTime 4ms
2026-05-09T11:40:12.624+05:30  INFO 13023 --- [service-registry] [a-EvictionTimer] c.n.e.registry.AbstractInstanceRegistry  : Running the evict task with compensationTime 23ms
2026-05-09T11:41:12.625+05:30  INFO 13023 --- [service-registry] [a-EvictionTimer] c.n.e.registry.AbstractInstanceRegistry  : Running the evict task with compensationTime 11ms
2026-05-09T11:42:12.630+05:30  INFO 13023 --- [service-registry] [a-EvictionTimer] c.n.e.registry.AbstractInstanceRegistry  : Running the evict task with compensationTime 4ms
2026-05-09T11:43:12.633+05:30  INFO 13023 --- [service-registry] [a-EvictionTimer] c.n.e.registry.AbstractInstanceRegistry  : Running the evict task with compensationTime 2ms
2026-05-09T11:44:12.639+05:30  INFO 13023 --- [service-registry] [a-EvictionTimer] c.n.e.registry.AbstractInstanceRegistry  : Running the evict task with compensationTime 4ms
2026-05-09T11:45:12.640+05:30  INFO 13023 --- [service-registry] [a-EvictionTimer] c.n.e.registry.AbstractInstanceRegistry  : Running the evict task with compensationTime 0ms
2026-05-09T11:46:11.675+05:30  WARN 13023 --- [service-registry] [eerNodesUpdater] c.n.eureka.cluster.PeerEurekaNodes       : The replica size seems to be empty. Check the route 53 DNS Registry
2026-05-09T11:46:12.644+05:30  INFO 13023 --- [service-registry] [a-EvictionTimer] c.n.e.registry.AbstractInstanceRegistry  : Running the evict task with compensationTime 3ms
2026-05-09T11:47:12.650+05:30  INFO 13023 --- [service-registry] [a-EvictionTimer] c.n.e.registry.AbstractInstanceRegistry  : Running the evict task with compensationTime 5ms
2026-05-09T11:48:12.655+05:30  INFO 13023 --- [service-registry] [a-EvictionTimer] c.n.e.registry.AbstractInstanceRegistry  : Running the evict task with compensationTime 5ms
2026-05-09T11:49:12.660+05:30  INFO 13023 --- [service-registry] [a-EvictionTimer] c.n.e.registry.AbstractInstanceRegistry  : Running the evict task with compensationTime 4ms
2026-05-09T11:50:12.662+05:30  INFO 13023 --- [service-registry] [a-EvictionTimer] c.n.e.registry.AbstractInstanceRegistry  : Running the evict task with compensationTime 1ms
2026-05-09T11:51:11.731+05:30  INFO 13023 --- [service-registry] [hresholdUpdater] c.n.e.r.PeerAwareInstanceRegistryImpl    : Current renewal threshold is : 0
2026-05-09T11:51:12.667+05:30  INFO 13023 --- [service-registry] [a-EvictionTimer] c.n.e.registry.AbstractInstanceRegistry  : Running the evict task with compensationTime 4ms
2026-05-09T11:52:12.672+05:30  INFO 13023 --- [service-registry] [a-EvictionTimer] c.n.e.registry.AbstractInstanceRegistry  : Running the evict task with compensationTime 3ms
2026-05-09T11:53:12.676+05:30  INFO 13023 --- [service-registry] [a-EvictionTimer] c.n.e.registry.AbstractInstanceRegistry  : Running the evict task with compensationTime 4ms
2026-05-09T11:54:12.682+05:30  INFO 13023 --- [service-registry] [a-EvictionTimer] c.n.e.registry.AbstractInstanceRegistry  : Running the evict task with compensationTime 4ms
2026-05-09T11:55:12.683+05:30  INFO 13023 --- [service-registry] [a-EvictionTimer] c.n.e.registry.AbstractInstanceRegistry  : Running the evict task with compensationTime 4ms
2026-05-09T11:56:11.681+05:30  WARN 13023 --- [service-registry] [eerNodesUpdater] c.n.eureka.cluster.PeerEurekaNodes       : The replica size seems to be empty. Check the route 53 DNS Registry
2026-05-09T11:56:12.685+05:30  INFO 13023 --- [service-registry] [a-EvictionTimer] c.n.e.registry.AbstractInstanceRegistry  : Running the evict task with compensationTime 3ms
2026-05-09T11:57:12.688+05:30  INFO 13023 --- [service-registry] [a-EvictionTimer] c.n.e.registry.AbstractInstanceRegistry  : Running the evict task with compensationTime 2ms
2026-05-09T11:58:12.694+05:30  INFO 13023 --- [service-registry] [a-EvictionTimer] c.n.e.registry.AbstractInstanceRegistry  : Running the evict task with compensationTime 5ms
2026-05-09T11:59:12.694+05:30  INFO 13023 --- [service-registry] [a-EvictionTimer] c.n.e.registry.AbstractInstanceRegistry  : Running the evict task with compensationTime 0ms
2026-05-09T12:00:12.696+05:30  INFO 13023 --- [service-registry] [a-EvictionTimer] c.n.e.registry.AbstractInstanceRegistry  : Running the evict task with compensationTime 1ms
2026-05-09T12:01:12.701+05:30  INFO 13023 --- [service-registry] [a-EvictionTimer] c.n.e.registry.AbstractInstanceRegistry  : Running the evict task with compensationTime 4ms
2026-05-09T12:02:12.707+05:30  INFO 13023 --- [service-registry] [a-EvictionTimer] c.n.e.registry.AbstractInstanceRegistry  : Running the evict task with compensationTime 5ms
2026-05-09T12:03:12.713+05:30  INFO 13023 --- [service-registry] [a-EvictionTimer] c.n.e.registry.AbstractInstanceRegistry  : Running the evict task with compensationTime 5ms
2026-05-09T12:04:12.718+05:30  INFO 13023 --- [service-registry] [a-EvictionTimer] c.n.e.registry.AbstractInstanceRegistry  : Running the evict task with compensationTime 4ms
2026-05-09T12:05:12.723+05:30  INFO 13023 --- [service-registry] [a-EvictionTimer] c.n.e.registry.AbstractInstanceRegistry  : Running the evict task with compensationTime 5ms
2026-05-09T12:06:11.688+05:30  WARN 13023 --- [service-registry] [eerNodesUpdater] c.n.eureka.cluster.PeerEurekaNodes       : The replica size seems to be empty. Check the route 53 DNS Registry
2026-05-09T12:06:11.735+05:30  INFO 13023 --- [service-registry] [hresholdUpdater] c.n.e.r.PeerAwareInstanceRegistryImpl    : Current renewal threshold is : 0
2026-05-09T12:06:12.727+05:30  INFO 13023 --- [service-registry] [a-EvictionTimer] c.n.e.registry.AbstractInstanceRegistry  : Running the evict task with compensationTime 3ms
2026-05-09T12:07:12.729+05:30  INFO 13023 --- [service-registry] [a-EvictionTimer] c.n.e.registry.AbstractInstanceRegistry  : Running the evict task with compensationTime 2ms
2026-05-09T12:08:12.732+05:30  INFO 13023 --- [service-registry] [a-EvictionTimer] c.n.e.registry.AbstractInstanceRegistry  : Running the evict task with compensationTime 2ms
2026-05-09T12:09:12.734+05:30  INFO 13023 --- [service-registry] [a-EvictionTimer] c.n.e.registry.AbstractInstanceRegistry  : Running the evict task with compensationTime 0ms
2026-05-09T12:10:12.734+05:30  INFO 13023 --- [service-registry] [a-EvictionTimer] c.n.e.registry.AbstractInstanceRegistry  : Running the evict task with compensationTime 0ms
2026-05-09T12:11:12.757+05:30  INFO 13023 --- [service-registry] [a-EvictionTimer] c.n.e.registry.AbstractInstanceRegistry  : Running the evict task with compensationTime 2ms
2026-05-09T12:12:12.763+05:30  INFO 13023 --- [service-registry] [a-EvictionTimer] c.n.e.registry.AbstractInstanceRegistry  : Running the evict task with compensationTime 5ms
2026-05-09T12:13:12.767+05:30  INFO 13023 --- [service-registry] [a-EvictionTimer] c.n.e.registry.AbstractInstanceRegistry  : Running the evict task with compensationTime 3ms
2026-05-09T12:14:12.769+05:30  INFO 13023 --- [service-registry] [a-EvictionTimer] c.n.e.registry.AbstractInstanceRegistry  : Running the evict task with compensationTime 0ms
2026-05-09T12:15:12.769+05:30  INFO 13023 --- [service-registry] [a-EvictionTimer] c.n.e.registry.AbstractInstanceRegistry  : Running the evict task with compensationTime 0ms
2026-05-09T12:16:11.721+05:30  WARN 13023 --- [service-registry] [eerNodesUpdater] c.n.eureka.cluster.PeerEurekaNodes       : The replica size seems to be empty. Check the route 53 DNS Registry
2026-05-09T12:16:12.772+05:30  INFO 13023 --- [service-registry] [a-EvictionTimer] c.n.e.registry.AbstractInstanceRegistry  : Running the evict task with compensationTime 2ms
2026-05-09T12:17:12.776+05:30  INFO 13023 --- [service-registry] [a-EvictionTimer] c.n.e.registry.AbstractInstanceRegistry  : Running the evict task with compensationTime 3ms
2026-05-09T12:18:12.779+05:30  INFO 13023 --- [service-registry] [a-EvictionTimer] c.n.e.registry.AbstractInstanceRegistry  : Running the evict task with compensationTime 2ms
2026-05-09T12:19:12.783+05:30  INFO 13023 --- [service-registry] [a-EvictionTimer] c.n.e.registry.AbstractInstanceRegistry  : Running the evict task with compensationTime 3ms
2026-05-09T12:20:12.788+05:30  INFO 13023 --- [service-registry] [a-EvictionTimer] c.n.e.registry.AbstractInstanceRegistry  : Running the evict task with compensationTime 4ms
2026-05-09T12:21:11.766+05:30  INFO 13023 --- [service-registry] [hresholdUpdater] c.n.e.r.PeerAwareInstanceRegistryImpl    : Current renewal threshold is : 0
2026-05-09T12:21:12.794+05:30  INFO 13023 --- [service-registry] [a-EvictionTimer] c.n.e.registry.AbstractInstanceRegistry  : Running the evict task with compensationTime 4ms
2026-05-09T12:22:12.797+05:30  INFO 13023 --- [service-registry] [a-EvictionTimer] c.n.e.registry.AbstractInstanceRegistry  : Running the evict task with compensationTime 2ms
2026-05-09T12:23:12.801+05:30  INFO 13023 --- [service-registry] [a-EvictionTimer] c.n.e.registry.AbstractInstanceRegistry  : Running the evict task with compensationTime 2ms
2026-05-09T12:24:12.801+05:30  INFO 13023 --- [service-registry] [a-EvictionTimer] c.n.e.registry.AbstractInstanceRegistry  : Running the evict task with compensationTime 0ms
2026-05-09T12:25:12.806+05:30  INFO 13023 --- [service-registry] [a-EvictionTimer] c.n.e.registry.AbstractInstanceRegistry  : Running the evict task with compensationTime 4ms
2026-05-09T12:26:11.704+05:30  WARN 13023 --- [service-registry] [eerNodesUpdater] c.n.eureka.cluster.PeerEurekaNodes       : The replica size seems to be empty. Check the route 53 DNS Registry
2026-05-09T12:26:12.811+05:30  INFO 13023 --- [service-registry] [a-EvictionTimer] c.n.e.registry.AbstractInstanceRegistry  : Running the evict task with compensationTime 35ms
2026-05-09T12:27:12.813+05:30  INFO 13023 --- [service-registry] [a-EvictionTimer] c.n.e.registry.AbstractInstanceRegistry  : Running the evict task with compensationTime 2ms
2026-05-09T12:28:12.818+05:30  INFO 13023 --- [service-registry] [a-EvictionTimer] c.n.e.registry.AbstractInstanceRegistry  : Running the evict task with compensationTime 5ms
2026-05-09T12:29:12.823+05:30  INFO 13023 --- [service-registry] [a-EvictionTimer] c.n.e.registry.AbstractInstanceRegistry  : Running the evict task with compensationTime 5ms
2026-05-09T12:30:12.824+05:30  INFO 13023 --- [service-registry] [a-EvictionTimer] c.n.e.registry.AbstractInstanceRegistry  : Running the evict task with compensationTime 0ms
2026-05-09T12:31:12.830+05:30  INFO 13023 --- [service-registry] [a-EvictionTimer] c.n.e.registry.AbstractInstanceRegistry  : Running the evict task with compensationTime 4ms
2026-05-09T12:32:12.835+05:30  INFO 13023 --- [service-registry] [a-EvictionTimer] c.n.e.registry.AbstractInstanceRegistry  : Running the evict task with compensationTime 4ms
2026-05-09T12:33:12.839+05:30  INFO 13023 --- [service-registry] [a-EvictionTimer] c.n.e.registry.AbstractInstanceRegistry  : Running the evict task with compensationTime 4ms
2026-05-09T12:34:12.842+05:30  INFO 13023 --- [service-registry] [a-EvictionTimer] c.n.e.registry.AbstractInstanceRegistry  : Running the evict task with compensationTime 2ms
2026-05-09T12:35:12.847+05:30  INFO 13023 --- [service-registry] [a-EvictionTimer] c.n.e.registry.AbstractInstanceRegistry  : Running the evict task with compensationTime 5ms
2026-05-09T12:36:11.713+05:30  WARN 13023 --- [service-registry] [eerNodesUpdater] c.n.eureka.cluster.PeerEurekaNodes       : The replica size seems to be empty. Check the route 53 DNS Registry
2026-05-09T12:36:11.771+05:30  INFO 13023 --- [service-registry] [hresholdUpdater] c.n.e.r.PeerAwareInstanceRegistryImpl    : Current renewal threshold is : 0
2026-05-09T12:36:12.851+05:30  INFO 13023 --- [service-registry] [a-EvictionTimer] c.n.e.registry.AbstractInstanceRegistry  : Running the evict task with compensationTime 3ms
2026-05-09T12:37:12.855+05:30  INFO 13023 --- [service-registry] [a-EvictionTimer] c.n.e.registry.AbstractInstanceRegistry  : Running the evict task with compensationTime 3ms
2026-05-09T12:38:12.860+05:30  INFO 13023 --- [service-registry] [a-EvictionTimer] c.n.e.registry.AbstractInstanceRegistry  : Running the evict task with compensationTime 4ms
2026-05-09T12:39:12.865+05:30  INFO 13023 --- [service-registry] [a-EvictionTimer] c.n.e.registry.AbstractInstanceRegistry  : Running the evict task with compensationTime 4ms
2026-05-09T12:40:12.870+05:30  INFO 13023 --- [service-registry] [a-EvictionTimer] c.n.e.registry.AbstractInstanceRegistry  : Running the evict task with compensationTime 4ms
2026-05-09T12:41:12.871+05:30  INFO 13023 --- [service-registry] [a-EvictionTimer] c.n.e.registry.AbstractInstanceRegistry  : Running the evict task with compensationTime 4ms
2026-05-09T12:42:12.874+05:30  INFO 13023 --- [service-registry] [a-EvictionTimer] c.n.e.registry.AbstractInstanceRegistry  : Running the evict task with compensationTime 27ms
2026-05-09T12:43:12.876+05:30  INFO 13023 --- [service-registry] [a-EvictionTimer] c.n.e.registry.AbstractInstanceRegistry  : Running the evict task with compensationTime 2ms
2026-05-09T12:44:12.877+05:30  INFO 13023 --- [service-registry] [a-EvictionTimer] c.n.e.registry.AbstractInstanceRegistry  : Running the evict task with compensationTime 1ms
2026-05-09T12:45:12.882+05:30  INFO 13023 --- [service-registry] [a-EvictionTimer] c.n.e.registry.AbstractInstanceRegistry  : Running the evict task with compensationTime 4ms
2026-05-09T12:46:11.694+05:30  WARN 13023 --- [service-registry] [eerNodesUpdater] c.n.eureka.cluster.PeerEurekaNodes       : The replica size seems to be empty. Check the route 53 DNS Registry
2026-05-09T12:46:12.883+05:30  INFO 13023 --- [service-registry] [a-EvictionTimer] c.n.e.registry.AbstractInstanceRegistry  : Running the evict task with compensationTime 1ms
2026-05-09T12:47:12.888+05:30  INFO 13023 --- [service-registry] [a-EvictionTimer] c.n.e.registry.AbstractInstanceRegistry  : Running the evict task with compensationTime 4ms
2026-05-09T12:48:12.889+05:30  INFO 13023 --- [service-registry] [a-EvictionTimer] c.n.e.registry.AbstractInstanceRegistry  : Running the evict task with compensationTime 0ms
2026-05-09T12:49:12.894+05:30  INFO 13023 --- [service-registry] [a-EvictionTimer] c.n.e.registry.AbstractInstanceRegistry  : Running the evict task with compensationTime 5ms
2026-05-09T12:50:12.895+05:30  INFO 13023 --- [service-registry] [a-EvictionTimer] c.n.e.registry.AbstractInstanceRegistry  : Running the evict task with compensationTime 1ms
2026-05-09T12:51:11.776+05:30  INFO 13023 --- [service-registry] [hresholdUpdater] c.n.e.r.PeerAwareInstanceRegistryImpl    : Current renewal threshold is : 0
2026-05-09T12:51:12.898+05:30  INFO 13023 --- [service-registry] [a-EvictionTimer] c.n.e.registry.AbstractInstanceRegistry  : Running the evict task with compensationTime 2ms
2026-05-09T12:52:12.903+05:30  INFO 13023 --- [service-registry] [a-EvictionTimer] c.n.e.registry.AbstractInstanceRegistry  : Running the evict task with compensationTime 5ms
2026-05-09T12:53:12.907+05:30  INFO 13023 --- [service-registry] [a-EvictionTimer] c.n.e.registry.AbstractInstanceRegistry  : Running the evict task with compensationTime 2ms
2026-05-09T12:54:12.906+05:30  INFO 13023 --- [service-registry] [a-EvictionTimer] c.n.e.registry.AbstractInstanceRegistry  : Running the evict task with compensationTime 0ms
2026-05-09T12:55:12.910+05:30  INFO 13023 --- [service-registry] [a-EvictionTimer] c.n.e.registry.AbstractInstanceRegistry  : Running the evict task with compensationTime 3ms
2026-05-09T12:56:11.699+05:30  WARN 13023 --- [service-registry] [eerNodesUpdater] c.n.eureka.cluster.PeerEurekaNodes       : The replica size seems to be empty. Check the route 53 DNS Registry
2026-05-09T12:56:12.915+05:30  INFO 13023 --- [service-registry] [a-EvictionTimer] c.n.e.registry.AbstractInstanceRegistry  : Running the evict task with compensationTime 5ms
2026-05-09T12:57:12.916+05:30  INFO 13023 --- [service-registry] [a-EvictionTimer] c.n.e.registry.AbstractInstanceRegistry  : Running the evict task with compensationTime 0ms
2026-05-09T12:58:12.921+05:30  INFO 13023 --- [service-registry] [a-EvictionTimer] c.n.e.registry.AbstractInstanceRegistry  : Running the evict task with compensationTime 5ms
2026-05-09T12:59:12.925+05:30  INFO 13023 --- [service-registry] [a-EvictionTimer] c.n.e.registry.AbstractInstanceRegistry  : Running the evict task with compensationTime 3ms
2026-05-09T13:00:12.930+05:30  INFO 13023 --- [service-registry] [a-EvictionTimer] c.n.e.registry.AbstractInstanceRegistry  : Running the evict task with compensationTime 5ms
2026-05-09T13:01:12.935+05:30  INFO 13023 --- [service-registry] [a-EvictionTimer] c.n.e.registry.AbstractInstanceRegistry  : Running the evict task with compensationTime 4ms
2026-05-09T13:02:12.940+05:30  INFO 13023 --- [service-registry] [a-EvictionTimer] c.n.e.registry.AbstractInstanceRegistry  : Running the evict task with compensationTime 5ms
2026-05-09T13:03:12.947+05:30  INFO 13023 --- [service-registry] [a-EvictionTimer] c.n.e.registry.AbstractInstanceRegistry  : Running the evict task with compensationTime 5ms
2026-05-09T13:04:12.950+05:30  INFO 13023 --- [service-registry] [a-EvictionTimer] c.n.e.registry.AbstractInstanceRegistry  : Running the evict task with compensationTime 4ms
2026-05-09T13:05:12.955+05:30  INFO 13023 --- [service-registry] [a-EvictionTimer] c.n.e.registry.AbstractInstanceRegistry  : Running the evict task with compensationTime 5ms
2026-05-09T13:06:11.706+05:30  WARN 13023 --- [service-registry] [eerNodesUpdater] c.n.eureka.cluster.PeerEurekaNodes       : The replica size seems to be empty. Check the route 53 DNS Registry
2026-05-09T13:06:11.780+05:30  INFO 13023 --- [service-registry] [hresholdUpdater] c.n.e.r.PeerAwareInstanceRegistryImpl    : Current renewal threshold is : 0
2026-05-09T13:06:12.960+05:30  INFO 13023 --- [service-registry] [a-EvictionTimer] c.n.e.registry.AbstractInstanceRegistry  : Running the evict task with compensationTime 4ms
2026-05-09T13:07:12.965+05:30  INFO 13023 --- [service-registry] [a-EvictionTimer] c.n.e.registry.AbstractInstanceRegistry  : Running the evict task with compensationTime 4ms
2026-05-09T13:08:12.970+05:30  INFO 13023 --- [service-registry] [a-EvictionTimer] c.n.e.registry.AbstractInstanceRegistry  : Running the evict task with compensationTime 4ms
2026-05-09T13:09:12.973+05:30  INFO 13023 --- [service-registry] [a-EvictionTimer] c.n.e.registry.AbstractInstanceRegistry  : Running the evict task with compensationTime 3ms
2026-05-09T13:10:12.978+05:30  INFO 13023 --- [service-registry] [a-EvictionTimer] c.n.e.registry.AbstractInstanceRegistry  : Running the evict task with compensationTime 4ms
2026-05-09T13:11:12.979+05:30  INFO 13023 --- [service-registry] [a-EvictionTimer] c.n.e.registry.AbstractInstanceRegistry  : Running the evict task with compensationTime 0ms
2026-05-09T13:12:12.982+05:30  INFO 13023 --- [service-registry] [a-EvictionTimer] c.n.e.registry.AbstractInstanceRegistry  : Running the evict task with compensationTime 2ms
2026-05-09T13:13:12.987+05:30  INFO 13023 --- [service-registry] [a-EvictionTimer] c.n.e.registry.AbstractInstanceRegistry  : Running the evict task with compensationTime 5ms
2026-05-09T13:14:12.990+05:30  INFO 13023 --- [service-registry] [a-EvictionTimer] c.n.e.registry.AbstractInstanceRegistry  : Running the evict task with compensationTime 3ms
2026-05-09T13:15:12.995+05:30  INFO 13023 --- [service-registry] [a-EvictionTimer] c.n.e.registry.AbstractInstanceRegistry  : Running the evict task with compensationTime 4ms
2026-05-09T13:16:11.713+05:30  WARN 13023 --- [service-registry] [eerNodesUpdater] c.n.eureka.cluster.PeerEurekaNodes       : The replica size seems to be empty. Check the route 53 DNS Registry
2026-05-09T13:16:12.997+05:30  INFO 13023 --- [service-registry] [a-EvictionTimer] c.n.e.registry.AbstractInstanceRegistry  : Running the evict task with compensationTime 2ms
2026-05-09T13:17:13.001+05:30  INFO 13023 --- [service-registry] [a-EvictionTimer] c.n.e.registry.AbstractInstanceRegistry  : Running the evict task with compensationTime 4ms
2026-05-09T13:18:13.004+05:30  INFO 13023 --- [service-registry] [a-EvictionTimer] c.n.e.registry.AbstractInstanceRegistry  : Running the evict task with compensationTime 2ms
2026-05-09T13:19:13.008+05:30  INFO 13023 --- [service-registry] [a-EvictionTimer] c.n.e.registry.AbstractInstanceRegistry  : Running the evict task with compensationTime 4ms
2026-05-09T13:20:13.011+05:30  INFO 13023 --- [service-registry] [a-EvictionTimer] c.n.e.registry.AbstractInstanceRegistry  : Running the evict task with compensationTime 2ms
2026-05-09T13:21:11.785+05:30  INFO 13023 --- [service-registry] [hresholdUpdater] c.n.e.r.PeerAwareInstanceRegistryImpl    : Current renewal threshold is : 0
2026-05-09T13:21:13.012+05:30  INFO 13023 --- [service-registry] [a-EvictionTimer] c.n.e.registry.AbstractInstanceRegistry  : Running the evict task with compensationTime 1ms
2026-05-09T13:22:13.017+05:30  INFO 13023 --- [service-registry] [a-EvictionTimer] c.n.e.registry.AbstractInstanceRegistry  : Running the evict task with compensationTime 5ms
2026-05-09T13:23:13.021+05:30  INFO 13023 --- [service-registry] [a-EvictionTimer] c.n.e.registry.AbstractInstanceRegistry  : Running the evict task with compensationTime 3ms
2026-05-09T13:24:13.025+05:30  INFO 13023 --- [service-registry] [a-EvictionTimer] c.n.e.registry.AbstractInstanceRegistry  : Running the evict task with compensationTime 4ms
2026-05-09T13:25:13.025+05:30  INFO 13023 --- [service-registry] [a-EvictionTimer] c.n.e.registry.AbstractInstanceRegistry  : Running the evict task with compensationTime 0ms
2026-05-09T13:26:11.721+05:30  WARN 13023 --- [service-registry] [eerNodesUpdater] c.n.eureka.cluster.PeerEurekaNodes       : The replica size seems to be empty. Check the route 53 DNS Registry
2026-05-09T13:26:13.027+05:30  INFO 13023 --- [service-registry] [a-EvictionTimer] c.n.e.registry.AbstractInstanceRegistry  : Running the evict task with compensationTime 1ms
2026-05-09T13:27:13.091+05:30  INFO 13023 --- [service-registry] [a-EvictionTimer] c.n.e.registry.AbstractInstanceRegistry  : Running the evict task with compensationTime 11ms
2026-05-09T13:28:13.096+05:30  INFO 13023 --- [service-registry] [a-EvictionTimer] c.n.e.registry.AbstractInstanceRegistry  : Running the evict task with compensationTime 4ms
2026-05-09T13:29:13.102+05:30  INFO 13023 --- [service-registry] [a-EvictionTimer] c.n.e.registry.AbstractInstanceRegistry  : Running the evict task with compensationTime 4ms
2026-05-09T13:30:13.107+05:30  INFO 13023 --- [service-registry] [a-EvictionTimer] c.n.e.registry.AbstractInstanceRegistry  : Running the evict task with compensationTime 4ms
2026-05-09T13:31:13.110+05:30  INFO 13023 --- [service-registry] [a-EvictionTimer] c.n.e.registry.AbstractInstanceRegistry  : Running the evict task with compensationTime 3ms
2026-05-09T13:32:13.116+05:30  INFO 13023 --- [service-registry] [a-EvictionTimer] c.n.e.registry.AbstractInstanceRegistry  : Running the evict task with compensationTime 4ms
2026-05-09T13:33:13.118+05:30  INFO 13023 --- [service-registry] [a-EvictionTimer] c.n.e.registry.AbstractInstanceRegistry  : Running the evict task with compensationTime 2ms
2026-05-09T13:34:13.121+05:30  INFO 13023 --- [service-registry] [a-EvictionTimer] c.n.e.registry.AbstractInstanceRegistry  : Running the evict task with compensationTime 1ms
2026-05-09T13:35:13.121+05:30  INFO 13023 --- [service-registry] [a-EvictionTimer] c.n.e.registry.AbstractInstanceRegistry  : Running the evict task with compensationTime 0ms
2026-05-09T13:36:11.786+05:30  WARN 13023 --- [service-registry] [eerNodesUpdater] c.n.eureka.cluster.PeerEurekaNodes       : The replica size seems to be empty. Check the route 53 DNS Registry
2026-05-09T13:36:11.848+05:30  INFO 13023 --- [service-registry] [hresholdUpdater] c.n.e.r.PeerAwareInstanceRegistryImpl    : Current renewal threshold is : 0
2026-05-09T13:36:13.127+05:30  INFO 13023 --- [service-registry] [a-EvictionTimer] c.n.e.registry.AbstractInstanceRegistry  : Running the evict task with compensationTime 6ms
2026-05-09T13:37:13.131+05:30  INFO 13023 --- [service-registry] [a-EvictionTimer] c.n.e.registry.AbstractInstanceRegistry  : Running the evict task with compensationTime 2ms
2026-05-09T13:38:13.134+05:30  INFO 13023 --- [service-registry] [a-EvictionTimer] c.n.e.registry.AbstractInstanceRegistry  : Running the evict task with compensationTime 3ms
2026-05-09T13:39:13.140+05:30  INFO 13023 --- [service-registry] [a-EvictionTimer] c.n.e.registry.AbstractInstanceRegistry  : Running the evict task with compensationTime 5ms
2026-05-09T13:40:13.146+05:30  INFO 13023 --- [service-registry] [a-EvictionTimer] c.n.e.registry.AbstractInstanceRegistry  : Running the evict task with compensationTime 5ms
2026-05-09T13:41:13.149+05:30  INFO 13023 --- [service-registry] [a-EvictionTimer] c.n.e.registry.AbstractInstanceRegistry  : Running the evict task with compensationTime 2ms
