
  .   ____          _            __ _ _
 /\\ / ___'_ __ _ _(_)_ __  __ _ \ \ \ \
( ( )\___ | '_ | '_| | '_ \/ _` | \ \ \ \
 \\/  ___)| |_)| | | | | || (_| |  ) ) ) )
  '  |____| .__|_| |_|_| |_\__, | / / / /
 =========|_|==============|___/=/_/_/_/
 :: Spring Boot ::                (v3.2.0)

2026-04-29T20:41:50.591+05:30  INFO 41793 --- [peer-tutoring-backend] [           main] com.tutoring.PeerTutoringApplication     : Starting PeerTutoringApplication v1.0.0 using Java 25.0.2 with PID 41793 (/Users/subhodipanwesa/Documents/BITS_WILP/FullStack/AnwesaAssignment1/peer-tutoring-platform/backend/target/peer-tutoring-backend-1.0.0.jar started by subhodipanwesa in /Users/subhodipanwesa/Documents/BITS_WILP/FullStack/AnwesaAssignment1/peer-tutoring-platform/backend)
2026-04-29T20:41:50.594+05:30 DEBUG 41793 --- [peer-tutoring-backend] [           main] com.tutoring.PeerTutoringApplication     : Running with Spring Boot v3.2.0, Spring v6.1.1
2026-04-29T20:41:50.595+05:30  INFO 41793 --- [peer-tutoring-backend] [           main] com.tutoring.PeerTutoringApplication     : No active profile set, falling back to 1 default profile: "default"
2026-04-29T20:41:51.549+05:30  INFO 41793 --- [peer-tutoring-backend] [           main] .s.d.r.c.RepositoryConfigurationDelegate : Bootstrapping Spring Data JPA repositories in DEFAULT mode.
2026-04-29T20:41:51.626+05:30  INFO 41793 --- [peer-tutoring-backend] [           main] .s.d.r.c.RepositoryConfigurationDelegate : Finished Spring Data repository scanning in 69 ms. Found 6 JPA repository interfaces.
WARNING: A restricted method in java.lang.System has been called
WARNING: java.lang.System::load has been called by org.apache.tomcat.jni.Library in an unnamed module (jar:nested:/Users/subhodipanwesa/Documents/BITS_WILP/FullStack/AnwesaAssignment1/peer-tutoring-platform/backend/target/peer-tutoring-backend-1.0.0.jar/!BOOT-INF/lib/tomcat-embed-core-10.1.16.jar!/)
WARNING: Use --enable-native-access=ALL-UNNAMED to avoid a warning for callers in this module
WARNING: Restricted methods will be blocked in a future release unless native access is enabled

2026-04-29T20:41:52.216+05:30  INFO 41793 --- [peer-tutoring-backend] [           main] o.s.b.w.embedded.tomcat.TomcatWebServer  : Tomcat initialized with port 8080 (http)
2026-04-29T20:41:52.223+05:30  INFO 41793 --- [peer-tutoring-backend] [           main] o.apache.catalina.core.StandardService   : Starting service [Tomcat]
2026-04-29T20:41:52.223+05:30  INFO 41793 --- [peer-tutoring-backend] [           main] o.apache.catalina.core.StandardEngine    : Starting Servlet engine: [Apache Tomcat/10.1.16]
2026-04-29T20:41:52.259+05:30  INFO 41793 --- [peer-tutoring-backend] [           main] o.a.c.c.C.[Tomcat].[localhost].[/]       : Initializing Spring embedded WebApplicationContext
2026-04-29T20:41:52.261+05:30  INFO 41793 --- [peer-tutoring-backend] [           main] w.s.c.ServletWebServerApplicationContext : Root WebApplicationContext: initialization completed in 1575 ms
2026-04-29T20:41:52.298+05:30  INFO 41793 --- [peer-tutoring-backend] [           main] com.zaxxer.hikari.HikariDataSource       : HikariPool-1 - Starting...
2026-04-29T20:41:52.494+05:30  INFO 41793 --- [peer-tutoring-backend] [           main] com.zaxxer.hikari.pool.HikariPool        : HikariPool-1 - Added connection conn0: url=jdbc:h2:mem:peer_tutoring user=SA
2026-04-29T20:41:52.495+05:30  INFO 41793 --- [peer-tutoring-backend] [           main] com.zaxxer.hikari.HikariDataSource       : HikariPool-1 - Start completed.
2026-04-29T20:41:52.508+05:30  INFO 41793 --- [peer-tutoring-backend] [           main] o.s.b.a.h2.H2ConsoleAutoConfiguration    : H2 console available at '/h2-console'. Database available at 'jdbc:h2:mem:peer_tutoring'
2026-04-29T20:41:52.627+05:30  INFO 41793 --- [peer-tutoring-backend] [           main] o.hibernate.jpa.internal.util.LogHelper  : HHH000204: Processing PersistenceUnitInfo [name: default]
2026-04-29T20:41:52.686+05:30  INFO 41793 --- [peer-tutoring-backend] [           main] org.hibernate.Version                    : HHH000412: Hibernate ORM core version 6.3.1.Final
2026-04-29T20:41:52.727+05:30  INFO 41793 --- [peer-tutoring-backend] [           main] o.h.c.internal.RegionFactoryInitiator    : HHH000026: Second-level cache disabled
2026-04-29T20:41:52.937+05:30  INFO 41793 --- [peer-tutoring-backend] [           main] o.s.o.j.p.SpringPersistenceUnitInfo      : No LoadTimeWeaver setup: ignoring JPA class transformer
2026-04-29T20:41:52.975+05:30  WARN 41793 --- [peer-tutoring-backend] [           main] org.hibernate.orm.deprecation            : HHH90000025: H2Dialect does not need to be specified explicitly using 'hibernate.dialect' (remove the property setting and it will be selected by default)
2026-04-29T20:41:53.980+05:30  INFO 41793 --- [peer-tutoring-backend] [           main] o.h.e.t.j.p.i.JtaPlatformInitiator       : HHH000489: No JTA platform available (set 'hibernate.transaction.jta.platform' to enable JTA platform integration)
Hibernate: 
    drop table if exists bookings cascade 
Hibernate: 
    drop table if exists payouts cascade 
Hibernate: 
    drop table if exists ratings cascade 
Hibernate: 
    drop table if exists sessions cascade 
Hibernate: 
    drop table if exists tutor_profiles cascade 
Hibernate: 
    drop table if exists tutor_subjects cascade 
Hibernate: 
    drop table if exists users cascade 
Hibernate: 
    create table bookings (
        amount numeric(38,2) not null,
        cancelled_at timestamp(6),
        completed_at timestamp(6),
        confirmed_at timestamp(6),
        created_at timestamp(6),
        id bigint generated by default as identity,
        session_id bigint not null,
        student_id bigint not null,
        updated_at timestamp(6),
        notes TEXT,
        payment_status varchar(255) not null check (payment_status in ('PENDING','HELD','RELEASED_TO_TUTOR','REFUNDED')),
        status varchar(255) not null check (status in ('PENDING','CONFIRMED','CANCELLED','COMPLETED','NO_SHOW')),
        primary key (id)
    )
Hibernate: 
    create table payouts (
        amount numeric(38,2) not null,
        created_at timestamp(6),
        id bigint generated by default as identity,
        processed_at timestamp(6),
        processed_by bigint,
        tutor_id bigint not null,
        updated_at timestamp(6),
        currency varchar(255) not null,
        notes TEXT,
        payment_method varchar(255),
        status varchar(255) not null check (status in ('PENDING','PROCESSING','COMPLETED','FAILED','CANCELLED')),
        transaction_id varchar(255),
        primary key (id)
    )
Hibernate: 
    create table ratings (
        rating integer not null,
        visible boolean not null,
        booking_id bigint not null unique,
        created_at timestamp(6),
        id bigint generated by default as identity,
        student_id bigint not null,
        tutor_id bigint not null,
        review TEXT,
        primary key (id)
    )
Hibernate: 
    create table sessions (
        enrolled_students integer not null,
        max_students integer not null,
        price numeric(38,2) not null,
        created_at timestamp(6),
        end_time timestamp(6) not null,
        id bigint generated by default as identity,
        start_time timestamp(6) not null,
        tutor_id bigint not null,
        updated_at timestamp(6),
        description TEXT,
        status varchar(255) not null check (status in ('AVAILABLE','BOOKED','COMPLETED','CANCELLED')),
        subject varchar(255) not null,
        title varchar(255) not null,
        type varchar(255) not null check (type in ('ONE_ON_ONE','GROUP')),
        primary key (id)
    )
Hibernate: 
    create table tutor_profiles (
        average_rating float(53) not null,
        hourly_rate numeric(38,2) not null,
        total_sessions integer not null,
        years_of_experience integer not null,
        created_at timestamp(6),
        id bigint generated by default as identity,
        updated_at timestamp(6),
        user_id bigint not null unique,
        bio TEXT,
        status varchar(255) not null check (status in ('PENDING','APPROVED','REJECTED','SUSPENDED')),
        subject varchar(255) not null,
        primary key (id)
    )
Hibernate: 
    create table tutor_subjects (
        tutor_id bigint not null,
        subject_name varchar(255)
    )
Hibernate: 
    create table users (
        active boolean not null,
        verified boolean not null,
        created_at timestamp(6),
        id bigint generated by default as identity,
        updated_at timestamp(6),
        email varchar(255) not null unique,
        first_name varchar(255) not null,
        last_name varchar(255) not null,
        password varchar(255) not null,
        phone_number varchar(255) not null,
        role varchar(255) not null check (role in ('STUDENT','TUTOR','ADMIN')),
        primary key (id)
    )
Hibernate: 
    alter table if exists bookings 
       add constraint FKfg6xvotwaostibap50ygb2lnm 
       foreign key (session_id) 
       references sessions
Hibernate: 
    alter table if exists bookings 
       add constraint FKar27os7sd4oj16rjdimbedgtf 
       foreign key (student_id) 
       references users
Hibernate: 
    alter table if exists payouts 
       add constraint FKaveudrlotilbdhwuqkxi7toao 
       foreign key (processed_by) 
       references users
Hibernate: 
    alter table if exists payouts 
       add constraint FKmyr63si06veiss0sdlijxk4sv 
       foreign key (tutor_id) 
       references users
Hibernate: 
    alter table if exists ratings 
       add constraint FKkp31uofkhlk6pvyvmu3xcblkk 
       foreign key (booking_id) 
       references bookings
Hibernate: 
    alter table if exists ratings 
       add constraint FK23wyif4jd4acjls8dmx0tubgm 
       foreign key (student_id) 
       references users
Hibernate: 
    alter table if exists ratings 
       add constraint FKbme7uo60pg48ym3ob825t9yn8 
       foreign key (tutor_id) 
       references users
Hibernate: 
    alter table if exists sessions 
       add constraint FKrieybhh68nkjp8cpuskve7ejy 
       foreign key (tutor_id) 
       references users
Hibernate: 
    alter table if exists tutor_profiles 
       add constraint FK3h4hc71bbx1xyce6kbjm1bagn 
       foreign key (user_id) 
       references users
Hibernate: 
    alter table if exists tutor_subjects 
       add constraint FKh7sy16t30qo5mth2tr3fhoy5s 
       foreign key (tutor_id) 
       references tutor_profiles
2026-04-29T20:41:54.048+05:30  INFO 41793 --- [peer-tutoring-backend] [           main] j.LocalContainerEntityManagerFactoryBean : Initialized JPA EntityManagerFactory for persistence unit 'default'
2026-04-29T20:41:54.391+05:30 DEBUG 41793 --- [peer-tutoring-backend] [           main] c.t.security.JwtAuthenticationFilter     : Filter 'jwtAuthenticationFilter' configured for use
2026-04-29T20:41:54.441+05:30  INFO 41793 --- [peer-tutoring-backend] [           main] o.s.d.j.r.query.QueryEnhancerFactory     : Hibernate is in classpath; If applicable, HQL parser will be used.
2026-04-29T20:41:55.225+05:30  WARN 41793 --- [peer-tutoring-backend] [           main] JpaBaseConfiguration$JpaWebConfiguration : spring.jpa.open-in-view is enabled by default. Therefore, database queries may be performed during view rendering. Explicitly configure spring.jpa.open-in-view to disable this warning
2026-04-29T20:41:55.485+05:30  INFO 41793 --- [peer-tutoring-backend] [           main] o.s.s.web.DefaultSecurityFilterChain     : Will secure any request with [org.springframework.security.web.session.DisableEncodeUrlFilter@516ffa73, org.springframework.security.web.context.request.async.WebAsyncManagerIntegrationFilter@1607278e, org.springframework.security.web.context.SecurityContextHolderFilter@70ef340b, org.springframework.security.web.header.HeaderWriterFilter@46287b6b, org.springframework.web.filter.CorsFilter@8aedeb4, org.springframework.security.web.authentication.logout.LogoutFilter@7d440b1f, com.tutoring.security.JwtAuthenticationFilter@1ec09a68, org.springframework.security.web.savedrequest.RequestCacheAwareFilter@c421318, org.springframework.security.web.servletapi.SecurityContextHolderAwareRequestFilter@5e9da956, org.springframework.security.web.authentication.AnonymousAuthenticationFilter@5f5b255e, org.springframework.security.web.session.SessionManagementFilter@57bbdcf1, org.springframework.security.web.access.ExceptionTranslationFilter@5f76d1a0, org.springframework.security.web.access.intercept.AuthorizationFilter@166a38a8]
2026-04-29T20:41:55.742+05:30  INFO 41793 --- [peer-tutoring-backend] [           main] o.s.b.w.embedded.tomcat.TomcatWebServer  : Tomcat started on port 8080 (http) with context path ''
2026-04-29T20:41:55.757+05:30  INFO 41793 --- [peer-tutoring-backend] [           main] com.tutoring.PeerTutoringApplication     : Started PeerTutoringApplication in 5.593 seconds (process running for 6.041)
2026-04-29T20:41:57.768+05:30  INFO 41793 --- [peer-tutoring-backend] [nio-8080-exec-1] o.a.c.c.C.[Tomcat].[localhost].[/]       : Initializing Spring DispatcherServlet 'dispatcherServlet'
2026-04-29T20:41:57.768+05:30  INFO 41793 --- [peer-tutoring-backend] [nio-8080-exec-1] o.s.web.servlet.DispatcherServlet        : Initializing Servlet 'dispatcherServlet'
2026-04-29T20:41:57.770+05:30  INFO 41793 --- [peer-tutoring-backend] [nio-8080-exec-1] o.s.web.servlet.DispatcherServlet        : Completed initialization in 2 ms
2026-04-29T20:41:57.777+05:30 DEBUG 41793 --- [peer-tutoring-backend] [nio-8080-exec-1] o.s.security.web.FilterChainProxy        : Securing GET /api/sessions
2026-04-29T20:41:57.785+05:30 DEBUG 41793 --- [peer-tutoring-backend] [nio-8080-exec-1] o.s.s.w.a.AnonymousAuthenticationFilter  : Set SecurityContextHolder to anonymous SecurityContext
2026-04-29T20:41:57.786+05:30  WARN 41793 --- [peer-tutoring-backend] [nio-8080-exec-1] o.s.w.s.h.HandlerMappingIntrospector     : Cache miss for REQUEST dispatch to '/api/sessions' (previous null). Performing MatchableHandlerMapping lookup. This is logged once only at WARN level, and every time at TRACE.
2026-04-29T20:41:57.796+05:30 DEBUG 41793 --- [peer-tutoring-backend] [nio-8080-exec-1] o.s.security.web.FilterChainProxy        : Secured GET /api/sessions
Hibernate: 
    select
        s1_0.id,
        s1_0.created_at,
        s1_0.description,
        s1_0.end_time,
        s1_0.enrolled_students,
        s1_0.max_students,
        s1_0.price,
        s1_0.start_time,
        s1_0.status,
        s1_0.subject,
        s1_0.title,
        s1_0.tutor_id,
        s1_0.type,
        s1_0.updated_at 
    from
        sessions s1_0
2026-04-29T20:42:20.554+05:30 DEBUG 41793 --- [peer-tutoring-backend] [nio-8080-exec-3] o.s.security.web.FilterChainProxy        : Securing POST /api/auth/login
2026-04-29T20:42:20.554+05:30 DEBUG 41793 --- [peer-tutoring-backend] [nio-8080-exec-3] o.s.s.w.a.AnonymousAuthenticationFilter  : Set SecurityContextHolder to anonymous SecurityContext
2026-04-29T20:42:20.555+05:30 DEBUG 41793 --- [peer-tutoring-backend] [nio-8080-exec-3] o.s.security.web.FilterChainProxy        : Secured POST /api/auth/login
Hibernate: 
    select
        u1_0.id,
        u1_0.active,
        u1_0.created_at,
        u1_0.email,
        u1_0.first_name,
        u1_0.last_name,
        u1_0.password,
        u1_0.phone_number,
        u1_0.role,
        u1_0.updated_at,
        u1_0.verified 
    from
        users u1_0 
    where
        u1_0.email=?
2026-04-29T20:42:20.914+05:30 DEBUG 41793 --- [peer-tutoring-backend] [nio-8080-exec-3] o.s.s.a.dao.DaoAuthenticationProvider    : Failed to find user 'subhodipb8@gmail.com'
2026-04-29T20:42:20.976+05:30 DEBUG 41793 --- [peer-tutoring-backend] [nio-8080-exec-4] o.s.security.web.FilterChainProxy        : Securing POST /api/sessions
2026-04-29T20:42:20.976+05:30 DEBUG 41793 --- [peer-tutoring-backend] [nio-8080-exec-4] o.s.s.w.a.AnonymousAuthenticationFilter  : Set SecurityContextHolder to anonymous SecurityContext
2026-04-29T20:42:20.978+05:30 DEBUG 41793 --- [peer-tutoring-backend] [nio-8080-exec-4] o.s.s.w.a.Http403ForbiddenEntryPoint     : Pre-authenticated entry point called. Rejecting access
2026-04-29T20:42:20.981+05:30 DEBUG 41793 --- [peer-tutoring-backend] [nio-8080-exec-4] o.s.security.web.FilterChainProxy        : Securing POST /error
2026-04-29T20:42:20.983+05:30 DEBUG 41793 --- [peer-tutoring-backend] [nio-8080-exec-4] o.s.s.w.a.AnonymousAuthenticationFilter  : Set SecurityContextHolder to anonymous SecurityContext
2026-04-29T20:42:20.984+05:30 DEBUG 41793 --- [peer-tutoring-backend] [nio-8080-exec-4] o.s.s.w.a.Http403ForbiddenEntryPoint     : Pre-authenticated entry point called. Rejecting access
2026-04-29T20:42:21.006+05:30 DEBUG 41793 --- [peer-tutoring-backend] [nio-8080-exec-6] o.s.security.web.FilterChainProxy        : Securing POST /api/sessions
2026-04-29T20:42:21.006+05:30 DEBUG 41793 --- [peer-tutoring-backend] [nio-8080-exec-6] o.s.s.w.a.AnonymousAuthenticationFilter  : Set SecurityContextHolder to anonymous SecurityContext
2026-04-29T20:42:21.007+05:30 DEBUG 41793 --- [peer-tutoring-backend] [nio-8080-exec-6] o.s.s.w.a.Http403ForbiddenEntryPoint     : Pre-authenticated entry point called. Rejecting access
2026-04-29T20:42:21.007+05:30 DEBUG 41793 --- [peer-tutoring-backend] [nio-8080-exec-6] o.s.security.web.FilterChainProxy        : Securing POST /error
2026-04-29T20:42:21.009+05:30 DEBUG 41793 --- [peer-tutoring-backend] [nio-8080-exec-6] o.s.s.w.a.AnonymousAuthenticationFilter  : Set SecurityContextHolder to anonymous SecurityContext
2026-04-29T20:42:21.009+05:30 DEBUG 41793 --- [peer-tutoring-backend] [nio-8080-exec-6] o.s.s.w.a.Http403ForbiddenEntryPoint     : Pre-authenticated entry point called. Rejecting access
2026-04-29T20:42:56.137+05:30 DEBUG 41793 --- [peer-tutoring-backend] [nio-8080-exec-8] o.s.security.web.FilterChainProxy        : Securing POST /api/auth/login
2026-04-29T20:42:56.138+05:30 DEBUG 41793 --- [peer-tutoring-backend] [nio-8080-exec-8] o.s.s.w.a.AnonymousAuthenticationFilter  : Set SecurityContextHolder to anonymous SecurityContext
2026-04-29T20:42:56.138+05:30 DEBUG 41793 --- [peer-tutoring-backend] [nio-8080-exec-8] o.s.security.web.FilterChainProxy        : Secured POST /api/auth/login
Hibernate: 
    select
        u1_0.id,
        u1_0.active,
        u1_0.created_at,
        u1_0.email,
        u1_0.first_name,
        u1_0.last_name,
        u1_0.password,
        u1_0.phone_number,
        u1_0.role,
        u1_0.updated_at,
        u1_0.verified 
    from
        users u1_0 
    where
        u1_0.email=?
2026-04-29T20:42:56.254+05:30 DEBUG 41793 --- [peer-tutoring-backend] [nio-8080-exec-8] o.s.s.a.dao.DaoAuthenticationProvider    : Failed to find user 'subhodipb8@gmail.com'
2026-04-29T20:42:56.296+05:30 DEBUG 41793 --- [peer-tutoring-backend] [nio-8080-exec-9] o.s.security.web.FilterChainProxy        : Securing POST /api/sessions
2026-04-29T20:42:56.296+05:30 DEBUG 41793 --- [peer-tutoring-backend] [nio-8080-exec-9] o.s.s.w.a.AnonymousAuthenticationFilter  : Set SecurityContextHolder to anonymous SecurityContext
2026-04-29T20:42:56.297+05:30 DEBUG 41793 --- [peer-tutoring-backend] [nio-8080-exec-9] o.s.s.w.a.Http403ForbiddenEntryPoint     : Pre-authenticated entry point called. Rejecting access
2026-04-29T20:42:56.297+05:30 DEBUG 41793 --- [peer-tutoring-backend] [nio-8080-exec-9] o.s.security.web.FilterChainProxy        : Securing POST /error
2026-04-29T20:42:56.298+05:30 DEBUG 41793 --- [peer-tutoring-backend] [nio-8080-exec-9] o.s.s.w.a.AnonymousAuthenticationFilter  : Set SecurityContextHolder to anonymous SecurityContext
2026-04-29T20:42:56.298+05:30 DEBUG 41793 --- [peer-tutoring-backend] [nio-8080-exec-9] o.s.s.w.a.Http403ForbiddenEntryPoint     : Pre-authenticated entry point called. Rejecting access
2026-04-29T20:43:13.486+05:30 DEBUG 41793 --- [peer-tutoring-backend] [nio-8080-exec-1] o.s.security.web.FilterChainProxy        : Securing POST /api/auth/register
2026-04-29T20:43:13.487+05:30 DEBUG 41793 --- [peer-tutoring-backend] [nio-8080-exec-1] o.s.s.w.a.AnonymousAuthenticationFilter  : Set SecurityContextHolder to anonymous SecurityContext
2026-04-29T20:43:13.487+05:30 DEBUG 41793 --- [peer-tutoring-backend] [nio-8080-exec-1] o.s.security.web.FilterChainProxy        : Secured POST /api/auth/register
Hibernate: 
    select
        u1_0.id 
    from
        users u1_0 
    where
        u1_0.email=? 
    fetch
        first ? rows only
Hibernate: 
    insert 
    into
        users
        (active, created_at, email, first_name, last_name, password, phone_number, role, updated_at, verified, id) 
    values
        (?, ?, ?, ?, ?, ?, ?, ?, ?, ?, default)
2026-04-29T20:43:13.681+05:30 DEBUG 41793 --- [peer-tutoring-backend] [nio-8080-exec-3] o.s.security.web.FilterChainProxy        : Securing POST /api/auth/login
2026-04-29T20:43:13.681+05:30 DEBUG 41793 --- [peer-tutoring-backend] [nio-8080-exec-3] o.s.s.w.a.AnonymousAuthenticationFilter  : Set SecurityContextHolder to anonymous SecurityContext
2026-04-29T20:43:13.682+05:30 DEBUG 41793 --- [peer-tutoring-backend] [nio-8080-exec-3] o.s.security.web.FilterChainProxy        : Secured POST /api/auth/login
Hibernate: 
    select
        u1_0.id,
        u1_0.active,
        u1_0.created_at,
        u1_0.email,
        u1_0.first_name,
        u1_0.last_name,
        u1_0.password,
        u1_0.phone_number,
        u1_0.role,
        u1_0.updated_at,
        u1_0.verified 
    from
        users u1_0 
    where
        u1_0.email=?
Hibernate: 
    select
        tp1_0.id,
        tp1_0.average_rating,
        tp1_0.bio,
        tp1_0.created_at,
        tp1_0.hourly_rate,
        tp1_0.status,
        tp1_0.subject,
        tp1_0.total_sessions,
        tp1_0.updated_at,
        tp1_0.user_id,
        tp1_0.years_of_experience 
    from
        tutor_profiles tp1_0 
    where
        tp1_0.user_id=?
2026-04-29T20:43:13.797+05:30 DEBUG 41793 --- [peer-tutoring-backend] [nio-8080-exec-3] o.s.s.a.dao.DaoAuthenticationProvider    : Authenticated user
2026-04-29T20:43:13.912+05:30 DEBUG 41793 --- [peer-tutoring-backend] [nio-8080-exec-5] o.s.security.web.FilterChainProxy        : Securing POST /api/tutor/profile
2026-04-29T20:43:13.913+05:30 DEBUG 41793 --- [peer-tutoring-backend] [nio-8080-exec-5] c.t.security.JwtAuthenticationFilter     : JWT Token found: eyJhbGciOiJIUzM4NCJ9...
2026-04-29T20:43:13.943+05:30 DEBUG 41793 --- [peer-tutoring-backend] [nio-8080-exec-5] c.t.security.JwtAuthenticationFilter     : JWT valid, email: subhodipb8@gmail.com
Hibernate: 
    select
        u1_0.id,
        u1_0.active,
        u1_0.created_at,
        u1_0.email,
        u1_0.first_name,
        u1_0.last_name,
        u1_0.password,
        u1_0.phone_number,
        u1_0.role,
        u1_0.updated_at,
        u1_0.verified 
    from
        users u1_0 
    where
        u1_0.email=?
Hibernate: 
    select
        tp1_0.id,
        tp1_0.average_rating,
        tp1_0.bio,
        tp1_0.created_at,
        tp1_0.hourly_rate,
        tp1_0.status,
        tp1_0.subject,
        tp1_0.total_sessions,
        tp1_0.updated_at,
        tp1_0.user_id,
        tp1_0.years_of_experience 
    from
        tutor_profiles tp1_0 
    where
        tp1_0.user_id=?
2026-04-29T20:43:13.948+05:30 DEBUG 41793 --- [peer-tutoring-backend] [nio-8080-exec-5] c.t.security.JwtAuthenticationFilter     : Authentication set for user: subhodipb8@gmail.com
2026-04-29T20:43:13.949+05:30 DEBUG 41793 --- [peer-tutoring-backend] [nio-8080-exec-5] o.s.security.web.FilterChainProxy        : Secured POST /api/tutor/profile
2026-04-29T20:43:13.964+05:30 DEBUG 41793 --- [peer-tutoring-backend] [nio-8080-exec-5] horizationManagerBeforeMethodInterceptor : Authorizing method invocation ReflectiveMethodInvocation: public org.springframework.http.ResponseEntity com.tutoring.controller.TutorController.createProfile(com.tutoring.security.UserDetailsImpl,com.tutoring.dto.TutorProfileRequest); target is of class [com.tutoring.controller.TutorController]
2026-04-29T20:43:13.977+05:30 DEBUG 41793 --- [peer-tutoring-backend] [nio-8080-exec-5] horizationManagerBeforeMethodInterceptor : Authorized method invocation ReflectiveMethodInvocation: public org.springframework.http.ResponseEntity com.tutoring.controller.TutorController.createProfile(com.tutoring.security.UserDetailsImpl,com.tutoring.dto.TutorProfileRequest); target is of class [com.tutoring.controller.TutorController]
Hibernate: 
    select
        tp1_0.id,
        tp1_0.average_rating,
        tp1_0.bio,
        tp1_0.created_at,
        tp1_0.hourly_rate,
        tp1_0.status,
        tp1_0.subject,
        tp1_0.total_sessions,
        tp1_0.updated_at,
        tp1_0.user_id,
        tp1_0.years_of_experience 
    from
        tutor_profiles tp1_0 
    where
        tp1_0.user_id=?
Hibernate: 
    select
        u1_0.id,
        u1_0.active,
        u1_0.created_at,
        u1_0.email,
        u1_0.first_name,
        u1_0.last_name,
        u1_0.password,
        u1_0.phone_number,
        u1_0.role,
        u1_0.updated_at,
        u1_0.verified 
    from
        users u1_0 
    where
        u1_0.id=?
Hibernate: 
    select
        tp1_0.id,
        tp1_0.average_rating,
        tp1_0.bio,
        tp1_0.created_at,
        tp1_0.hourly_rate,
        tp1_0.status,
        tp1_0.subject,
        tp1_0.total_sessions,
        tp1_0.updated_at,
        tp1_0.user_id,
        tp1_0.years_of_experience 
    from
        tutor_profiles tp1_0 
    where
        tp1_0.user_id=?
Hibernate: 
    insert 
    into
        tutor_profiles
        (average_rating, bio, created_at, hourly_rate, status, subject, total_sessions, updated_at, user_id, years_of_experience, id) 
    values
        (?, ?, ?, ?, ?, ?, ?, ?, ?, ?, default)
Hibernate: 
    insert 
    into
        tutor_subjects
        (tutor_id, subject_name) 
    values
        (?, ?)
2026-04-29T20:43:14.051+05:30 DEBUG 41793 --- [peer-tutoring-backend] [nio-8080-exec-7] o.s.security.web.FilterChainProxy        : Securing POST /api/sessions
2026-04-29T20:43:14.052+05:30 DEBUG 41793 --- [peer-tutoring-backend] [nio-8080-exec-7] c.t.security.JwtAuthenticationFilter     : JWT Token found: eyJhbGciOiJIUzM4NCJ9...
2026-04-29T20:43:14.054+05:30 DEBUG 41793 --- [peer-tutoring-backend] [nio-8080-exec-7] c.t.security.JwtAuthenticationFilter     : JWT valid, email: subhodipb8@gmail.com
Hibernate: 
    select
        u1_0.id,
        u1_0.active,
        u1_0.created_at,
        u1_0.email,
        u1_0.first_name,
        u1_0.last_name,
        u1_0.password,
        u1_0.phone_number,
        u1_0.role,
        u1_0.updated_at,
        u1_0.verified 
    from
        users u1_0 
    where
        u1_0.email=?
Hibernate: 
    select
        tp1_0.id,
        tp1_0.average_rating,
        tp1_0.bio,
        tp1_0.created_at,
        tp1_0.hourly_rate,
        tp1_0.status,
        tp1_0.subject,
        tp1_0.total_sessions,
        tp1_0.updated_at,
        tp1_0.user_id,
        tp1_0.years_of_experience 
    from
        tutor_profiles tp1_0 
    where
        tp1_0.user_id=?
2026-04-29T20:43:14.061+05:30 DEBUG 41793 --- [peer-tutoring-backend] [nio-8080-exec-7] c.t.security.JwtAuthenticationFilter     : Authentication set for user: subhodipb8@gmail.com
2026-04-29T20:43:14.062+05:30 DEBUG 41793 --- [peer-tutoring-backend] [nio-8080-exec-7] o.s.security.web.FilterChainProxy        : Secured POST /api/sessions
2026-04-29T20:43:14.081+05:30 DEBUG 41793 --- [peer-tutoring-backend] [nio-8080-exec-7] horizationManagerBeforeMethodInterceptor : Authorizing method invocation ReflectiveMethodInvocation: public org.springframework.http.ResponseEntity com.tutoring.controller.SessionController.createSession(com.tutoring.security.UserDetailsImpl,com.tutoring.dto.SessionRequest); target is of class [com.tutoring.controller.SessionController]
2026-04-29T20:43:14.082+05:30 DEBUG 41793 --- [peer-tutoring-backend] [nio-8080-exec-7] horizationManagerBeforeMethodInterceptor : Authorized method invocation ReflectiveMethodInvocation: public org.springframework.http.ResponseEntity com.tutoring.controller.SessionController.createSession(com.tutoring.security.UserDetailsImpl,com.tutoring.dto.SessionRequest); target is of class [com.tutoring.controller.SessionController]
Hibernate: 
    select
        u1_0.id,
        u1_0.active,
        u1_0.created_at,
        u1_0.email,
        u1_0.first_name,
        u1_0.last_name,
        u1_0.password,
        u1_0.phone_number,
        u1_0.role,
        u1_0.updated_at,
        u1_0.verified 
    from
        users u1_0 
    where
        u1_0.id=?
Hibernate: 
    select
        tp1_0.id,
        tp1_0.average_rating,
        tp1_0.bio,
        tp1_0.created_at,
        tp1_0.hourly_rate,
        tp1_0.status,
        tp1_0.subject,
        tp1_0.total_sessions,
        tp1_0.updated_at,
        tp1_0.user_id,
        tp1_0.years_of_experience 
    from
        tutor_profiles tp1_0 
    where
        tp1_0.user_id=?
Hibernate: 
    select
        s1_0.id,
        s1_0.created_at,
        s1_0.description,
        s1_0.end_time,
        s1_0.enrolled_students,
        s1_0.max_students,
        s1_0.price,
        s1_0.start_time,
        s1_0.status,
        s1_0.subject,
        s1_0.title,
        s1_0.tutor_id,
        s1_0.type,
        s1_0.updated_at 
    from
        sessions s1_0 
    where
        s1_0.tutor_id=? 
        and (
            (
                s1_0.start_time between ? and ?
            ) 
            or (
                s1_0.end_time between ? and ?
            )
        )
Hibernate: 
    insert 
    into
        sessions
        (created_at, description, end_time, enrolled_students, max_students, price, start_time, status, subject, title, tutor_id, type, updated_at, id) 
    values
        (?, ?, ?, ?, ?, ?, ?, ?, ?, ?, ?, ?, ?, default)
2026-04-29T20:43:30.531+05:30 DEBUG 41793 --- [peer-tutoring-backend] [nio-8080-exec-9] o.s.security.web.FilterChainProxy        : Securing POST /api/sessions
2026-04-29T20:43:30.532+05:30 DEBUG 41793 --- [peer-tutoring-backend] [nio-8080-exec-9] c.t.security.JwtAuthenticationFilter     : JWT Token found: eyJhbGciOiJIUzM4NCJ9...
Invalid JWT token: Invalid compact JWT string: Compact JWSs must contain exactly 2 period characters, and compact JWEs must contain exactly 4.  Found: 1
2026-04-29T20:43:30.532+05:30 DEBUG 41793 --- [peer-tutoring-backend] [nio-8080-exec-9] c.t.security.JwtAuthenticationFilter     : JWT token validation failed
2026-04-29T20:43:30.532+05:30 DEBUG 41793 --- [peer-tutoring-backend] [nio-8080-exec-9] o.s.s.w.a.AnonymousAuthenticationFilter  : Set SecurityContextHolder to anonymous SecurityContext
2026-04-29T20:43:30.533+05:30 DEBUG 41793 --- [peer-tutoring-backend] [nio-8080-exec-9] o.s.s.w.a.Http403ForbiddenEntryPoint     : Pre-authenticated entry point called. Rejecting access
2026-04-29T20:43:30.534+05:30 DEBUG 41793 --- [peer-tutoring-backend] [nio-8080-exec-9] o.s.security.web.FilterChainProxy        : Securing POST /error
2026-04-29T20:43:30.535+05:30 DEBUG 41793 --- [peer-tutoring-backend] [nio-8080-exec-9] o.s.s.w.a.AnonymousAuthenticationFilter  : Set SecurityContextHolder to anonymous SecurityContext
2026-04-29T20:43:30.535+05:30 DEBUG 41793 --- [peer-tutoring-backend] [nio-8080-exec-9] o.s.s.w.a.Http403ForbiddenEntryPoint     : Pre-authenticated entry point called. Rejecting access
2026-04-29T20:43:54.303+05:30 DEBUG 41793 --- [peer-tutoring-backend] [nio-8080-exec-1] o.s.security.web.FilterChainProxy        : Securing POST /api/auth/login
2026-04-29T20:43:54.304+05:30 DEBUG 41793 --- [peer-tutoring-backend] [nio-8080-exec-1] o.s.s.w.a.AnonymousAuthenticationFilter  : Set SecurityContextHolder to anonymous SecurityContext
2026-04-29T20:43:54.305+05:30 DEBUG 41793 --- [peer-tutoring-backend] [nio-8080-exec-1] o.s.security.web.FilterChainProxy        : Secured POST /api/auth/login
Hibernate: 
    select
        u1_0.id,
        u1_0.active,
        u1_0.created_at,
        u1_0.email,
        u1_0.first_name,
        u1_0.last_name,
        u1_0.password,
        u1_0.phone_number,
        u1_0.role,
        u1_0.updated_at,
        u1_0.verified 
    from
        users u1_0 
    where
        u1_0.email=?
Hibernate: 
    select
        tp1_0.id,
        tp1_0.average_rating,
        tp1_0.bio,
        tp1_0.created_at,
        tp1_0.hourly_rate,
        tp1_0.status,
        tp1_0.subject,
        tp1_0.total_sessions,
        tp1_0.updated_at,
        tp1_0.user_id,
        tp1_0.years_of_experience 
    from
        tutor_profiles tp1_0 
    where
        tp1_0.user_id=?
2026-04-29T20:43:54.418+05:30 DEBUG 41793 --- [peer-tutoring-backend] [nio-8080-exec-1] o.s.s.a.dao.DaoAuthenticationProvider    : Authenticated user
2026-04-29T20:43:54.442+05:30 DEBUG 41793 --- [peer-tutoring-backend] [nio-8080-exec-3] o.s.security.web.FilterChainProxy        : Securing POST /api/sessions
2026-04-29T20:43:54.443+05:30 DEBUG 41793 --- [peer-tutoring-backend] [nio-8080-exec-3] c.t.security.JwtAuthenticationFilter     : JWT Token found: eyJhbGciOiJIUzM4NCJ9...
2026-04-29T20:43:54.444+05:30 DEBUG 41793 --- [peer-tutoring-backend] [nio-8080-exec-3] c.t.security.JwtAuthenticationFilter     : JWT valid, email: subhodipb8@gmail.com
Hibernate: 
    select
        u1_0.id,
        u1_0.active,
        u1_0.created_at,
        u1_0.email,
        u1_0.first_name,
        u1_0.last_name,
        u1_0.password,
        u1_0.phone_number,
        u1_0.role,
        u1_0.updated_at,
        u1_0.verified 
    from
        users u1_0 
    where
        u1_0.email=?
Hibernate: 
    select
        tp1_0.id,
        tp1_0.average_rating,
        tp1_0.bio,
        tp1_0.created_at,
        tp1_0.hourly_rate,
        tp1_0.status,
        tp1_0.subject,
        tp1_0.total_sessions,
        tp1_0.updated_at,
        tp1_0.user_id,
        tp1_0.years_of_experience 
    from
        tutor_profiles tp1_0 
    where
        tp1_0.user_id=?
2026-04-29T20:43:54.447+05:30 DEBUG 41793 --- [peer-tutoring-backend] [nio-8080-exec-3] c.t.security.JwtAuthenticationFilter     : Authentication set for user: subhodipb8@gmail.com
2026-04-29T20:43:54.448+05:30 DEBUG 41793 --- [peer-tutoring-backend] [nio-8080-exec-3] o.s.security.web.FilterChainProxy        : Secured POST /api/sessions
2026-04-29T20:43:54.449+05:30 DEBUG 41793 --- [peer-tutoring-backend] [nio-8080-exec-3] horizationManagerBeforeMethodInterceptor : Authorizing method invocation ReflectiveMethodInvocation: public org.springframework.http.ResponseEntity com.tutoring.controller.SessionController.createSession(com.tutoring.security.UserDetailsImpl,com.tutoring.dto.SessionRequest); target is of class [com.tutoring.controller.SessionController]
2026-04-29T20:43:54.449+05:30 DEBUG 41793 --- [peer-tutoring-backend] [nio-8080-exec-3] horizationManagerBeforeMethodInterceptor : Authorized method invocation ReflectiveMethodInvocation: public org.springframework.http.ResponseEntity com.tutoring.controller.SessionController.createSession(com.tutoring.security.UserDetailsImpl,com.tutoring.dto.SessionRequest); target is of class [com.tutoring.controller.SessionController]
Hibernate: 
    select
        u1_0.id,
        u1_0.active,
        u1_0.created_at,
        u1_0.email,
        u1_0.first_name,
        u1_0.last_name,
        u1_0.password,
        u1_0.phone_number,
        u1_0.role,
        u1_0.updated_at,
        u1_0.verified 
    from
        users u1_0 
    where
        u1_0.id=?
Hibernate: 
    select
        tp1_0.id,
        tp1_0.average_rating,
        tp1_0.bio,
        tp1_0.created_at,
        tp1_0.hourly_rate,
        tp1_0.status,
        tp1_0.subject,
        tp1_0.total_sessions,
        tp1_0.updated_at,
        tp1_0.user_id,
        tp1_0.years_of_experience 
    from
        tutor_profiles tp1_0 
    where
        tp1_0.user_id=?
Hibernate: 
    select
        s1_0.id,
        s1_0.created_at,
        s1_0.description,
        s1_0.end_time,
        s1_0.enrolled_students,
        s1_0.max_students,
        s1_0.price,
        s1_0.start_time,
        s1_0.status,
        s1_0.subject,
        s1_0.title,
        s1_0.tutor_id,
        s1_0.type,
        s1_0.updated_at 
    from
        sessions s1_0 
    where
        s1_0.tutor_id=? 
        and (
            (
                s1_0.start_time between ? and ?
            ) 
            or (
                s1_0.end_time between ? and ?
            )
        )
2026-04-29T20:44:27.382+05:30 DEBUG 41793 --- [peer-tutoring-backend] [nio-8080-exec-4] o.s.security.web.FilterChainProxy        : Securing GET /api/sessions/available
2026-04-29T20:44:27.385+05:30 DEBUG 41793 --- [peer-tutoring-backend] [nio-8080-exec-5] o.s.security.web.FilterChainProxy        : Securing GET /favicon.ico
2026-04-29T20:44:27.386+05:30 DEBUG 41793 --- [peer-tutoring-backend] [nio-8080-exec-5] o.s.s.w.a.AnonymousAuthenticationFilter  : Set SecurityContextHolder to anonymous SecurityContext
2026-04-29T20:44:27.405+05:30 DEBUG 41793 --- [peer-tutoring-backend] [nio-8080-exec-4] o.s.s.w.a.AnonymousAuthenticationFilter  : Set SecurityContextHolder to anonymous SecurityContext
2026-04-29T20:44:27.406+05:30 DEBUG 41793 --- [peer-tutoring-backend] [nio-8080-exec-4] o.s.security.web.FilterChainProxy        : Secured GET /api/sessions/available
2026-04-29T20:44:27.409+05:30 DEBUG 41793 --- [peer-tutoring-backend] [nio-8080-exec-5] o.s.s.w.a.Http403ForbiddenEntryPoint     : Pre-authenticated entry point called. Rejecting access
2026-04-29T20:44:27.410+05:30 DEBUG 41793 --- [peer-tutoring-backend] [nio-8080-exec-5] o.s.security.web.FilterChainProxy        : Securing GET /error
2026-04-29T20:44:27.412+05:30 DEBUG 41793 --- [peer-tutoring-backend] [nio-8080-exec-5] o.s.s.w.a.AnonymousAuthenticationFilter  : Set SecurityContextHolder to anonymous SecurityContext
2026-04-29T20:44:27.412+05:30 DEBUG 41793 --- [peer-tutoring-backend] [nio-8080-exec-5] o.s.s.w.a.Http403ForbiddenEntryPoint     : Pre-authenticated entry point called. Rejecting access
Hibernate: 
    select
        s1_0.id,
        s1_0.created_at,
        s1_0.description,
        s1_0.end_time,
        s1_0.enrolled_students,
        s1_0.max_students,
        s1_0.price,
        s1_0.start_time,
        s1_0.status,
        s1_0.subject,
        s1_0.title,
        s1_0.tutor_id,
        s1_0.type,
        s1_0.updated_at 
    from
        sessions s1_0 
    where
        s1_0.status=?
Hibernate: 
    select
        u1_0.id,
        u1_0.active,
        u1_0.created_at,
        u1_0.email,
        u1_0.first_name,
        u1_0.last_name,
        u1_0.password,
        u1_0.phone_number,
        u1_0.role,
        u1_0.updated_at,
        u1_0.verified 
    from
        users u1_0 
    where
        u1_0.id=?
Hibernate: 
    select
        tp1_0.id,
        tp1_0.average_rating,
        tp1_0.bio,
        tp1_0.created_at,
        tp1_0.hourly_rate,
        tp1_0.status,
        tp1_0.subject,
        tp1_0.total_sessions,
        tp1_0.updated_at,
        tp1_0.user_id,
        tp1_0.years_of_experience 
    from
        tutor_profiles tp1_0 
    where
        tp1_0.user_id=?
2026-04-29T20:44:27.465+05:30 DEBUG 41793 --- [peer-tutoring-backend] [nio-8080-exec-6] o.s.security.web.FilterChainProxy        : Securing GET /api/sessions/available
2026-04-29T20:44:27.466+05:30 DEBUG 41793 --- [peer-tutoring-backend] [nio-8080-exec-6] o.s.s.w.a.AnonymousAuthenticationFilter  : Set SecurityContextHolder to anonymous SecurityContext
2026-04-29T20:44:27.466+05:30 DEBUG 41793 --- [peer-tutoring-backend] [nio-8080-exec-6] o.s.security.web.FilterChainProxy        : Secured GET /api/sessions/available
Hibernate: 
    select
        s1_0.id,
        s1_0.created_at,
        s1_0.description,
        s1_0.end_time,
        s1_0.enrolled_students,
        s1_0.max_students,
        s1_0.price,
        s1_0.start_time,
        s1_0.status,
        s1_0.subject,
        s1_0.title,
        s1_0.tutor_id,
        s1_0.type,
        s1_0.updated_at 
    from
        sessions s1_0 
    where
        s1_0.status=?
Hibernate: 
    select
        u1_0.id,
        u1_0.active,
        u1_0.created_at,
        u1_0.email,
        u1_0.first_name,
        u1_0.last_name,
        u1_0.password,
        u1_0.phone_number,
        u1_0.role,
        u1_0.updated_at,
        u1_0.verified 
    from
        users u1_0 
    where
        u1_0.id=?
Hibernate: 
    select
        tp1_0.id,
        tp1_0.average_rating,
        tp1_0.bio,
        tp1_0.created_at,
        tp1_0.hourly_rate,
        tp1_0.status,
        tp1_0.subject,
        tp1_0.total_sessions,
        tp1_0.updated_at,
        tp1_0.user_id,
        tp1_0.years_of_experience 
    from
        tutor_profiles tp1_0 
    where
        tp1_0.user_id=?
2026-04-29T20:44:28.664+05:30 DEBUG 41793 --- [peer-tutoring-backend] [nio-8080-exec-7] o.s.security.web.FilterChainProxy        : Securing GET /api/sessions/available
2026-04-29T20:44:28.665+05:30 DEBUG 41793 --- [peer-tutoring-backend] [nio-8080-exec-7] o.s.s.w.a.AnonymousAuthenticationFilter  : Set SecurityContextHolder to anonymous SecurityContext
2026-04-29T20:44:28.666+05:30 DEBUG 41793 --- [peer-tutoring-backend] [nio-8080-exec-8] o.s.security.web.FilterChainProxy        : Securing GET /favicon.ico
2026-04-29T20:44:28.666+05:30 DEBUG 41793 --- [peer-tutoring-backend] [nio-8080-exec-7] o.s.security.web.FilterChainProxy        : Secured GET /api/sessions/available
2026-04-29T20:44:28.666+05:30 DEBUG 41793 --- [peer-tutoring-backend] [nio-8080-exec-8] o.s.s.w.a.AnonymousAuthenticationFilter  : Set SecurityContextHolder to anonymous SecurityContext
Hibernate: 
    select
        s1_0.id,
        s1_0.created_at,
        s1_0.description,
        s1_0.end_time,
        s1_0.enrolled_students,
        s1_0.max_students,
        s1_0.price,
        s1_0.start_time,
        s1_0.status,
        s1_0.subject,
        s1_0.title,
        s1_0.tutor_id,
        s1_0.type,
        s1_0.updated_at 
    from
        sessions s1_0 
    where
        s1_0.status=?
Hibernate: 
    select
        u1_0.id,
        u1_0.active,
        u1_0.created_at,
        u1_0.email,
        u1_0.first_name,
        u1_0.last_name,
        u1_0.password,
        u1_0.phone_number,
        u1_0.role,
        u1_0.updated_at,
        u1_0.verified 
    from
        users u1_0 
    where
        u1_0.id=?
2026-04-29T20:44:28.678+05:30 DEBUG 41793 --- [peer-tutoring-backend] [nio-8080-exec-8] o.s.s.w.a.Http403ForbiddenEntryPoint     : Pre-authenticated entry point called. Rejecting access
Hibernate: 
    select
        tp1_0.id,
        tp1_0.average_rating,
        tp1_0.bio,
        tp1_0.created_at,
        tp1_0.hourly_rate,
        tp1_0.status,
        tp1_0.subject,
        tp1_0.total_sessions,
        tp1_0.updated_at,
        tp1_0.user_id,
        tp1_0.years_of_experience 
    from
        tutor_profiles tp1_0 
    where
        tp1_0.user_id=?
2026-04-29T20:44:28.679+05:30 DEBUG 41793 --- [peer-tutoring-backend] [nio-8080-exec-8] o.s.security.web.FilterChainProxy        : Securing GET /error
2026-04-29T20:44:28.690+05:30 DEBUG 41793 --- [peer-tutoring-backend] [nio-8080-exec-9] o.s.security.web.FilterChainProxy        : Securing GET /api/sessions/available
2026-04-29T20:44:28.694+05:30 DEBUG 41793 --- [peer-tutoring-backend] [nio-8080-exec-8] o.s.s.w.a.AnonymousAuthenticationFilter  : Set SecurityContextHolder to anonymous SecurityContext
2026-04-29T20:44:28.694+05:30 DEBUG 41793 --- [peer-tutoring-backend] [nio-8080-exec-8] o.s.s.w.a.Http403ForbiddenEntryPoint     : Pre-authenticated entry point called. Rejecting access
2026-04-29T20:44:28.695+05:30 DEBUG 41793 --- [peer-tutoring-backend] [nio-8080-exec-9] o.s.s.w.a.AnonymousAuthenticationFilter  : Set SecurityContextHolder to anonymous SecurityContext
2026-04-29T20:44:28.695+05:30 DEBUG 41793 --- [peer-tutoring-backend] [nio-8080-exec-9] o.s.security.web.FilterChainProxy        : Secured GET /api/sessions/available
Hibernate: 
    select
        s1_0.id,
        s1_0.created_at,
        s1_0.description,
        s1_0.end_time,
        s1_0.enrolled_students,
        s1_0.max_students,
        s1_0.price,
        s1_0.start_time,
        s1_0.status,
        s1_0.subject,
        s1_0.title,
        s1_0.tutor_id,
        s1_0.type,
        s1_0.updated_at 
    from
        sessions s1_0 
    where
        s1_0.status=?
Hibernate: 
    select
        u1_0.id,
        u1_0.active,
        u1_0.created_at,
        u1_0.email,
        u1_0.first_name,
        u1_0.last_name,
        u1_0.password,
        u1_0.phone_number,
        u1_0.role,
        u1_0.updated_at,
        u1_0.verified 
    from
        users u1_0 
    where
        u1_0.id=?
Hibernate: 
    select
        tp1_0.id,
        tp1_0.average_rating,
        tp1_0.bio,
        tp1_0.created_at,
        tp1_0.hourly_rate,
        tp1_0.status,
        tp1_0.subject,
        tp1_0.total_sessions,
        tp1_0.updated_at,
        tp1_0.user_id,
        tp1_0.years_of_experience 
    from
        tutor_profiles tp1_0 
    where
        tp1_0.user_id=?
2026-04-29T20:44:29.330+05:30 DEBUG 41793 --- [peer-tutoring-backend] [io-8080-exec-10] o.s.security.web.FilterChainProxy        : Securing GET /api/sessions/available
2026-04-29T20:44:29.331+05:30 DEBUG 41793 --- [peer-tutoring-backend] [io-8080-exec-10] o.s.s.w.a.AnonymousAuthenticationFilter  : Set SecurityContextHolder to anonymous SecurityContext
2026-04-29T20:44:29.332+05:30 DEBUG 41793 --- [peer-tutoring-backend] [io-8080-exec-10] o.s.security.web.FilterChainProxy        : Secured GET /api/sessions/available
Hibernate: 
    select
        s1_0.id,
        s1_0.created_at,
        s1_0.description,
        s1_0.end_time,
        s1_0.enrolled_students,
        s1_0.max_students,
        s1_0.price,
        s1_0.start_time,
        s1_0.status,
        s1_0.subject,
        s1_0.title,
        s1_0.tutor_id,
        s1_0.type,
        s1_0.updated_at 
    from
        sessions s1_0 
    where
        s1_0.status=?
Hibernate: 
    select
        u1_0.id,
        u1_0.active,
        u1_0.created_at,
        u1_0.email,
        u1_0.first_name,
        u1_0.last_name,
        u1_0.password,
        u1_0.phone_number,
        u1_0.role,
        u1_0.updated_at,
        u1_0.verified 
    from
        users u1_0 
    where
        u1_0.id=?
Hibernate: 
    select
        tp1_0.id,
        tp1_0.average_rating,
        tp1_0.bio,
        tp1_0.created_at,
        tp1_0.hourly_rate,
        tp1_0.status,
        tp1_0.subject,
        tp1_0.total_sessions,
        tp1_0.updated_at,
        tp1_0.user_id,
        tp1_0.years_of_experience 
    from
        tutor_profiles tp1_0 
    where
        tp1_0.user_id=?
2026-04-29T20:44:29.343+05:30 DEBUG 41793 --- [peer-tutoring-backend] [nio-8080-exec-2] o.s.security.web.FilterChainProxy        : Securing GET /favicon.ico
2026-04-29T20:44:29.344+05:30 DEBUG 41793 --- [peer-tutoring-backend] [nio-8080-exec-2] o.s.s.w.a.AnonymousAuthenticationFilter  : Set SecurityContextHolder to anonymous SecurityContext
2026-04-29T20:44:29.344+05:30 DEBUG 41793 --- [peer-tutoring-backend] [nio-8080-exec-1] o.s.security.web.FilterChainProxy        : Securing GET /api/sessions/available
2026-04-29T20:44:29.345+05:30 DEBUG 41793 --- [peer-tutoring-backend] [nio-8080-exec-1] o.s.s.w.a.AnonymousAuthenticationFilter  : Set SecurityContextHolder to anonymous SecurityContext
2026-04-29T20:44:29.346+05:30 DEBUG 41793 --- [peer-tutoring-backend] [nio-8080-exec-1] o.s.security.web.FilterChainProxy        : Secured GET /api/sessions/available
Hibernate: 
    select
        s1_0.id,
        s1_0.created_at,
        s1_0.description,
        s1_0.end_time,
        s1_0.enrolled_students,
        s1_0.max_students,
        s1_0.price,
        s1_0.start_time,
        s1_0.status,
        s1_0.subject,
        s1_0.title,
        s1_0.tutor_id,
        s1_0.type,
        s1_0.updated_at 
    from
        sessions s1_0 
    where
        s1_0.status=?
2026-04-29T20:44:29.347+05:30 DEBUG 41793 --- [peer-tutoring-backend] [nio-8080-exec-2] o.s.s.w.a.Http403ForbiddenEntryPoint     : Pre-authenticated entry point called. Rejecting access
2026-04-29T20:44:29.348+05:30 DEBUG 41793 --- [peer-tutoring-backend] [nio-8080-exec-2] o.s.security.web.FilterChainProxy        : Securing GET /error
Hibernate: 
    select
        u1_0.id,
        u1_0.active,
        u1_0.created_at,
        u1_0.email,
        u1_0.first_name,
        u1_0.last_name,
        u1_0.password,
        u1_0.phone_number,
        u1_0.role,
        u1_0.updated_at,
        u1_0.verified 
    from
        users u1_0 
    where
        u1_0.id=?
Hibernate: 
    select
        tp1_0.id,
        tp1_0.average_rating,
        tp1_0.bio,
        tp1_0.created_at,
        tp1_0.hourly_rate,
        tp1_0.status,
        tp1_0.subject,
        tp1_0.total_sessions,
        tp1_0.updated_at,
        tp1_0.user_id,
        tp1_0.years_of_experience 
    from
        tutor_profiles tp1_0 
    where
        tp1_0.user_id=?
2026-04-29T20:44:29.350+05:30 DEBUG 41793 --- [peer-tutoring-backend] [nio-8080-exec-2] o.s.s.w.a.AnonymousAuthenticationFilter  : Set SecurityContextHolder to anonymous SecurityContext
2026-04-29T20:44:29.350+05:30 DEBUG 41793 --- [peer-tutoring-backend] [nio-8080-exec-2] o.s.s.w.a.Http403ForbiddenEntryPoint     : Pre-authenticated entry point called. Rejecting access
2026-04-29T20:44:29.628+05:30 DEBUG 41793 --- [peer-tutoring-backend] [nio-8080-exec-3] o.s.security.web.FilterChainProxy        : Securing GET /api/sessions/available
2026-04-29T20:44:29.628+05:30 DEBUG 41793 --- [peer-tutoring-backend] [nio-8080-exec-3] o.s.s.w.a.AnonymousAuthenticationFilter  : Set SecurityContextHolder to anonymous SecurityContext
2026-04-29T20:44:29.629+05:30 DEBUG 41793 --- [peer-tutoring-backend] [nio-8080-exec-3] o.s.security.web.FilterChainProxy        : Secured GET /api/sessions/available
Hibernate: 
    select
        s1_0.id,
        s1_0.created_at,
        s1_0.description,
        s1_0.end_time,
        s1_0.enrolled_students,
        s1_0.max_students,
        s1_0.price,
        s1_0.start_time,
        s1_0.status,
        s1_0.subject,
        s1_0.title,
        s1_0.tutor_id,
        s1_0.type,
        s1_0.updated_at 
    from
        sessions s1_0 
    where
        s1_0.status=?
Hibernate: 
    select
        u1_0.id,
        u1_0.active,
        u1_0.created_at,
        u1_0.email,
        u1_0.first_name,
        u1_0.last_name,
        u1_0.password,
        u1_0.phone_number,
        u1_0.role,
        u1_0.updated_at,
        u1_0.verified 
    from
        users u1_0 
    where
        u1_0.id=?
Hibernate: 
    select
        tp1_0.id,
        tp1_0.average_rating,
        tp1_0.bio,
        tp1_0.created_at,
        tp1_0.hourly_rate,
        tp1_0.status,
        tp1_0.subject,
        tp1_0.total_sessions,
        tp1_0.updated_at,
        tp1_0.user_id,
        tp1_0.years_of_experience 
    from
        tutor_profiles tp1_0 
    where
        tp1_0.user_id=?
2026-04-29T20:44:29.638+05:30 DEBUG 41793 --- [peer-tutoring-backend] [nio-8080-exec-5] o.s.security.web.FilterChainProxy        : Securing GET /favicon.ico
2026-04-29T20:44:29.638+05:30 DEBUG 41793 --- [peer-tutoring-backend] [nio-8080-exec-4] o.s.security.web.FilterChainProxy        : Securing GET /api/sessions/available
2026-04-29T20:44:29.639+05:30 DEBUG 41793 --- [peer-tutoring-backend] [nio-8080-exec-5] o.s.s.w.a.AnonymousAuthenticationFilter  : Set SecurityContextHolder to anonymous SecurityContext
2026-04-29T20:44:29.639+05:30 DEBUG 41793 --- [peer-tutoring-backend] [nio-8080-exec-4] o.s.s.w.a.AnonymousAuthenticationFilter  : Set SecurityContextHolder to anonymous SecurityContext
2026-04-29T20:44:29.639+05:30 DEBUG 41793 --- [peer-tutoring-backend] [nio-8080-exec-4] o.s.security.web.FilterChainProxy        : Secured GET /api/sessions/available
Hibernate: 
    select
        s1_0.id,
        s1_0.created_at,
        s1_0.description,
        s1_0.end_time,
        s1_0.enrolled_students,
        s1_0.max_students,
        s1_0.price,
        s1_0.start_time,
        s1_0.status,
        s1_0.subject,
        s1_0.title,
        s1_0.tutor_id,
        s1_0.type,
        s1_0.updated_at 
    from
        sessions s1_0 
    where
        s1_0.status=?
2026-04-29T20:44:29.642+05:30 DEBUG 41793 --- [peer-tutoring-backend] [nio-8080-exec-5] o.s.s.w.a.Http403ForbiddenEntryPoint     : Pre-authenticated entry point called. Rejecting access
2026-04-29T20:44:29.642+05:30 DEBUG 41793 --- [peer-tutoring-backend] [nio-8080-exec-5] o.s.security.web.FilterChainProxy        : Securing GET /error
Hibernate: 
    select
        u1_0.id,
        u1_0.active,
        u1_0.created_at,
        u1_0.email,
        u1_0.first_name,
        u1_0.last_name,
        u1_0.password,
        u1_0.phone_number,
        u1_0.role,
        u1_0.updated_at,
        u1_0.verified 
    from
        users u1_0 
    where
        u1_0.id=?
Hibernate: 
    select
        tp1_0.id,
        tp1_0.average_rating,
        tp1_0.bio,
        tp1_0.created_at,
        tp1_0.hourly_rate,
        tp1_0.status,
        tp1_0.subject,
        tp1_0.total_sessions,
        tp1_0.updated_at,
        tp1_0.user_id,
        tp1_0.years_of_experience 
    from
        tutor_profiles tp1_0 
    where
        tp1_0.user_id=?
2026-04-29T20:44:29.644+05:30 DEBUG 41793 --- [peer-tutoring-backend] [nio-8080-exec-5] o.s.s.w.a.AnonymousAuthenticationFilter  : Set SecurityContextHolder to anonymous SecurityContext
2026-04-29T20:44:29.645+05:30 DEBUG 41793 --- [peer-tutoring-backend] [nio-8080-exec-5] o.s.s.w.a.Http403ForbiddenEntryPoint     : Pre-authenticated entry point called. Rejecting access
2026-04-29T20:44:29.934+05:30 DEBUG 41793 --- [peer-tutoring-backend] [nio-8080-exec-6] o.s.security.web.FilterChainProxy        : Securing GET /api/sessions/available
2026-04-29T20:44:29.934+05:30 DEBUG 41793 --- [peer-tutoring-backend] [nio-8080-exec-6] o.s.s.w.a.AnonymousAuthenticationFilter  : Set SecurityContextHolder to anonymous SecurityContext
2026-04-29T20:44:29.935+05:30 DEBUG 41793 --- [peer-tutoring-backend] [nio-8080-exec-6] o.s.security.web.FilterChainProxy        : Secured GET /api/sessions/available
Hibernate: 
    select
        s1_0.id,
        s1_0.created_at,
        s1_0.description,
        s1_0.end_time,
        s1_0.enrolled_students,
        s1_0.max_students,
        s1_0.price,
        s1_0.start_time,
        s1_0.status,
        s1_0.subject,
        s1_0.title,
        s1_0.tutor_id,
        s1_0.type,
        s1_0.updated_at 
    from
        sessions s1_0 
    where
        s1_0.status=?
Hibernate: 
    select
        u1_0.id,
        u1_0.active,
        u1_0.created_at,
        u1_0.email,
        u1_0.first_name,
        u1_0.last_name,
        u1_0.password,
        u1_0.phone_number,
        u1_0.role,
        u1_0.updated_at,
        u1_0.verified 
    from
        users u1_0 
    where
        u1_0.id=?
Hibernate: 
    select
        tp1_0.id,
        tp1_0.average_rating,
        tp1_0.bio,
        tp1_0.created_at,
        tp1_0.hourly_rate,
        tp1_0.status,
        tp1_0.subject,
        tp1_0.total_sessions,
        tp1_0.updated_at,
        tp1_0.user_id,
        tp1_0.years_of_experience 
    from
        tutor_profiles tp1_0 
    where
        tp1_0.user_id=?
2026-04-29T20:44:29.940+05:30 DEBUG 41793 --- [peer-tutoring-backend] [nio-8080-exec-7] o.s.security.web.FilterChainProxy        : Securing GET /favicon.ico
2026-04-29T20:44:29.940+05:30 DEBUG 41793 --- [peer-tutoring-backend] [nio-8080-exec-7] o.s.s.w.a.AnonymousAuthenticationFilter  : Set SecurityContextHolder to anonymous SecurityContext
2026-04-29T20:44:29.945+05:30 DEBUG 41793 --- [peer-tutoring-backend] [nio-8080-exec-7] o.s.s.w.a.Http403ForbiddenEntryPoint     : Pre-authenticated entry point called. Rejecting access
2026-04-29T20:44:29.945+05:30 DEBUG 41793 --- [peer-tutoring-backend] [nio-8080-exec-8] o.s.security.web.FilterChainProxy        : Securing GET /api/sessions/available
2026-04-29T20:44:29.945+05:30 DEBUG 41793 --- [peer-tutoring-backend] [nio-8080-exec-7] o.s.security.web.FilterChainProxy        : Securing GET /error
2026-04-29T20:44:29.945+05:30 DEBUG 41793 --- [peer-tutoring-backend] [nio-8080-exec-8] o.s.s.w.a.AnonymousAuthenticationFilter  : Set SecurityContextHolder to anonymous SecurityContext
2026-04-29T20:44:29.946+05:30 DEBUG 41793 --- [peer-tutoring-backend] [nio-8080-exec-8] o.s.security.web.FilterChainProxy        : Secured GET /api/sessions/available
2026-04-29T20:44:29.947+05:30 DEBUG 41793 --- [peer-tutoring-backend] [nio-8080-exec-7] o.s.s.w.a.AnonymousAuthenticationFilter  : Set SecurityContextHolder to anonymous SecurityContext
2026-04-29T20:44:29.947+05:30 DEBUG 41793 --- [peer-tutoring-backend] [nio-8080-exec-7] o.s.s.w.a.Http403ForbiddenEntryPoint     : Pre-authenticated entry point called. Rejecting access
Hibernate: 
    select
        s1_0.id,
        s1_0.created_at,
        s1_0.description,
        s1_0.end_time,
        s1_0.enrolled_students,
        s1_0.max_students,
        s1_0.price,
        s1_0.start_time,
        s1_0.status,
        s1_0.subject,
        s1_0.title,
        s1_0.tutor_id,
        s1_0.type,
        s1_0.updated_at 
    from
        sessions s1_0 
    where
        s1_0.status=?
Hibernate: 
    select
        u1_0.id,
        u1_0.active,
        u1_0.created_at,
        u1_0.email,
        u1_0.first_name,
        u1_0.last_name,
        u1_0.password,
        u1_0.phone_number,
        u1_0.role,
        u1_0.updated_at,
        u1_0.verified 
    from
        users u1_0 
    where
        u1_0.id=?
Hibernate: 
    select
        tp1_0.id,
        tp1_0.average_rating,
        tp1_0.bio,
        tp1_0.created_at,
        tp1_0.hourly_rate,
        tp1_0.status,
        tp1_0.subject,
        tp1_0.total_sessions,
        tp1_0.updated_at,
        tp1_0.user_id,
        tp1_0.years_of_experience 
    from
        tutor_profiles tp1_0 
    where
        tp1_0.user_id=?
2026-04-29T20:44:30.189+05:30 DEBUG 41793 --- [peer-tutoring-backend] [nio-8080-exec-9] o.s.security.web.FilterChainProxy        : Securing GET /api/sessions/available
2026-04-29T20:44:30.190+05:30 DEBUG 41793 --- [peer-tutoring-backend] [nio-8080-exec-9] o.s.s.w.a.AnonymousAuthenticationFilter  : Set SecurityContextHolder to anonymous SecurityContext
2026-04-29T20:44:30.191+05:30 DEBUG 41793 --- [peer-tutoring-backend] [nio-8080-exec-9] o.s.security.web.FilterChainProxy        : Secured GET /api/sessions/available
Hibernate: 
    select
        s1_0.id,
        s1_0.created_at,
        s1_0.description,
        s1_0.end_time,
        s1_0.enrolled_students,
        s1_0.max_students,
        s1_0.price,
        s1_0.start_time,
        s1_0.status,
        s1_0.subject,
        s1_0.title,
        s1_0.tutor_id,
        s1_0.type,
        s1_0.updated_at 
    from
        sessions s1_0 
    where
        s1_0.status=?
2026-04-29T20:44:30.196+05:30 DEBUG 41793 --- [peer-tutoring-backend] [io-8080-exec-10] o.s.security.web.FilterChainProxy        : Securing GET /favicon.ico
2026-04-29T20:44:30.197+05:30 DEBUG 41793 --- [peer-tutoring-backend] [io-8080-exec-10] o.s.s.w.a.AnonymousAuthenticationFilter  : Set SecurityContextHolder to anonymous SecurityContext
Hibernate: 
    select
        u1_0.id,
        u1_0.active,
        u1_0.created_at,
        u1_0.email,
        u1_0.first_name,
        u1_0.last_name,
        u1_0.password,
        u1_0.phone_number,
        u1_0.role,
        u1_0.updated_at,
        u1_0.verified 
    from
        users u1_0 
    where
        u1_0.id=?
Hibernate: 
    select
        tp1_0.id,
        tp1_0.average_rating,
        tp1_0.bio,
        tp1_0.created_at,
        tp1_0.hourly_rate,
        tp1_0.status,
        tp1_0.subject,
        tp1_0.total_sessions,
        tp1_0.updated_at,
        tp1_0.user_id,
        tp1_0.years_of_experience 
    from
        tutor_profiles tp1_0 
    where
        tp1_0.user_id=?
2026-04-29T20:44:30.212+05:30 DEBUG 41793 --- [peer-tutoring-backend] [io-8080-exec-10] o.s.s.w.a.Http403ForbiddenEntryPoint     : Pre-authenticated entry point called. Rejecting access
2026-04-29T20:44:30.212+05:30 DEBUG 41793 --- [peer-tutoring-backend] [io-8080-exec-10] o.s.security.web.FilterChainProxy        : Securing GET /error
2026-04-29T20:44:30.214+05:30 DEBUG 41793 --- [peer-tutoring-backend] [io-8080-exec-10] o.s.s.w.a.AnonymousAuthenticationFilter  : Set SecurityContextHolder to anonymous SecurityContext
2026-04-29T20:44:30.214+05:30 DEBUG 41793 --- [peer-tutoring-backend] [io-8080-exec-10] o.s.s.w.a.Http403ForbiddenEntryPoint     : Pre-authenticated entry point called. Rejecting access
2026-04-29T20:44:30.215+05:30 DEBUG 41793 --- [peer-tutoring-backend] [io-8080-exec-10] o.s.security.web.FilterChainProxy        : Securing GET /api/sessions/available
2026-04-29T20:44:30.216+05:30 DEBUG 41793 --- [peer-tutoring-backend] [io-8080-exec-10] o.s.s.w.a.AnonymousAuthenticationFilter  : Set SecurityContextHolder to anonymous SecurityContext
2026-04-29T20:44:30.217+05:30 DEBUG 41793 --- [peer-tutoring-backend] [io-8080-exec-10] o.s.security.web.FilterChainProxy        : Secured GET /api/sessions/available
Hibernate: 
    select
        s1_0.id,
        s1_0.created_at,
        s1_0.description,
        s1_0.end_time,
        s1_0.enrolled_students,
        s1_0.max_students,
        s1_0.price,
        s1_0.start_time,
        s1_0.status,
        s1_0.subject,
        s1_0.title,
        s1_0.tutor_id,
        s1_0.type,
        s1_0.updated_at 
    from
        sessions s1_0 
    where
        s1_0.status=?
Hibernate: 
    select
        u1_0.id,
        u1_0.active,
        u1_0.created_at,
        u1_0.email,
        u1_0.first_name,
        u1_0.last_name,
        u1_0.password,
        u1_0.phone_number,
        u1_0.role,
        u1_0.updated_at,
        u1_0.verified 
    from
        users u1_0 
    where
        u1_0.id=?
Hibernate: 
    select
        tp1_0.id,
        tp1_0.average_rating,
        tp1_0.bio,
        tp1_0.created_at,
        tp1_0.hourly_rate,
        tp1_0.status,
        tp1_0.subject,
        tp1_0.total_sessions,
        tp1_0.updated_at,
        tp1_0.user_id,
        tp1_0.years_of_experience 
    from
        tutor_profiles tp1_0 
    where
        tp1_0.user_id=?
2026-04-29T20:44:30.424+05:30 DEBUG 41793 --- [peer-tutoring-backend] [nio-8080-exec-1] o.s.security.web.FilterChainProxy        : Securing GET /api/sessions/available
2026-04-29T20:44:30.425+05:30 DEBUG 41793 --- [peer-tutoring-backend] [nio-8080-exec-1] o.s.s.w.a.AnonymousAuthenticationFilter  : Set SecurityContextHolder to anonymous SecurityContext
2026-04-29T20:44:30.426+05:30 DEBUG 41793 --- [peer-tutoring-backend] [nio-8080-exec-1] o.s.security.web.FilterChainProxy        : Secured GET /api/sessions/available
Hibernate: 
    select
        s1_0.id,
        s1_0.created_at,
        s1_0.description,
        s1_0.end_time,
        s1_0.enrolled_students,
        s1_0.max_students,
        s1_0.price,
        s1_0.start_time,
        s1_0.status,
        s1_0.subject,
        s1_0.title,
        s1_0.tutor_id,
        s1_0.type,
        s1_0.updated_at 
    from
        sessions s1_0 
    where
        s1_0.status=?
Hibernate: 
    select
        u1_0.id,
        u1_0.active,
        u1_0.created_at,
        u1_0.email,
        u1_0.first_name,
        u1_0.last_name,
        u1_0.password,
        u1_0.phone_number,
        u1_0.role,
        u1_0.updated_at,
        u1_0.verified 
    from
        users u1_0 
    where
        u1_0.id=?
Hibernate: 
    select
        tp1_0.id,
        tp1_0.average_rating,
        tp1_0.bio,
        tp1_0.created_at,
        tp1_0.hourly_rate,
        tp1_0.status,
        tp1_0.subject,
        tp1_0.total_sessions,
        tp1_0.updated_at,
        tp1_0.user_id,
        tp1_0.years_of_experience 
    from
        tutor_profiles tp1_0 
    where
        tp1_0.user_id=?
2026-04-29T20:44:30.435+05:30 DEBUG 41793 --- [peer-tutoring-backend] [nio-8080-exec-3] o.s.security.web.FilterChainProxy        : Securing GET /api/sessions/available
2026-04-29T20:44:30.435+05:30 DEBUG 41793 --- [peer-tutoring-backend] [nio-8080-exec-5] o.s.security.web.FilterChainProxy        : Securing GET /favicon.ico
2026-04-29T20:44:30.435+05:30 DEBUG 41793 --- [peer-tutoring-backend] [nio-8080-exec-5] o.s.s.w.a.AnonymousAuthenticationFilter  : Set SecurityContextHolder to anonymous SecurityContext
2026-04-29T20:44:30.435+05:30 DEBUG 41793 --- [peer-tutoring-backend] [nio-8080-exec-3] o.s.s.w.a.AnonymousAuthenticationFilter  : Set SecurityContextHolder to anonymous SecurityContext
2026-04-29T20:44:30.436+05:30 DEBUG 41793 --- [peer-tutoring-backend] [nio-8080-exec-3] o.s.security.web.FilterChainProxy        : Secured GET /api/sessions/available
2026-04-29T20:44:30.438+05:30 DEBUG 41793 --- [peer-tutoring-backend] [nio-8080-exec-5] o.s.s.w.a.Http403ForbiddenEntryPoint     : Pre-authenticated entry point called. Rejecting access
2026-04-29T20:44:30.438+05:30 DEBUG 41793 --- [peer-tutoring-backend] [nio-8080-exec-5] o.s.security.web.FilterChainProxy        : Securing GET /error
Hibernate: 
    select
        s1_0.id,
        s1_0.created_at,
        s1_0.description,
        s1_0.end_time,
        s1_0.enrolled_students,
        s1_0.max_students,
        s1_0.price,
        s1_0.start_time,
        s1_0.status,
        s1_0.subject,
        s1_0.title,
        s1_0.tutor_id,
        s1_0.type,
        s1_0.updated_at 
    from
        sessions s1_0 
    where
        s1_0.status=?
2026-04-29T20:44:30.440+05:30 DEBUG 41793 --- [peer-tutoring-backend] [nio-8080-exec-5] o.s.s.w.a.AnonymousAuthenticationFilter  : Set SecurityContextHolder to anonymous SecurityContext
2026-04-29T20:44:30.440+05:30 DEBUG 41793 --- [peer-tutoring-backend] [nio-8080-exec-5] o.s.s.w.a.Http403ForbiddenEntryPoint     : Pre-authenticated entry point called. Rejecting access
Hibernate: 
    select
        u1_0.id,
        u1_0.active,
        u1_0.created_at,
        u1_0.email,
        u1_0.first_name,
        u1_0.last_name,
        u1_0.password,
        u1_0.phone_number,
        u1_0.role,
        u1_0.updated_at,
        u1_0.verified 
    from
        users u1_0 
    where
        u1_0.id=?
Hibernate: 
    select
        tp1_0.id,
        tp1_0.average_rating,
        tp1_0.bio,
        tp1_0.created_at,
        tp1_0.hourly_rate,
        tp1_0.status,
        tp1_0.subject,
        tp1_0.total_sessions,
        tp1_0.updated_at,
        tp1_0.user_id,
        tp1_0.years_of_experience 
    from
        tutor_profiles tp1_0 
    where
        tp1_0.user_id=?
2026-04-29T20:44:30.649+05:30 DEBUG 41793 --- [peer-tutoring-backend] [nio-8080-exec-4] o.s.security.web.FilterChainProxy        : Securing GET /api/sessions/available
2026-04-29T20:44:30.650+05:30 DEBUG 41793 --- [peer-tutoring-backend] [nio-8080-exec-4] o.s.s.w.a.AnonymousAuthenticationFilter  : Set SecurityContextHolder to anonymous SecurityContext
2026-04-29T20:44:30.650+05:30 DEBUG 41793 --- [peer-tutoring-backend] [nio-8080-exec-4] o.s.security.web.FilterChainProxy        : Secured GET /api/sessions/available
Hibernate: 
    select
        s1_0.id,
        s1_0.created_at,
        s1_0.description,
        s1_0.end_time,
        s1_0.enrolled_students,
        s1_0.max_students,
        s1_0.price,
        s1_0.start_time,
        s1_0.status,
        s1_0.subject,
        s1_0.title,
        s1_0.tutor_id,
        s1_0.type,
        s1_0.updated_at 
    from
        sessions s1_0 
    where
        s1_0.status=?
Hibernate: 
    select
        u1_0.id,
        u1_0.active,
        u1_0.created_at,
        u1_0.email,
        u1_0.first_name,
        u1_0.last_name,
        u1_0.password,
        u1_0.phone_number,
        u1_0.role,
        u1_0.updated_at,
        u1_0.verified 
    from
        users u1_0 
    where
        u1_0.id=?
Hibernate: 
    select
        tp1_0.id,
        tp1_0.average_rating,
        tp1_0.bio,
        tp1_0.created_at,
        tp1_0.hourly_rate,
        tp1_0.status,
        tp1_0.subject,
        tp1_0.total_sessions,
        tp1_0.updated_at,
        tp1_0.user_id,
        tp1_0.years_of_experience 
    from
        tutor_profiles tp1_0 
    where
        tp1_0.user_id=?
2026-04-29T20:44:30.656+05:30 DEBUG 41793 --- [peer-tutoring-backend] [nio-8080-exec-6] o.s.security.web.FilterChainProxy        : Securing GET /favicon.ico
2026-04-29T20:44:30.656+05:30 DEBUG 41793 --- [peer-tutoring-backend] [nio-8080-exec-6] o.s.s.w.a.AnonymousAuthenticationFilter  : Set SecurityContextHolder to anonymous SecurityContext
2026-04-29T20:44:30.658+05:30 DEBUG 41793 --- [peer-tutoring-backend] [nio-8080-exec-6] o.s.s.w.a.Http403ForbiddenEntryPoint     : Pre-authenticated entry point called. Rejecting access
2026-04-29T20:44:30.659+05:30 DEBUG 41793 --- [peer-tutoring-backend] [nio-8080-exec-6] o.s.security.web.FilterChainProxy        : Securing GET /error
2026-04-29T20:44:30.659+05:30 DEBUG 41793 --- [peer-tutoring-backend] [nio-8080-exec-7] o.s.security.web.FilterChainProxy        : Securing GET /api/sessions/available
2026-04-29T20:44:30.660+05:30 DEBUG 41793 --- [peer-tutoring-backend] [nio-8080-exec-7] o.s.s.w.a.AnonymousAuthenticationFilter  : Set SecurityContextHolder to anonymous SecurityContext
2026-04-29T20:44:30.660+05:30 DEBUG 41793 --- [peer-tutoring-backend] [nio-8080-exec-7] o.s.security.web.FilterChainProxy        : Secured GET /api/sessions/available
2026-04-29T20:44:30.661+05:30 DEBUG 41793 --- [peer-tutoring-backend] [nio-8080-exec-6] o.s.s.w.a.AnonymousAuthenticationFilter  : Set SecurityContextHolder to anonymous SecurityContext
2026-04-29T20:44:30.661+05:30 DEBUG 41793 --- [peer-tutoring-backend] [nio-8080-exec-6] o.s.s.w.a.Http403ForbiddenEntryPoint     : Pre-authenticated entry point called. Rejecting access
Hibernate: 
    select
        s1_0.id,
        s1_0.created_at,
        s1_0.description,
        s1_0.end_time,
        s1_0.enrolled_students,
        s1_0.max_students,
        s1_0.price,
        s1_0.start_time,
        s1_0.status,
        s1_0.subject,
        s1_0.title,
        s1_0.tutor_id,
        s1_0.type,
        s1_0.updated_at 
    from
        sessions s1_0 
    where
        s1_0.status=?
Hibernate: 
    select
        u1_0.id,
        u1_0.active,
        u1_0.created_at,
        u1_0.email,
        u1_0.first_name,
        u1_0.last_name,
        u1_0.password,
        u1_0.phone_number,
        u1_0.role,
        u1_0.updated_at,
        u1_0.verified 
    from
        users u1_0 
    where
        u1_0.id=?
Hibernate: 
    select
        tp1_0.id,
        tp1_0.average_rating,
        tp1_0.bio,
        tp1_0.created_at,
        tp1_0.hourly_rate,
        tp1_0.status,
        tp1_0.subject,
        tp1_0.total_sessions,
        tp1_0.updated_at,
        tp1_0.user_id,
        tp1_0.years_of_experience 
    from
        tutor_profiles tp1_0 
    where
        tp1_0.user_id=?
2026-04-29T20:44:32.696+05:30 DEBUG 41793 --- [peer-tutoring-backend] [nio-8080-exec-8] o.s.security.web.FilterChainProxy        : Securing GET /favicon.ico
2026-04-29T20:44:32.697+05:30 DEBUG 41793 --- [peer-tutoring-backend] [nio-8080-exec-8] o.s.s.w.a.AnonymousAuthenticationFilter  : Set SecurityContextHolder to anonymous SecurityContext
2026-04-29T20:44:32.698+05:30 DEBUG 41793 --- [peer-tutoring-backend] [nio-8080-exec-8] o.s.s.w.a.Http403ForbiddenEntryPoint     : Pre-authenticated entry point called. Rejecting access
2026-04-29T20:44:32.699+05:30 DEBUG 41793 --- [peer-tutoring-backend] [nio-8080-exec-8] o.s.security.web.FilterChainProxy        : Securing GET /error
2026-04-29T20:44:32.699+05:30 DEBUG 41793 --- [peer-tutoring-backend] [nio-8080-exec-8] o.s.s.w.a.AnonymousAuthenticationFilter  : Set SecurityContextHolder to anonymous SecurityContext
2026-04-29T20:44:32.700+05:30 DEBUG 41793 --- [peer-tutoring-backend] [nio-8080-exec-8] o.s.s.w.a.Http403ForbiddenEntryPoint     : Pre-authenticated entry point called. Rejecting access
2026-04-29T20:44:35.298+05:30 DEBUG 41793 --- [peer-tutoring-backend] [nio-8080-exec-9] o.s.security.web.FilterChainProxy        : Securing OPTIONS /api/auth/login
2026-04-29T20:44:35.301+05:30 DEBUG 41793 --- [peer-tutoring-backend] [nio-8080-exec-2] o.s.security.web.FilterChainProxy        : Securing POST /api/auth/login
2026-04-29T20:44:35.302+05:30 DEBUG 41793 --- [peer-tutoring-backend] [nio-8080-exec-2] o.s.s.w.a.AnonymousAuthenticationFilter  : Set SecurityContextHolder to anonymous SecurityContext
2026-04-29T20:44:35.302+05:30 DEBUG 41793 --- [peer-tutoring-backend] [nio-8080-exec-2] o.s.security.web.FilterChainProxy        : Secured POST /api/auth/login
Hibernate: 
    select
        u1_0.id,
        u1_0.active,
        u1_0.created_at,
        u1_0.email,
        u1_0.first_name,
        u1_0.last_name,
        u1_0.password,
        u1_0.phone_number,
        u1_0.role,
        u1_0.updated_at,
        u1_0.verified 
    from
        users u1_0 
    where
        u1_0.email=?
Hibernate: 
    select
        tp1_0.id,
        tp1_0.average_rating,
        tp1_0.bio,
        tp1_0.created_at,
        tp1_0.hourly_rate,
        tp1_0.status,
        tp1_0.subject,
        tp1_0.total_sessions,
        tp1_0.updated_at,
        tp1_0.user_id,
        tp1_0.years_of_experience 
    from
        tutor_profiles tp1_0 
    where
        tp1_0.user_id=?
2026-04-29T20:44:35.416+05:30 DEBUG 41793 --- [peer-tutoring-backend] [nio-8080-exec-2] o.s.s.a.dao.DaoAuthenticationProvider    : Authenticated user
2026-04-29T20:44:35.429+05:30 DEBUG 41793 --- [peer-tutoring-backend] [io-8080-exec-10] o.s.security.web.FilterChainProxy        : Securing OPTIONS /api/tutor/bookings
2026-04-29T20:44:35.429+05:30 DEBUG 41793 --- [peer-tutoring-backend] [nio-8080-exec-1] o.s.security.web.FilterChainProxy        : Securing OPTIONS /api/tutor/bookings
2026-04-29T20:44:35.432+05:30 DEBUG 41793 --- [peer-tutoring-backend] [nio-8080-exec-5] o.s.security.web.FilterChainProxy        : Securing GET /api/tutor/bookings
2026-04-29T20:44:35.432+05:30 DEBUG 41793 --- [peer-tutoring-backend] [nio-8080-exec-3] o.s.security.web.FilterChainProxy        : Securing GET /favicon.ico
2026-04-29T20:44:35.432+05:30 DEBUG 41793 --- [peer-tutoring-backend] [nio-8080-exec-3] o.s.s.w.a.AnonymousAuthenticationFilter  : Set SecurityContextHolder to anonymous SecurityContext
2026-04-29T20:44:35.433+05:30 DEBUG 41793 --- [peer-tutoring-backend] [nio-8080-exec-5] c.t.security.JwtAuthenticationFilter     : JWT Token found: eyJhbGciOiJIUzM4NCJ9...
2026-04-29T20:44:35.435+05:30 DEBUG 41793 --- [peer-tutoring-backend] [nio-8080-exec-5] c.t.security.JwtAuthenticationFilter     : JWT valid, email: subhodipb8@gmail.com
2026-04-29T20:44:35.435+05:30 DEBUG 41793 --- [peer-tutoring-backend] [nio-8080-exec-3] o.s.s.w.a.Http403ForbiddenEntryPoint     : Pre-authenticated entry point called. Rejecting access
2026-04-29T20:44:35.436+05:30 DEBUG 41793 --- [peer-tutoring-backend] [nio-8080-exec-3] o.s.security.web.FilterChainProxy        : Securing GET /error
2026-04-29T20:44:35.437+05:30 DEBUG 41793 --- [peer-tutoring-backend] [nio-8080-exec-3] o.s.s.w.a.AnonymousAuthenticationFilter  : Set SecurityContextHolder to anonymous SecurityContext
Hibernate: 
    select
        u1_0.id,
        u1_0.active,
        u1_0.created_at,
        u1_0.email,
        u1_0.first_name,
        u1_0.last_name,
        u1_0.password,
        u1_0.phone_number,
        u1_0.role,
        u1_0.updated_at,
        u1_0.verified 
    from
        users u1_0 
    where
        u1_0.email=?
2026-04-29T20:44:35.438+05:30 DEBUG 41793 --- [peer-tutoring-backend] [nio-8080-exec-3] o.s.s.w.a.Http403ForbiddenEntryPoint     : Pre-authenticated entry point called. Rejecting access
Hibernate: 
    select
        tp1_0.id,
        tp1_0.average_rating,
        tp1_0.bio,
        tp1_0.created_at,
        tp1_0.hourly_rate,
        tp1_0.status,
        tp1_0.subject,
        tp1_0.total_sessions,
        tp1_0.updated_at,
        tp1_0.user_id,
        tp1_0.years_of_experience 
    from
        tutor_profiles tp1_0 
    where
        tp1_0.user_id=?
2026-04-29T20:44:35.442+05:30 DEBUG 41793 --- [peer-tutoring-backend] [nio-8080-exec-5] c.t.security.JwtAuthenticationFilter     : Authentication set for user: subhodipb8@gmail.com
2026-04-29T20:44:35.443+05:30 DEBUG 41793 --- [peer-tutoring-backend] [nio-8080-exec-5] o.s.security.web.FilterChainProxy        : Secured GET /api/tutor/bookings
2026-04-29T20:44:35.444+05:30 DEBUG 41793 --- [peer-tutoring-backend] [nio-8080-exec-5] horizationManagerBeforeMethodInterceptor : Authorizing method invocation ReflectiveMethodInvocation: public org.springframework.http.ResponseEntity com.tutoring.controller.BookingController.getTutorBookings(com.tutoring.security.UserDetailsImpl); target is of class [com.tutoring.controller.BookingController]
2026-04-29T20:44:35.445+05:30 DEBUG 41793 --- [peer-tutoring-backend] [nio-8080-exec-5] horizationManagerBeforeMethodInterceptor : Authorized method invocation ReflectiveMethodInvocation: public org.springframework.http.ResponseEntity com.tutoring.controller.BookingController.getTutorBookings(com.tutoring.security.UserDetailsImpl); target is of class [com.tutoring.controller.BookingController]
Hibernate: 
    select
        b1_0.id,
        b1_0.amount,
        b1_0.cancelled_at,
        b1_0.completed_at,
        b1_0.confirmed_at,
        b1_0.created_at,
        b1_0.notes,
        b1_0.payment_status,
        b1_0.session_id,
        b1_0.status,
        b1_0.student_id,
        b1_0.updated_at 
    from
        bookings b1_0 
    left join
        sessions s1_0 
            on s1_0.id=b1_0.session_id 
    where
        s1_0.tutor_id=?
2026-04-29T20:44:35.452+05:30 DEBUG 41793 --- [peer-tutoring-backend] [nio-8080-exec-4] o.s.security.web.FilterChainProxy        : Securing GET /api/tutor/bookings
2026-04-29T20:44:35.453+05:30 DEBUG 41793 --- [peer-tutoring-backend] [nio-8080-exec-4] c.t.security.JwtAuthenticationFilter     : JWT Token found: eyJhbGciOiJIUzM4NCJ9...
2026-04-29T20:44:35.453+05:30 DEBUG 41793 --- [peer-tutoring-backend] [nio-8080-exec-6] o.s.security.web.FilterChainProxy        : Securing OPTIONS /api/tutor/profile
2026-04-29T20:44:35.454+05:30 DEBUG 41793 --- [peer-tutoring-backend] [nio-8080-exec-4] c.t.security.JwtAuthenticationFilter     : JWT valid, email: subhodipb8@gmail.com
2026-04-29T20:44:35.455+05:30 DEBUG 41793 --- [peer-tutoring-backend] [nio-8080-exec-7] o.s.security.web.FilterChainProxy        : Securing GET /api/tutor/profile
2026-04-29T20:44:35.455+05:30 DEBUG 41793 --- [peer-tutoring-backend] [nio-8080-exec-7] c.t.security.JwtAuthenticationFilter     : JWT Token found: eyJhbGciOiJIUzM4NCJ9...
Hibernate: 
    select
        u1_0.id,
        u1_0.active,
        u1_0.created_at,
        u1_0.email,
        u1_0.first_name,
        u1_0.last_name,
        u1_0.password,
        u1_0.phone_number,
        u1_0.role,
        u1_0.updated_at,
        u1_0.verified 
    from
        users u1_0 
    where
        u1_0.email=?
2026-04-29T20:44:35.456+05:30 DEBUG 41793 --- [peer-tutoring-backend] [nio-8080-exec-7] c.t.security.JwtAuthenticationFilter     : JWT valid, email: subhodipb8@gmail.com
Hibernate: 
    select
        tp1_0.id,
        tp1_0.average_rating,
        tp1_0.bio,
        tp1_0.created_at,
        tp1_0.hourly_rate,
        tp1_0.status,
        tp1_0.subject,
        tp1_0.total_sessions,
        tp1_0.updated_at,
        tp1_0.user_id,
        tp1_0.years_of_experience 
    from
        tutor_profiles tp1_0 
    where
        tp1_0.user_id=?
Hibernate: 
    select
        u1_0.id,
        u1_0.active,
        u1_0.created_at,
        u1_0.email,
        u1_0.first_name,
        u1_0.last_name,
        u1_0.password,
        u1_0.phone_number,
        u1_0.role,
        u1_0.updated_at,
        u1_0.verified 
    from
        users u1_0 
    where
        u1_0.email=?
2026-04-29T20:44:35.458+05:30 DEBUG 41793 --- [peer-tutoring-backend] [nio-8080-exec-4] c.t.security.JwtAuthenticationFilter     : Authentication set for user: subhodipb8@gmail.com
Hibernate: 
    select
        tp1_0.id,
        tp1_0.average_rating,
        tp1_0.bio,
        tp1_0.created_at,
        tp1_0.hourly_rate,
        tp1_0.status,
        tp1_0.subject,
        tp1_0.total_sessions,
        tp1_0.updated_at,
        tp1_0.user_id,
        tp1_0.years_of_experience 
    from
        tutor_profiles tp1_0 
    where
        tp1_0.user_id=?
2026-04-29T20:44:35.459+05:30 DEBUG 41793 --- [peer-tutoring-backend] [nio-8080-exec-4] o.s.security.web.FilterChainProxy        : Secured GET /api/tutor/bookings
2026-04-29T20:44:35.459+05:30 DEBUG 41793 --- [peer-tutoring-backend] [nio-8080-exec-4] horizationManagerBeforeMethodInterceptor : Authorizing method invocation ReflectiveMethodInvocation: public org.springframework.http.ResponseEntity com.tutoring.controller.BookingController.getTutorBookings(com.tutoring.security.UserDetailsImpl); target is of class [com.tutoring.controller.BookingController]
2026-04-29T20:44:35.460+05:30 DEBUG 41793 --- [peer-tutoring-backend] [nio-8080-exec-4] horizationManagerBeforeMethodInterceptor : Authorized method invocation ReflectiveMethodInvocation: public org.springframework.http.ResponseEntity com.tutoring.controller.BookingController.getTutorBookings(com.tutoring.security.UserDetailsImpl); target is of class [com.tutoring.controller.BookingController]
2026-04-29T20:44:35.460+05:30 DEBUG 41793 --- [peer-tutoring-backend] [nio-8080-exec-7] c.t.security.JwtAuthenticationFilter     : Authentication set for user: subhodipb8@gmail.com
2026-04-29T20:44:35.461+05:30 DEBUG 41793 --- [peer-tutoring-backend] [nio-8080-exec-7] o.s.security.web.FilterChainProxy        : Secured GET /api/tutor/profile
Hibernate: 
    select
        b1_0.id,
        b1_0.amount,
        b1_0.cancelled_at,
        b1_0.completed_at,
        b1_0.confirmed_at,
        b1_0.created_at,
        b1_0.notes,
        b1_0.payment_status,
        b1_0.session_id,
        b1_0.status,
        b1_0.student_id,
        b1_0.updated_at 
    from
        bookings b1_0 
    left join
        sessions s1_0 
            on s1_0.id=b1_0.session_id 
    where
        s1_0.tutor_id=?
2026-04-29T20:44:35.461+05:30 DEBUG 41793 --- [peer-tutoring-backend] [nio-8080-exec-7] horizationManagerBeforeMethodInterceptor : Authorizing method invocation ReflectiveMethodInvocation: public org.springframework.http.ResponseEntity com.tutoring.controller.TutorController.getMyProfile(com.tutoring.security.UserDetailsImpl); target is of class [com.tutoring.controller.TutorController]
2026-04-29T20:44:35.462+05:30 DEBUG 41793 --- [peer-tutoring-backend] [nio-8080-exec-7] horizationManagerBeforeMethodInterceptor : Authorized method invocation ReflectiveMethodInvocation: public org.springframework.http.ResponseEntity com.tutoring.controller.TutorController.getMyProfile(com.tutoring.security.UserDetailsImpl); target is of class [com.tutoring.controller.TutorController]
Hibernate: 
    select
        tp1_0.id,
        tp1_0.average_rating,
        tp1_0.bio,
        tp1_0.created_at,
        tp1_0.hourly_rate,
        tp1_0.status,
        tp1_0.subject,
        tp1_0.total_sessions,
        tp1_0.updated_at,
        tp1_0.user_id,
        tp1_0.years_of_experience 
    from
        tutor_profiles tp1_0 
    where
        tp1_0.user_id=?
Hibernate: 
    select
        u1_0.id,
        u1_0.active,
        u1_0.created_at,
        u1_0.email,
        u1_0.first_name,
        u1_0.last_name,
        u1_0.password,
        u1_0.phone_number,
        u1_0.role,
        u1_0.updated_at,
        u1_0.verified 
    from
        users u1_0 
    where
        u1_0.id=?
Hibernate: 
    select
        tp1_0.id,
        tp1_0.average_rating,
        tp1_0.bio,
        tp1_0.created_at,
        tp1_0.hourly_rate,
        tp1_0.status,
        tp1_0.subject,
        tp1_0.total_sessions,
        tp1_0.updated_at,
        tp1_0.user_id,
        tp1_0.years_of_experience 
    from
        tutor_profiles tp1_0 
    where
        tp1_0.user_id=?
Hibernate: 
    select
        s1_0.tutor_id,
        s1_0.subject_name 
    from
        tutor_subjects s1_0 
    where
        s1_0.tutor_id=?
2026-04-29T20:44:35.474+05:30 DEBUG 41793 --- [peer-tutoring-backend] [nio-8080-exec-7] o.s.security.web.FilterChainProxy        : Securing GET /api/tutor/profile
2026-04-29T20:44:35.474+05:30 DEBUG 41793 --- [peer-tutoring-backend] [nio-8080-exec-7] c.t.security.JwtAuthenticationFilter     : JWT Token found: eyJhbGciOiJIUzM4NCJ9...
2026-04-29T20:44:35.475+05:30 DEBUG 41793 --- [peer-tutoring-backend] [nio-8080-exec-7] c.t.security.JwtAuthenticationFilter     : JWT valid, email: subhodipb8@gmail.com
Hibernate: 
    select
        u1_0.id,
        u1_0.active,
        u1_0.created_at,
        u1_0.email,
        u1_0.first_name,
        u1_0.last_name,
        u1_0.password,
        u1_0.phone_number,
        u1_0.role,
        u1_0.updated_at,
        u1_0.verified 
    from
        users u1_0 
    where
        u1_0.email=?
Hibernate: 
    select
        tp1_0.id,
        tp1_0.average_rating,
        tp1_0.bio,
        tp1_0.created_at,
        tp1_0.hourly_rate,
        tp1_0.status,
        tp1_0.subject,
        tp1_0.total_sessions,
        tp1_0.updated_at,
        tp1_0.user_id,
        tp1_0.years_of_experience 
    from
        tutor_profiles tp1_0 
    where
        tp1_0.user_id=?
2026-04-29T20:44:35.478+05:30 DEBUG 41793 --- [peer-tutoring-backend] [nio-8080-exec-7] c.t.security.JwtAuthenticationFilter     : Authentication set for user: subhodipb8@gmail.com
2026-04-29T20:44:35.478+05:30 DEBUG 41793 --- [peer-tutoring-backend] [nio-8080-exec-7] o.s.security.web.FilterChainProxy        : Secured GET /api/tutor/profile
2026-04-29T20:44:35.478+05:30 DEBUG 41793 --- [peer-tutoring-backend] [nio-8080-exec-7] horizationManagerBeforeMethodInterceptor : Authorizing method invocation ReflectiveMethodInvocation: public org.springframework.http.ResponseEntity com.tutoring.controller.TutorController.getMyProfile(com.tutoring.security.UserDetailsImpl); target is of class [com.tutoring.controller.TutorController]
2026-04-29T20:44:35.478+05:30 DEBUG 41793 --- [peer-tutoring-backend] [nio-8080-exec-7] horizationManagerBeforeMethodInterceptor : Authorized method invocation ReflectiveMethodInvocation: public org.springframework.http.ResponseEntity com.tutoring.controller.TutorController.getMyProfile(com.tutoring.security.UserDetailsImpl); target is of class [com.tutoring.controller.TutorController]
Hibernate: 
    select
        tp1_0.id,
        tp1_0.average_rating,
        tp1_0.bio,
        tp1_0.created_at,
        tp1_0.hourly_rate,
        tp1_0.status,
        tp1_0.subject,
        tp1_0.total_sessions,
        tp1_0.updated_at,
        tp1_0.user_id,
        tp1_0.years_of_experience 
    from
        tutor_profiles tp1_0 
    where
        tp1_0.user_id=?
Hibernate: 
    select
        u1_0.id,
        u1_0.active,
        u1_0.created_at,
        u1_0.email,
        u1_0.first_name,
        u1_0.last_name,
        u1_0.password,
        u1_0.phone_number,
        u1_0.role,
        u1_0.updated_at,
        u1_0.verified 
    from
        users u1_0 
    where
        u1_0.id=?
Hibernate: 
    select
        tp1_0.id,
        tp1_0.average_rating,
        tp1_0.bio,
        tp1_0.created_at,
        tp1_0.hourly_rate,
        tp1_0.status,
        tp1_0.subject,
        tp1_0.total_sessions,
        tp1_0.updated_at,
        tp1_0.user_id,
        tp1_0.years_of_experience 
    from
        tutor_profiles tp1_0 
    where
        tp1_0.user_id=?
Hibernate: 
    select
        s1_0.tutor_id,
        s1_0.subject_name 
    from
        tutor_subjects s1_0 
    where
        s1_0.tutor_id=?
2026-04-29T20:44:45.527+05:30 DEBUG 41793 --- [peer-tutoring-backend] [nio-8080-exec-9] o.s.security.web.FilterChainProxy        : Securing GET /api/sessions/available
2026-04-29T20:44:45.528+05:30 DEBUG 41793 --- [peer-tutoring-backend] [nio-8080-exec-9] o.s.s.w.a.AnonymousAuthenticationFilter  : Set SecurityContextHolder to anonymous SecurityContext
2026-04-29T20:44:45.528+05:30 DEBUG 41793 --- [peer-tutoring-backend] [nio-8080-exec-9] o.s.security.web.FilterChainProxy        : Secured GET /api/sessions/available
Hibernate: 
    select
        s1_0.id,
        s1_0.created_at,
        s1_0.description,
        s1_0.end_time,
        s1_0.enrolled_students,
        s1_0.max_students,
        s1_0.price,
        s1_0.start_time,
        s1_0.status,
        s1_0.subject,
        s1_0.title,
        s1_0.tutor_id,
        s1_0.type,
        s1_0.updated_at 
    from
        sessions s1_0 
    where
        s1_0.status=?
Hibernate: 
    select
        u1_0.id,
        u1_0.active,
        u1_0.created_at,
        u1_0.email,
        u1_0.first_name,
        u1_0.last_name,
        u1_0.password,
        u1_0.phone_number,
        u1_0.role,
        u1_0.updated_at,
        u1_0.verified 
    from
        users u1_0 
    where
        u1_0.id=?
Hibernate: 
    select
        tp1_0.id,
        tp1_0.average_rating,
        tp1_0.bio,
        tp1_0.created_at,
        tp1_0.hourly_rate,
        tp1_0.status,
        tp1_0.subject,
        tp1_0.total_sessions,
        tp1_0.updated_at,
        tp1_0.user_id,
        tp1_0.years_of_experience 
    from
        tutor_profiles tp1_0 
    where
        tp1_0.user_id=?
2026-04-29T20:44:45.535+05:30 DEBUG 41793 --- [peer-tutoring-backend] [nio-8080-exec-9] o.s.security.web.FilterChainProxy        : Securing GET /api/sessions/available
2026-04-29T20:44:45.536+05:30 DEBUG 41793 --- [peer-tutoring-backend] [nio-8080-exec-9] o.s.s.w.a.AnonymousAuthenticationFilter  : Set SecurityContextHolder to anonymous SecurityContext
2026-04-29T20:44:45.539+05:30 DEBUG 41793 --- [peer-tutoring-backend] [nio-8080-exec-9] o.s.security.web.FilterChainProxy        : Secured GET /api/sessions/available
Hibernate: 
    select
        s1_0.id,
        s1_0.created_at,
        s1_0.description,
        s1_0.end_time,
        s1_0.enrolled_students,
        s1_0.max_students,
        s1_0.price,
        s1_0.start_time,
        s1_0.status,
        s1_0.subject,
        s1_0.title,
        s1_0.tutor_id,
        s1_0.type,
        s1_0.updated_at 
    from
        sessions s1_0 
    where
        s1_0.status=?
2026-04-29T20:44:45.543+05:30 DEBUG 41793 --- [peer-tutoring-backend] [io-8080-exec-10] o.s.security.web.FilterChainProxy        : Securing GET /favicon.ico
2026-04-29T20:44:45.543+05:30 DEBUG 41793 --- [peer-tutoring-backend] [io-8080-exec-10] o.s.s.w.a.AnonymousAuthenticationFilter  : Set SecurityContextHolder to anonymous SecurityContext
Hibernate: 
    select
        u1_0.id,
        u1_0.active,
        u1_0.created_at,
        u1_0.email,
        u1_0.first_name,
        u1_0.last_name,
        u1_0.password,
        u1_0.phone_number,
        u1_0.role,
        u1_0.updated_at,
        u1_0.verified 
    from
        users u1_0 
    where
        u1_0.id=?
Hibernate: 
    select
        tp1_0.id,
        tp1_0.average_rating,
        tp1_0.bio,
        tp1_0.created_at,
        tp1_0.hourly_rate,
        tp1_0.status,
        tp1_0.subject,
        tp1_0.total_sessions,
        tp1_0.updated_at,
        tp1_0.user_id,
        tp1_0.years_of_experience 
    from
        tutor_profiles tp1_0 
    where
        tp1_0.user_id=?
2026-04-29T20:44:45.546+05:30 DEBUG 41793 --- [peer-tutoring-backend] [io-8080-exec-10] o.s.s.w.a.Http403ForbiddenEntryPoint     : Pre-authenticated entry point called. Rejecting access
2026-04-29T20:44:45.546+05:30 DEBUG 41793 --- [peer-tutoring-backend] [io-8080-exec-10] o.s.security.web.FilterChainProxy        : Securing GET /error
2026-04-29T20:44:45.547+05:30 DEBUG 41793 --- [peer-tutoring-backend] [io-8080-exec-10] o.s.s.w.a.AnonymousAuthenticationFilter  : Set SecurityContextHolder to anonymous SecurityContext
2026-04-29T20:44:45.547+05:30 DEBUG 41793 --- [peer-tutoring-backend] [io-8080-exec-10] o.s.s.w.a.Http403ForbiddenEntryPoint     : Pre-authenticated entry point called. Rejecting access
2026-04-29T20:44:47.342+05:30 DEBUG 41793 --- [peer-tutoring-backend] [nio-8080-exec-1] o.s.security.web.FilterChainProxy        : Securing GET /favicon.ico
2026-04-29T20:44:47.344+05:30 DEBUG 41793 --- [peer-tutoring-backend] [nio-8080-exec-1] o.s.s.w.a.AnonymousAuthenticationFilter  : Set SecurityContextHolder to anonymous SecurityContext
2026-04-29T20:44:47.347+05:30 DEBUG 41793 --- [peer-tutoring-backend] [nio-8080-exec-1] o.s.s.w.a.Http403ForbiddenEntryPoint     : Pre-authenticated entry point called. Rejecting access
2026-04-29T20:44:47.347+05:30 DEBUG 41793 --- [peer-tutoring-backend] [nio-8080-exec-1] o.s.security.web.FilterChainProxy        : Securing GET /error
2026-04-29T20:44:47.349+05:30 DEBUG 41793 --- [peer-tutoring-backend] [nio-8080-exec-1] o.s.s.w.a.AnonymousAuthenticationFilter  : Set SecurityContextHolder to anonymous SecurityContext
2026-04-29T20:44:47.349+05:30 DEBUG 41793 --- [peer-tutoring-backend] [nio-8080-exec-1] o.s.s.w.a.Http403ForbiddenEntryPoint     : Pre-authenticated entry point called. Rejecting access
2026-04-29T20:44:52.132+05:30 DEBUG 41793 --- [peer-tutoring-backend] [nio-8080-exec-3] o.s.security.web.FilterChainProxy        : Securing OPTIONS /api/auth/login
2026-04-29T20:44:52.135+05:30 DEBUG 41793 --- [peer-tutoring-backend] [nio-8080-exec-5] o.s.security.web.FilterChainProxy        : Securing POST /api/auth/login
2026-04-29T20:44:52.135+05:30 DEBUG 41793 --- [peer-tutoring-backend] [nio-8080-exec-5] o.s.s.w.a.AnonymousAuthenticationFilter  : Set SecurityContextHolder to anonymous SecurityContext
2026-04-29T20:44:52.135+05:30 DEBUG 41793 --- [peer-tutoring-backend] [nio-8080-exec-5] o.s.security.web.FilterChainProxy        : Secured POST /api/auth/login
Hibernate: 
    select
        u1_0.id,
        u1_0.active,
        u1_0.created_at,
        u1_0.email,
        u1_0.first_name,
        u1_0.last_name,
        u1_0.password,
        u1_0.phone_number,
        u1_0.role,
        u1_0.updated_at,
        u1_0.verified 
    from
        users u1_0 
    where
        u1_0.email=?
2026-04-29T20:44:52.252+05:30 DEBUG 41793 --- [peer-tutoring-backend] [nio-8080-exec-5] o.s.s.a.dao.DaoAuthenticationProvider    : Failed to find user 'admin@example.com'
2026-04-29T20:45:20.768+05:30 DEBUG 41793 --- [peer-tutoring-backend] [nio-8080-exec-6] o.s.security.web.FilterChainProxy        : Securing GET /favicon.ico
2026-04-29T20:45:20.769+05:30 DEBUG 41793 --- [peer-tutoring-backend] [nio-8080-exec-6] o.s.s.w.a.AnonymousAuthenticationFilter  : Set SecurityContextHolder to anonymous SecurityContext
2026-04-29T20:45:20.770+05:30 DEBUG 41793 --- [peer-tutoring-backend] [nio-8080-exec-6] o.s.s.w.a.Http403ForbiddenEntryPoint     : Pre-authenticated entry point called. Rejecting access
2026-04-29T20:45:20.770+05:30 DEBUG 41793 --- [peer-tutoring-backend] [nio-8080-exec-6] o.s.security.web.FilterChainProxy        : Securing GET /error
2026-04-29T20:45:20.771+05:30 DEBUG 41793 --- [peer-tutoring-backend] [nio-8080-exec-6] o.s.s.w.a.AnonymousAuthenticationFilter  : Set SecurityContextHolder to anonymous SecurityContext
2026-04-29T20:45:20.771+05:30 DEBUG 41793 --- [peer-tutoring-backend] [nio-8080-exec-6] o.s.s.w.a.Http403ForbiddenEntryPoint     : Pre-authenticated entry point called. Rejecting access
2026-04-29T20:45:22.148+05:30 DEBUG 41793 --- [peer-tutoring-backend] [nio-8080-exec-4] o.s.security.web.FilterChainProxy        : Securing OPTIONS /api/auth/login
2026-04-29T20:45:22.151+05:30 DEBUG 41793 --- [peer-tutoring-backend] [nio-8080-exec-8] o.s.security.web.FilterChainProxy        : Securing POST /api/auth/login
2026-04-29T20:45:22.151+05:30 DEBUG 41793 --- [peer-tutoring-backend] [nio-8080-exec-8] o.s.s.w.a.AnonymousAuthenticationFilter  : Set SecurityContextHolder to anonymous SecurityContext
2026-04-29T20:45:22.152+05:30 DEBUG 41793 --- [peer-tutoring-backend] [nio-8080-exec-8] o.s.security.web.FilterChainProxy        : Secured POST /api/auth/login
Hibernate: 
    select
        u1_0.id,
        u1_0.active,
        u1_0.created_at,
        u1_0.email,
        u1_0.first_name,
        u1_0.last_name,
        u1_0.password,
        u1_0.phone_number,
        u1_0.role,
        u1_0.updated_at,
        u1_0.verified 
    from
        users u1_0 
    where
        u1_0.email=?
Hibernate: 
    select
        tp1_0.id,
        tp1_0.average_rating,
        tp1_0.bio,
        tp1_0.created_at,
        tp1_0.hourly_rate,
        tp1_0.status,
        tp1_0.subject,
        tp1_0.total_sessions,
        tp1_0.updated_at,
        tp1_0.user_id,
        tp1_0.years_of_experience 
    from
        tutor_profiles tp1_0 
    where
        tp1_0.user_id=?
2026-04-29T20:45:22.268+05:30 DEBUG 41793 --- [peer-tutoring-backend] [nio-8080-exec-8] o.s.s.a.dao.DaoAuthenticationProvider    : Authenticated user
2026-04-29T20:45:22.281+05:30 DEBUG 41793 --- [peer-tutoring-backend] [nio-8080-exec-7] o.s.security.web.FilterChainProxy        : Securing OPTIONS /api/tutor/bookings
2026-04-29T20:45:22.282+05:30 DEBUG 41793 --- [peer-tutoring-backend] [nio-8080-exec-2] o.s.security.web.FilterChainProxy        : Securing OPTIONS /api/tutor/bookings
2026-04-29T20:45:22.285+05:30 DEBUG 41793 --- [peer-tutoring-backend] [nio-8080-exec-9] o.s.security.web.FilterChainProxy        : Securing GET /api/tutor/bookings
2026-04-29T20:45:22.286+05:30 DEBUG 41793 --- [peer-tutoring-backend] [nio-8080-exec-9] c.t.security.JwtAuthenticationFilter     : JWT Token found: eyJhbGciOiJIUzM4NCJ9...
2026-04-29T20:45:22.286+05:30 DEBUG 41793 --- [peer-tutoring-backend] [io-8080-exec-10] o.s.security.web.FilterChainProxy        : Securing GET /favicon.ico
2026-04-29T20:45:22.289+05:30 DEBUG 41793 --- [peer-tutoring-backend] [io-8080-exec-10] o.s.s.w.a.AnonymousAuthenticationFilter  : Set SecurityContextHolder to anonymous SecurityContext
2026-04-29T20:45:22.291+05:30 DEBUG 41793 --- [peer-tutoring-backend] [io-8080-exec-10] o.s.s.w.a.Http403ForbiddenEntryPoint     : Pre-authenticated entry point called. Rejecting access
2026-04-29T20:45:22.291+05:30 DEBUG 41793 --- [peer-tutoring-backend] [io-8080-exec-10] o.s.security.web.FilterChainProxy        : Securing GET /error
2026-04-29T20:45:22.291+05:30 DEBUG 41793 --- [peer-tutoring-backend] [nio-8080-exec-9] c.t.security.JwtAuthenticationFilter     : JWT valid, email: subhodipb8@gmail.com
2026-04-29T20:45:22.292+05:30 DEBUG 41793 --- [peer-tutoring-backend] [io-8080-exec-10] o.s.s.w.a.AnonymousAuthenticationFilter  : Set SecurityContextHolder to anonymous SecurityContext
2026-04-29T20:45:22.292+05:30 DEBUG 41793 --- [peer-tutoring-backend] [io-8080-exec-10] o.s.s.w.a.Http403ForbiddenEntryPoint     : Pre-authenticated entry point called. Rejecting access
Hibernate: 
    select
        u1_0.id,
        u1_0.active,
        u1_0.created_at,
        u1_0.email,
        u1_0.first_name,
        u1_0.last_name,
        u1_0.password,
        u1_0.phone_number,
        u1_0.role,
        u1_0.updated_at,
        u1_0.verified 
    from
        users u1_0 
    where
        u1_0.email=?
Hibernate: 
    select
        tp1_0.id,
        tp1_0.average_rating,
        tp1_0.bio,
        tp1_0.created_at,
        tp1_0.hourly_rate,
        tp1_0.status,
        tp1_0.subject,
        tp1_0.total_sessions,
        tp1_0.updated_at,
        tp1_0.user_id,
        tp1_0.years_of_experience 
    from
        tutor_profiles tp1_0 
    where
        tp1_0.user_id=?
2026-04-29T20:45:22.295+05:30 DEBUG 41793 --- [peer-tutoring-backend] [nio-8080-exec-9] c.t.security.JwtAuthenticationFilter     : Authentication set for user: subhodipb8@gmail.com
2026-04-29T20:45:22.296+05:30 DEBUG 41793 --- [peer-tutoring-backend] [nio-8080-exec-9] o.s.security.web.FilterChainProxy        : Secured GET /api/tutor/bookings
2026-04-29T20:45:22.297+05:30 DEBUG 41793 --- [peer-tutoring-backend] [nio-8080-exec-9] horizationManagerBeforeMethodInterceptor : Authorizing method invocation ReflectiveMethodInvocation: public org.springframework.http.ResponseEntity com.tutoring.controller.BookingController.getTutorBookings(com.tutoring.security.UserDetailsImpl); target is of class [com.tutoring.controller.BookingController]
2026-04-29T20:45:22.297+05:30 DEBUG 41793 --- [peer-tutoring-backend] [nio-8080-exec-9] horizationManagerBeforeMethodInterceptor : Authorized method invocation ReflectiveMethodInvocation: public org.springframework.http.ResponseEntity com.tutoring.controller.BookingController.getTutorBookings(com.tutoring.security.UserDetailsImpl); target is of class [com.tutoring.controller.BookingController]
Hibernate: 
    select
        b1_0.id,
        b1_0.amount,
        b1_0.cancelled_at,
        b1_0.completed_at,
        b1_0.confirmed_at,
        b1_0.created_at,
        b1_0.notes,
        b1_0.payment_status,
        b1_0.session_id,
        b1_0.status,
        b1_0.student_id,
        b1_0.updated_at 
    from
        bookings b1_0 
    left join
        sessions s1_0 
            on s1_0.id=b1_0.session_id 
    where
        s1_0.tutor_id=?
2026-04-29T20:45:22.301+05:30 DEBUG 41793 --- [peer-tutoring-backend] [nio-8080-exec-1] o.s.security.web.FilterChainProxy        : Securing GET /api/tutor/bookings
2026-04-29T20:45:22.301+05:30 DEBUG 41793 --- [peer-tutoring-backend] [nio-8080-exec-1] c.t.security.JwtAuthenticationFilter     : JWT Token found: eyJhbGciOiJIUzM4NCJ9...
2026-04-29T20:45:22.302+05:30 DEBUG 41793 --- [peer-tutoring-backend] [nio-8080-exec-3] o.s.security.web.FilterChainProxy        : Securing OPTIONS /api/tutor/profile
2026-04-29T20:45:22.302+05:30 DEBUG 41793 --- [peer-tutoring-backend] [nio-8080-exec-1] c.t.security.JwtAuthenticationFilter     : JWT valid, email: subhodipb8@gmail.com
2026-04-29T20:45:22.304+05:30 DEBUG 41793 --- [peer-tutoring-backend] [nio-8080-exec-5] o.s.security.web.FilterChainProxy        : Securing GET /api/tutor/profile
Hibernate: 
    select
        u1_0.id,
        u1_0.active,
        u1_0.created_at,
        u1_0.email,
        u1_0.first_name,
        u1_0.last_name,
        u1_0.password,
        u1_0.phone_number,
        u1_0.role,
        u1_0.updated_at,
        u1_0.verified 
    from
        users u1_0 
    where
        u1_0.email=?
2026-04-29T20:45:22.304+05:30 DEBUG 41793 --- [peer-tutoring-backend] [nio-8080-exec-5] c.t.security.JwtAuthenticationFilter     : JWT Token found: eyJhbGciOiJIUzM4NCJ9...
Hibernate: 
    select
        tp1_0.id,
        tp1_0.average_rating,
        tp1_0.bio,
        tp1_0.created_at,
        tp1_0.hourly_rate,
        tp1_0.status,
        tp1_0.subject,
        tp1_0.total_sessions,
        tp1_0.updated_at,
        tp1_0.user_id,
        tp1_0.years_of_experience 
    from
        tutor_profiles tp1_0 
    where
        tp1_0.user_id=?
2026-04-29T20:45:22.305+05:30 DEBUG 41793 --- [peer-tutoring-backend] [nio-8080-exec-5] c.t.security.JwtAuthenticationFilter     : JWT valid, email: subhodipb8@gmail.com
2026-04-29T20:45:22.306+05:30 DEBUG 41793 --- [peer-tutoring-backend] [nio-8080-exec-1] c.t.security.JwtAuthenticationFilter     : Authentication set for user: subhodipb8@gmail.com
Hibernate: 
    select
        u1_0.id,
        u1_0.active,
        u1_0.created_at,
        u1_0.email,
        u1_0.first_name,
        u1_0.last_name,
        u1_0.password,
        u1_0.phone_number,
        u1_0.role,
        u1_0.updated_at,
        u1_0.verified 
    from
        users u1_0 
    where
        u1_0.email=?
2026-04-29T20:45:22.307+05:30 DEBUG 41793 --- [peer-tutoring-backend] [nio-8080-exec-1] o.s.security.web.FilterChainProxy        : Secured GET /api/tutor/bookings
Hibernate: 
    select
        tp1_0.id,
        tp1_0.average_rating,
        tp1_0.bio,
        tp1_0.created_at,
        tp1_0.hourly_rate,
        tp1_0.status,
        tp1_0.subject,
        tp1_0.total_sessions,
        tp1_0.updated_at,
        tp1_0.user_id,
        tp1_0.years_of_experience 
    from
        tutor_profiles tp1_0 
    where
        tp1_0.user_id=?
2026-04-29T20:45:22.307+05:30 DEBUG 41793 --- [peer-tutoring-backend] [nio-8080-exec-1] horizationManagerBeforeMethodInterceptor : Authorizing method invocation ReflectiveMethodInvocation: public org.springframework.http.ResponseEntity com.tutoring.controller.BookingController.getTutorBookings(com.tutoring.security.UserDetailsImpl); target is of class [com.tutoring.controller.BookingController]
2026-04-29T20:45:22.308+05:30 DEBUG 41793 --- [peer-tutoring-backend] [nio-8080-exec-1] horizationManagerBeforeMethodInterceptor : Authorized method invocation ReflectiveMethodInvocation: public org.springframework.http.ResponseEntity com.tutoring.controller.BookingController.getTutorBookings(com.tutoring.security.UserDetailsImpl); target is of class [com.tutoring.controller.BookingController]
Hibernate: 
    select
        b1_0.id,
        b1_0.amount,
        b1_0.cancelled_at,
        b1_0.completed_at,
        b1_0.confirmed_at,
        b1_0.created_at,
        b1_0.notes,
        b1_0.payment_status,
        b1_0.session_id,
        b1_0.status,
        b1_0.student_id,
        b1_0.updated_at 
    from
        bookings b1_0 
    left join
        sessions s1_0 
            on s1_0.id=b1_0.session_id 
    where
        s1_0.tutor_id=?
2026-04-29T20:45:22.309+05:30 DEBUG 41793 --- [peer-tutoring-backend] [nio-8080-exec-5] c.t.security.JwtAuthenticationFilter     : Authentication set for user: subhodipb8@gmail.com
2026-04-29T20:45:22.309+05:30 DEBUG 41793 --- [peer-tutoring-backend] [nio-8080-exec-5] o.s.security.web.FilterChainProxy        : Secured GET /api/tutor/profile
2026-04-29T20:45:22.310+05:30 DEBUG 41793 --- [peer-tutoring-backend] [nio-8080-exec-5] horizationManagerBeforeMethodInterceptor : Authorizing method invocation ReflectiveMethodInvocation: public org.springframework.http.ResponseEntity com.tutoring.controller.TutorController.getMyProfile(com.tutoring.security.UserDetailsImpl); target is of class [com.tutoring.controller.TutorController]
2026-04-29T20:45:22.310+05:30 DEBUG 41793 --- [peer-tutoring-backend] [nio-8080-exec-5] horizationManagerBeforeMethodInterceptor : Authorized method invocation ReflectiveMethodInvocation: public org.springframework.http.ResponseEntity com.tutoring.controller.TutorController.getMyProfile(com.tutoring.security.UserDetailsImpl); target is of class [com.tutoring.controller.TutorController]
Hibernate: 
    select
        tp1_0.id,
        tp1_0.average_rating,
        tp1_0.bio,
        tp1_0.created_at,
        tp1_0.hourly_rate,
        tp1_0.status,
        tp1_0.subject,
        tp1_0.total_sessions,
        tp1_0.updated_at,
        tp1_0.user_id,
        tp1_0.years_of_experience 
    from
        tutor_profiles tp1_0 
    where
        tp1_0.user_id=?
Hibernate: 
    select
        u1_0.id,
        u1_0.active,
        u1_0.created_at,
        u1_0.email,
        u1_0.first_name,
        u1_0.last_name,
        u1_0.password,
        u1_0.phone_number,
        u1_0.role,
        u1_0.updated_at,
        u1_0.verified 
    from
        users u1_0 
    where
        u1_0.id=?
Hibernate: 
    select
        tp1_0.id,
        tp1_0.average_rating,
        tp1_0.bio,
        tp1_0.created_at,
        tp1_0.hourly_rate,
        tp1_0.status,
        tp1_0.subject,
        tp1_0.total_sessions,
        tp1_0.updated_at,
        tp1_0.user_id,
        tp1_0.years_of_experience 
    from
        tutor_profiles tp1_0 
    where
        tp1_0.user_id=?
Hibernate: 
    select
        s1_0.tutor_id,
        s1_0.subject_name 
    from
        tutor_subjects s1_0 
    where
        s1_0.tutor_id=?
2026-04-29T20:45:22.318+05:30 DEBUG 41793 --- [peer-tutoring-backend] [nio-8080-exec-6] o.s.security.web.FilterChainProxy        : Securing GET /api/tutor/profile
2026-04-29T20:45:22.319+05:30 DEBUG 41793 --- [peer-tutoring-backend] [nio-8080-exec-6] c.t.security.JwtAuthenticationFilter     : JWT Token found: eyJhbGciOiJIUzM4NCJ9...
2026-04-29T20:45:22.320+05:30 DEBUG 41793 --- [peer-tutoring-backend] [nio-8080-exec-6] c.t.security.JwtAuthenticationFilter     : JWT valid, email: subhodipb8@gmail.com
Hibernate: 
    select
        u1_0.id,
        u1_0.active,
        u1_0.created_at,
        u1_0.email,
        u1_0.first_name,
        u1_0.last_name,
        u1_0.password,
        u1_0.phone_number,
        u1_0.role,
        u1_0.updated_at,
        u1_0.verified 
    from
        users u1_0 
    where
        u1_0.email=?
Hibernate: 
    select
        tp1_0.id,
        tp1_0.average_rating,
        tp1_0.bio,
        tp1_0.created_at,
        tp1_0.hourly_rate,
        tp1_0.status,
        tp1_0.subject,
        tp1_0.total_sessions,
        tp1_0.updated_at,
        tp1_0.user_id,
        tp1_0.years_of_experience 
    from
        tutor_profiles tp1_0 
    where
        tp1_0.user_id=?
2026-04-29T20:45:22.323+05:30 DEBUG 41793 --- [peer-tutoring-backend] [nio-8080-exec-6] c.t.security.JwtAuthenticationFilter     : Authentication set for user: subhodipb8@gmail.com
2026-04-29T20:45:22.324+05:30 DEBUG 41793 --- [peer-tutoring-backend] [nio-8080-exec-6] o.s.security.web.FilterChainProxy        : Secured GET /api/tutor/profile
2026-04-29T20:45:22.324+05:30 DEBUG 41793 --- [peer-tutoring-backend] [nio-8080-exec-6] horizationManagerBeforeMethodInterceptor : Authorizing method invocation ReflectiveMethodInvocation: public org.springframework.http.ResponseEntity com.tutoring.controller.TutorController.getMyProfile(com.tutoring.security.UserDetailsImpl); target is of class [com.tutoring.controller.TutorController]
2026-04-29T20:45:22.325+05:30 DEBUG 41793 --- [peer-tutoring-backend] [nio-8080-exec-6] horizationManagerBeforeMethodInterceptor : Authorized method invocation ReflectiveMethodInvocation: public org.springframework.http.ResponseEntity com.tutoring.controller.TutorController.getMyProfile(com.tutoring.security.UserDetailsImpl); target is of class [com.tutoring.controller.TutorController]
Hibernate: 
    select
        tp1_0.id,
        tp1_0.average_rating,
        tp1_0.bio,
        tp1_0.created_at,
        tp1_0.hourly_rate,
        tp1_0.status,
        tp1_0.subject,
        tp1_0.total_sessions,
        tp1_0.updated_at,
        tp1_0.user_id,
        tp1_0.years_of_experience 
    from
        tutor_profiles tp1_0 
    where
        tp1_0.user_id=?
Hibernate: 
    select
        u1_0.id,
        u1_0.active,
        u1_0.created_at,
        u1_0.email,
        u1_0.first_name,
        u1_0.last_name,
        u1_0.password,
        u1_0.phone_number,
        u1_0.role,
        u1_0.updated_at,
        u1_0.verified 
    from
        users u1_0 
    where
        u1_0.id=?
Hibernate: 
    select
        tp1_0.id,
        tp1_0.average_rating,
        tp1_0.bio,
        tp1_0.created_at,
        tp1_0.hourly_rate,
        tp1_0.status,
        tp1_0.subject,
        tp1_0.total_sessions,
        tp1_0.updated_at,
        tp1_0.user_id,
        tp1_0.years_of_experience 
    from
        tutor_profiles tp1_0 
    where
        tp1_0.user_id=?
Hibernate: 
    select
        s1_0.tutor_id,
        s1_0.subject_name 
    from
        tutor_subjects s1_0 
    where
        s1_0.tutor_id=?
2026-04-29T20:45:38.689+05:30 DEBUG 41793 --- [peer-tutoring-backend] [nio-8080-exec-4] o.s.security.web.FilterChainProxy        : Securing GET /api/sessions/available
2026-04-29T20:45:38.690+05:30 DEBUG 41793 --- [peer-tutoring-backend] [nio-8080-exec-4] o.s.s.w.a.AnonymousAuthenticationFilter  : Set SecurityContextHolder to anonymous SecurityContext
2026-04-29T20:45:38.691+05:30 DEBUG 41793 --- [peer-tutoring-backend] [nio-8080-exec-4] o.s.security.web.FilterChainProxy        : Secured GET /api/sessions/available
Hibernate: 
    select
        s1_0.id,
        s1_0.created_at,
        s1_0.description,
        s1_0.end_time,
        s1_0.enrolled_students,
        s1_0.max_students,
        s1_0.price,
        s1_0.start_time,
        s1_0.status,
        s1_0.subject,
        s1_0.title,
        s1_0.tutor_id,
        s1_0.type,
        s1_0.updated_at 
    from
        sessions s1_0 
    where
        s1_0.status=?
Hibernate: 
    select
        u1_0.id,
        u1_0.active,
        u1_0.created_at,
        u1_0.email,
        u1_0.first_name,
        u1_0.last_name,
        u1_0.password,
        u1_0.phone_number,
        u1_0.role,
        u1_0.updated_at,
        u1_0.verified 
    from
        users u1_0 
    where
        u1_0.id=?
Hibernate: 
    select
        tp1_0.id,
        tp1_0.average_rating,
        tp1_0.bio,
        tp1_0.created_at,
        tp1_0.hourly_rate,
        tp1_0.status,
        tp1_0.subject,
        tp1_0.total_sessions,
        tp1_0.updated_at,
        tp1_0.user_id,
        tp1_0.years_of_experience 
    from
        tutor_profiles tp1_0 
    where
        tp1_0.user_id=?
2026-04-29T20:45:38.700+05:30 DEBUG 41793 --- [peer-tutoring-backend] [nio-8080-exec-8] o.s.security.web.FilterChainProxy        : Securing GET /api/sessions/available
2026-04-29T20:45:38.700+05:30 DEBUG 41793 --- [peer-tutoring-backend] [nio-8080-exec-8] o.s.s.w.a.AnonymousAuthenticationFilter  : Set SecurityContextHolder to anonymous SecurityContext
2026-04-29T20:45:38.701+05:30 DEBUG 41793 --- [peer-tutoring-backend] [nio-8080-exec-8] o.s.security.web.FilterChainProxy        : Secured GET /api/sessions/available
Hibernate: 
    select
        s1_0.id,
        s1_0.created_at,
        s1_0.description,
        s1_0.end_time,
        s1_0.enrolled_students,
        s1_0.max_students,
        s1_0.price,
        s1_0.start_time,
        s1_0.status,
        s1_0.subject,
        s1_0.title,
        s1_0.tutor_id,
        s1_0.type,
        s1_0.updated_at 
    from
        sessions s1_0 
    where
        s1_0.status=?
2026-04-29T20:45:38.705+05:30 DEBUG 41793 --- [peer-tutoring-backend] [nio-8080-exec-7] o.s.security.web.FilterChainProxy        : Securing GET /favicon.ico
2026-04-29T20:45:38.706+05:30 DEBUG 41793 --- [peer-tutoring-backend] [nio-8080-exec-7] o.s.s.w.a.AnonymousAuthenticationFilter  : Set SecurityContextHolder to anonymous SecurityContext
Hibernate: 
    select
        u1_0.id,
        u1_0.active,
        u1_0.created_at,
        u1_0.email,
        u1_0.first_name,
        u1_0.last_name,
        u1_0.password,
        u1_0.phone_number,
        u1_0.role,
        u1_0.updated_at,
        u1_0.verified 
    from
        users u1_0 
    where
        u1_0.id=?
Hibernate: 
    select
        tp1_0.id,
        tp1_0.average_rating,
        tp1_0.bio,
        tp1_0.created_at,
        tp1_0.hourly_rate,
        tp1_0.status,
        tp1_0.subject,
        tp1_0.total_sessions,
        tp1_0.updated_at,
        tp1_0.user_id,
        tp1_0.years_of_experience 
    from
        tutor_profiles tp1_0 
    where
        tp1_0.user_id=?
2026-04-29T20:45:38.711+05:30 DEBUG 41793 --- [peer-tutoring-backend] [nio-8080-exec-7] o.s.s.w.a.Http403ForbiddenEntryPoint     : Pre-authenticated entry point called. Rejecting access
2026-04-29T20:45:38.712+05:30 DEBUG 41793 --- [peer-tutoring-backend] [nio-8080-exec-7] o.s.security.web.FilterChainProxy        : Securing GET /error
2026-04-29T20:45:38.713+05:30 DEBUG 41793 --- [peer-tutoring-backend] [nio-8080-exec-7] o.s.s.w.a.AnonymousAuthenticationFilter  : Set SecurityContextHolder to anonymous SecurityContext
2026-04-29T20:45:38.714+05:30 DEBUG 41793 --- [peer-tutoring-backend] [nio-8080-exec-7] o.s.s.w.a.Http403ForbiddenEntryPoint     : Pre-authenticated entry point called. Rejecting access
2026-04-29T20:45:40.801+05:30 DEBUG 41793 --- [peer-tutoring-backend] [nio-8080-exec-2] o.s.security.web.FilterChainProxy        : Securing GET /favicon.ico
2026-04-29T20:45:40.801+05:30 DEBUG 41793 --- [peer-tutoring-backend] [nio-8080-exec-2] o.s.s.w.a.AnonymousAuthenticationFilter  : Set SecurityContextHolder to anonymous SecurityContext
2026-04-29T20:45:40.803+05:30 DEBUG 41793 --- [peer-tutoring-backend] [nio-8080-exec-2] o.s.s.w.a.Http403ForbiddenEntryPoint     : Pre-authenticated entry point called. Rejecting access
2026-04-29T20:45:40.803+05:30 DEBUG 41793 --- [peer-tutoring-backend] [nio-8080-exec-2] o.s.security.web.FilterChainProxy        : Securing GET /error
2026-04-29T20:45:40.804+05:30 DEBUG 41793 --- [peer-tutoring-backend] [nio-8080-exec-2] o.s.s.w.a.AnonymousAuthenticationFilter  : Set SecurityContextHolder to anonymous SecurityContext
2026-04-29T20:45:40.804+05:30 DEBUG 41793 --- [peer-tutoring-backend] [nio-8080-exec-2] o.s.s.w.a.Http403ForbiddenEntryPoint     : Pre-authenticated entry point called. Rejecting access
2026-04-29T20:45:47.999+05:30 DEBUG 41793 --- [peer-tutoring-backend] [io-8080-exec-10] o.s.security.web.FilterChainProxy        : Securing OPTIONS /api/auth/login
2026-04-29T20:45:48.004+05:30 DEBUG 41793 --- [peer-tutoring-backend] [nio-8080-exec-9] o.s.security.web.FilterChainProxy        : Securing POST /api/auth/login
2026-04-29T20:45:48.005+05:30 DEBUG 41793 --- [peer-tutoring-backend] [nio-8080-exec-9] o.s.s.w.a.AnonymousAuthenticationFilter  : Set SecurityContextHolder to anonymous SecurityContext
2026-04-29T20:45:48.005+05:30 DEBUG 41793 --- [peer-tutoring-backend] [nio-8080-exec-9] o.s.security.web.FilterChainProxy        : Secured POST /api/auth/login
Hibernate: 
    select
        u1_0.id,
        u1_0.active,
        u1_0.created_at,
        u1_0.email,
        u1_0.first_name,
        u1_0.last_name,
        u1_0.password,
        u1_0.phone_number,
        u1_0.role,
        u1_0.updated_at,
        u1_0.verified 
    from
        users u1_0 
    where
        u1_0.email=?
2026-04-29T20:45:48.117+05:30 DEBUG 41793 --- [peer-tutoring-backend] [nio-8080-exec-9] o.s.s.a.dao.DaoAuthenticationProvider    : Failed to find user 'admin@example.com'
2026-04-29T20:46:04.536+05:30 DEBUG 41793 --- [peer-tutoring-backend] [nio-8080-exec-3] o.s.security.web.FilterChainProxy        : Securing GET /favicon.ico
2026-04-29T20:46:04.537+05:30 DEBUG 41793 --- [peer-tutoring-backend] [nio-8080-exec-3] o.s.s.w.a.AnonymousAuthenticationFilter  : Set SecurityContextHolder to anonymous SecurityContext
2026-04-29T20:46:04.544+05:30 DEBUG 41793 --- [peer-tutoring-backend] [nio-8080-exec-3] o.s.s.w.a.Http403ForbiddenEntryPoint     : Pre-authenticated entry point called. Rejecting access
2026-04-29T20:46:04.545+05:30 DEBUG 41793 --- [peer-tutoring-backend] [nio-8080-exec-3] o.s.security.web.FilterChainProxy        : Securing GET /error
2026-04-29T20:46:04.547+05:30 DEBUG 41793 --- [peer-tutoring-backend] [nio-8080-exec-3] o.s.s.w.a.AnonymousAuthenticationFilter  : Set SecurityContextHolder to anonymous SecurityContext
2026-04-29T20:46:04.548+05:30 DEBUG 41793 --- [peer-tutoring-backend] [nio-8080-exec-3] o.s.s.w.a.Http403ForbiddenEntryPoint     : Pre-authenticated entry point called. Rejecting access
2026-04-29T20:46:16.467+05:30 DEBUG 41793 --- [peer-tutoring-backend] [nio-8080-exec-1] o.s.security.web.FilterChainProxy        : Securing POST /api/auth/login
2026-04-29T20:46:16.467+05:30 DEBUG 41793 --- [peer-tutoring-backend] [nio-8080-exec-1] o.s.s.w.a.AnonymousAuthenticationFilter  : Set SecurityContextHolder to anonymous SecurityContext
2026-04-29T20:46:16.468+05:30 DEBUG 41793 --- [peer-tutoring-backend] [nio-8080-exec-1] o.s.security.web.FilterChainProxy        : Secured POST /api/auth/login
Hibernate: 
    select
        u1_0.id,
        u1_0.active,
        u1_0.created_at,
        u1_0.email,
        u1_0.first_name,
        u1_0.last_name,
        u1_0.password,
        u1_0.phone_number,
        u1_0.role,
        u1_0.updated_at,
        u1_0.verified 
    from
        users u1_0 
    where
        u1_0.email=?
2026-04-29T20:46:16.582+05:30 DEBUG 41793 --- [peer-tutoring-backend] [nio-8080-exec-1] o.s.s.a.dao.DaoAuthenticationProvider    : Failed to find user 'admin@example.com'
2026-04-29T20:46:30.852+05:30 DEBUG 41793 --- [peer-tutoring-backend] [nio-8080-exec-5] o.s.security.web.FilterChainProxy        : Securing POST /api/auth/register
2026-04-29T20:46:30.853+05:30 DEBUG 41793 --- [peer-tutoring-backend] [nio-8080-exec-5] o.s.s.w.a.AnonymousAuthenticationFilter  : Set SecurityContextHolder to anonymous SecurityContext
2026-04-29T20:46:30.853+05:30 DEBUG 41793 --- [peer-tutoring-backend] [nio-8080-exec-5] o.s.security.web.FilterChainProxy        : Secured POST /api/auth/register
Hibernate: 
    select
        u1_0.id 
    from
        users u1_0 
    where
        u1_0.email=? 
    fetch
        first ? rows only
Hibernate: 
    insert 
    into
        users
        (active, created_at, email, first_name, last_name, password, phone_number, role, updated_at, verified, id) 
    values
        (?, ?, ?, ?, ?, ?, ?, ?, ?, ?, default)
2026-04-29T20:46:30.985+05:30 DEBUG 41793 --- [peer-tutoring-backend] [nio-8080-exec-4] o.s.security.web.FilterChainProxy        : Securing POST /api/auth/login
2026-04-29T20:46:30.985+05:30 DEBUG 41793 --- [peer-tutoring-backend] [nio-8080-exec-4] o.s.s.w.a.AnonymousAuthenticationFilter  : Set SecurityContextHolder to anonymous SecurityContext
2026-04-29T20:46:30.985+05:30 DEBUG 41793 --- [peer-tutoring-backend] [nio-8080-exec-4] o.s.security.web.FilterChainProxy        : Secured POST /api/auth/login
Hibernate: 
    select
        u1_0.id,
        u1_0.active,
        u1_0.created_at,
        u1_0.email,
        u1_0.first_name,
        u1_0.last_name,
        u1_0.password,
        u1_0.phone_number,
        u1_0.role,
        u1_0.updated_at,
        u1_0.verified 
    from
        users u1_0 
    where
        u1_0.email=?
Hibernate: 
    select
        tp1_0.id,
        tp1_0.average_rating,
        tp1_0.bio,
        tp1_0.created_at,
        tp1_0.hourly_rate,
        tp1_0.status,
        tp1_0.subject,
        tp1_0.total_sessions,
        tp1_0.updated_at,
        tp1_0.user_id,
        tp1_0.years_of_experience 
    from
        tutor_profiles tp1_0 
    where
        tp1_0.user_id=?
2026-04-29T20:46:31.094+05:30 DEBUG 41793 --- [peer-tutoring-backend] [nio-8080-exec-4] o.s.s.a.dao.DaoAuthenticationProvider    : Authenticated user
2026-04-29T20:46:43.132+05:30 DEBUG 41793 --- [peer-tutoring-backend] [nio-8080-exec-7] o.s.security.web.FilterChainProxy        : Securing GET /favicon.ico
2026-04-29T20:46:43.133+05:30 DEBUG 41793 --- [peer-tutoring-backend] [nio-8080-exec-7] o.s.s.w.a.AnonymousAuthenticationFilter  : Set SecurityContextHolder to anonymous SecurityContext
2026-04-29T20:46:43.137+05:30 DEBUG 41793 --- [peer-tutoring-backend] [nio-8080-exec-7] o.s.s.w.a.Http403ForbiddenEntryPoint     : Pre-authenticated entry point called. Rejecting access
2026-04-29T20:46:43.138+05:30 DEBUG 41793 --- [peer-tutoring-backend] [nio-8080-exec-7] o.s.security.web.FilterChainProxy        : Securing GET /error
2026-04-29T20:46:43.139+05:30 DEBUG 41793 --- [peer-tutoring-backend] [nio-8080-exec-7] o.s.s.w.a.AnonymousAuthenticationFilter  : Set SecurityContextHolder to anonymous SecurityContext
2026-04-29T20:46:43.139+05:30 DEBUG 41793 --- [peer-tutoring-backend] [nio-8080-exec-7] o.s.s.w.a.Http403ForbiddenEntryPoint     : Pre-authenticated entry point called. Rejecting access
2026-04-29T20:47:00.131+05:30 DEBUG 41793 --- [peer-tutoring-backend] [nio-8080-exec-2] o.s.security.web.FilterChainProxy        : Securing OPTIONS /api/auth/login
2026-04-29T20:47:00.135+05:30 DEBUG 41793 --- [peer-tutoring-backend] [io-8080-exec-10] o.s.security.web.FilterChainProxy        : Securing POST /api/auth/login
2026-04-29T20:47:00.136+05:30 DEBUG 41793 --- [peer-tutoring-backend] [io-8080-exec-10] o.s.s.w.a.AnonymousAuthenticationFilter  : Set SecurityContextHolder to anonymous SecurityContext
2026-04-29T20:47:00.136+05:30 DEBUG 41793 --- [peer-tutoring-backend] [io-8080-exec-10] o.s.security.web.FilterChainProxy        : Secured POST /api/auth/login
Hibernate: 
    select
        u1_0.id,
        u1_0.active,
        u1_0.created_at,
        u1_0.email,
        u1_0.first_name,
        u1_0.last_name,
        u1_0.password,
        u1_0.phone_number,
        u1_0.role,
        u1_0.updated_at,
        u1_0.verified 
    from
        users u1_0 
    where
        u1_0.email=?
Hibernate: 
    select
        tp1_0.id,
        tp1_0.average_rating,
        tp1_0.bio,
        tp1_0.created_at,
        tp1_0.hourly_rate,
        tp1_0.status,
        tp1_0.subject,
        tp1_0.total_sessions,
        tp1_0.updated_at,
        tp1_0.user_id,
        tp1_0.years_of_experience 
    from
        tutor_profiles tp1_0 
    where
        tp1_0.user_id=?
2026-04-29T20:47:00.262+05:30 DEBUG 41793 --- [peer-tutoring-backend] [io-8080-exec-10] o.s.s.a.dao.DaoAuthenticationProvider    : Authenticated user
2026-04-29T20:47:00.293+05:30 DEBUG 41793 --- [peer-tutoring-backend] [nio-8080-exec-3] o.s.security.web.FilterChainProxy        : Securing OPTIONS /api/admin/dashboard
2026-04-29T20:47:00.293+05:30 DEBUG 41793 --- [peer-tutoring-backend] [nio-8080-exec-9] o.s.security.web.FilterChainProxy        : Securing OPTIONS /api/admin/dashboard
2026-04-29T20:47:00.295+05:30 DEBUG 41793 --- [peer-tutoring-backend] [nio-8080-exec-3] o.s.security.web.FilterChainProxy        : Securing GET /api/admin/dashboard
2026-04-29T20:47:00.296+05:30 DEBUG 41793 --- [peer-tutoring-backend] [nio-8080-exec-3] c.t.security.JwtAuthenticationFilter     : JWT Token found: eyJhbGciOiJIUzM4NCJ9...
2026-04-29T20:47:00.297+05:30 DEBUG 41793 --- [peer-tutoring-backend] [nio-8080-exec-5] o.s.security.web.FilterChainProxy        : Securing GET /favicon.ico
2026-04-29T20:47:00.297+05:30 DEBUG 41793 --- [peer-tutoring-backend] [nio-8080-exec-5] o.s.s.w.a.AnonymousAuthenticationFilter  : Set SecurityContextHolder to anonymous SecurityContext
2026-04-29T20:47:00.299+05:30 DEBUG 41793 --- [peer-tutoring-backend] [nio-8080-exec-3] c.t.security.JwtAuthenticationFilter     : JWT valid, email: admin@tutoring.com
2026-04-29T20:47:00.300+05:30 DEBUG 41793 --- [peer-tutoring-backend] [nio-8080-exec-5] o.s.s.w.a.Http403ForbiddenEntryPoint     : Pre-authenticated entry point called. Rejecting access
2026-04-29T20:47:00.301+05:30 DEBUG 41793 --- [peer-tutoring-backend] [nio-8080-exec-5] o.s.security.web.FilterChainProxy        : Securing GET /error
Hibernate: 
    select
        u1_0.id,
        u1_0.active,
        u1_0.created_at,
        u1_0.email,
        u1_0.first_name,
        u1_0.last_name,
        u1_0.password,
        u1_0.phone_number,
        u1_0.role,
        u1_0.updated_at,
        u1_0.verified 
    from
        users u1_0 
    where
        u1_0.email=?
Hibernate: 
    select
        tp1_0.id,
        tp1_0.average_rating,
        tp1_0.bio,
        tp1_0.created_at,
        tp1_0.hourly_rate,
        tp1_0.status,
        tp1_0.subject,
        tp1_0.total_sessions,
        tp1_0.updated_at,
        tp1_0.user_id,
        tp1_0.years_of_experience 
    from
        tutor_profiles tp1_0 
    where
        tp1_0.user_id=?
2026-04-29T20:47:00.306+05:30 DEBUG 41793 --- [peer-tutoring-backend] [nio-8080-exec-3] c.t.security.JwtAuthenticationFilter     : Authentication set for user: admin@tutoring.com
2026-04-29T20:47:00.312+05:30 DEBUG 41793 --- [peer-tutoring-backend] [nio-8080-exec-5] o.s.s.w.a.AnonymousAuthenticationFilter  : Set SecurityContextHolder to anonymous SecurityContext
2026-04-29T20:47:00.312+05:30 DEBUG 41793 --- [peer-tutoring-backend] [nio-8080-exec-3] o.s.security.web.FilterChainProxy        : Secured GET /api/admin/dashboard
2026-04-29T20:47:00.312+05:30 DEBUG 41793 --- [peer-tutoring-backend] [nio-8080-exec-5] o.s.s.w.a.Http403ForbiddenEntryPoint     : Pre-authenticated entry point called. Rejecting access
2026-04-29T20:47:00.319+05:30 DEBUG 41793 --- [peer-tutoring-backend] [nio-8080-exec-3] horizationManagerBeforeMethodInterceptor : Authorizing method invocation ReflectiveMethodInvocation: public org.springframework.http.ResponseEntity com.tutoring.controller.AdminController.getDashboardStats(); target is of class [com.tutoring.controller.AdminController]
2026-04-29T20:47:00.324+05:30 DEBUG 41793 --- [peer-tutoring-backend] [nio-8080-exec-3] horizationManagerBeforeMethodInterceptor : Authorized method invocation ReflectiveMethodInvocation: public org.springframework.http.ResponseEntity com.tutoring.controller.AdminController.getDashboardStats(); target is of class [com.tutoring.controller.AdminController]
Hibernate: 
    select
        count(*) 
    from
        users u1_0
Hibernate: 
    select
        count(*) 
    from
        tutor_profiles tp1_0
Hibernate: 
    select
        count(*) 
    from
        bookings b1_0
2026-04-29T20:47:00.382+05:30 DEBUG 41793 --- [peer-tutoring-backend] [nio-8080-exec-6] o.s.security.web.FilterChainProxy        : Securing GET /api/admin/dashboard
2026-04-29T20:47:00.383+05:30 DEBUG 41793 --- [peer-tutoring-backend] [nio-8080-exec-6] c.t.security.JwtAuthenticationFilter     : JWT Token found: eyJhbGciOiJIUzM4NCJ9...
2026-04-29T20:47:00.383+05:30 DEBUG 41793 --- [peer-tutoring-backend] [nio-8080-exec-4] o.s.security.web.FilterChainProxy        : Securing OPTIONS /api/admin/users
2026-04-29T20:47:00.384+05:30 DEBUG 41793 --- [peer-tutoring-backend] [nio-8080-exec-6] c.t.security.JwtAuthenticationFilter     : JWT valid, email: admin@tutoring.com
2026-04-29T20:47:00.385+05:30 DEBUG 41793 --- [peer-tutoring-backend] [nio-8080-exec-8] o.s.security.web.FilterChainProxy        : Securing GET /api/admin/users
Hibernate: 
    select
        u1_0.id,
        u1_0.active,
        u1_0.created_at,
        u1_0.email,
        u1_0.first_name,
        u1_0.last_name,
        u1_0.password,
        u1_0.phone_number,
        u1_0.role,
        u1_0.updated_at,
        u1_0.verified 
    from
        users u1_0 
    where
        u1_0.email=?
2026-04-29T20:47:00.386+05:30 DEBUG 41793 --- [peer-tutoring-backend] [nio-8080-exec-8] c.t.security.JwtAuthenticationFilter     : JWT Token found: eyJhbGciOiJIUzM4NCJ9...
Hibernate: 
    select
        tp1_0.id,
        tp1_0.average_rating,
        tp1_0.bio,
        tp1_0.created_at,
        tp1_0.hourly_rate,
        tp1_0.status,
        tp1_0.subject,
        tp1_0.total_sessions,
        tp1_0.updated_at,
        tp1_0.user_id,
        tp1_0.years_of_experience 
    from
        tutor_profiles tp1_0 
    where
        tp1_0.user_id=?
2026-04-29T20:47:00.387+05:30 DEBUG 41793 --- [peer-tutoring-backend] [nio-8080-exec-8] c.t.security.JwtAuthenticationFilter     : JWT valid, email: admin@tutoring.com
2026-04-29T20:47:00.387+05:30 DEBUG 41793 --- [peer-tutoring-backend] [nio-8080-exec-6] c.t.security.JwtAuthenticationFilter     : Authentication set for user: admin@tutoring.com
2026-04-29T20:47:00.388+05:30 DEBUG 41793 --- [peer-tutoring-backend] [nio-8080-exec-6] o.s.security.web.FilterChainProxy        : Secured GET /api/admin/dashboard
Hibernate: 
    select
        u1_0.id,
        u1_0.active,
        u1_0.created_at,
        u1_0.email,
        u1_0.first_name,
        u1_0.last_name,
        u1_0.password,
        u1_0.phone_number,
        u1_0.role,
        u1_0.updated_at,
        u1_0.verified 
    from
        users u1_0 
    where
        u1_0.email=?
2026-04-29T20:47:00.388+05:30 DEBUG 41793 --- [peer-tutoring-backend] [nio-8080-exec-6] horizationManagerBeforeMethodInterceptor : Authorizing method invocation ReflectiveMethodInvocation: public org.springframework.http.ResponseEntity com.tutoring.controller.AdminController.getDashboardStats(); target is of class [com.tutoring.controller.AdminController]
2026-04-29T20:47:00.388+05:30 DEBUG 41793 --- [peer-tutoring-backend] [nio-8080-exec-6] horizationManagerBeforeMethodInterceptor : Authorized method invocation ReflectiveMethodInvocation: public org.springframework.http.ResponseEntity com.tutoring.controller.AdminController.getDashboardStats(); target is of class [com.tutoring.controller.AdminController]
Hibernate: 
    select
        tp1_0.id,
        tp1_0.average_rating,
        tp1_0.bio,
        tp1_0.created_at,
        tp1_0.hourly_rate,
        tp1_0.status,
        tp1_0.subject,
        tp1_0.total_sessions,
        tp1_0.updated_at,
        tp1_0.user_id,
        tp1_0.years_of_experience 
    from
        tutor_profiles tp1_0 
    where
        tp1_0.user_id=?
Hibernate: 
    select
        count(*) 
    from
        users u1_0
2026-04-29T20:47:00.389+05:30 DEBUG 41793 --- [peer-tutoring-backend] [nio-8080-exec-8] c.t.security.JwtAuthenticationFilter     : Authentication set for user: admin@tutoring.com
Hibernate: 
    select
        count(*) 
    from
        tutor_profiles tp1_0
2026-04-29T20:47:00.390+05:30 DEBUG 41793 --- [peer-tutoring-backend] [nio-8080-exec-8] o.s.security.web.FilterChainProxy        : Secured GET /api/admin/users
Hibernate: 
    select
        count(*) 
    from
        bookings b1_0
2026-04-29T20:47:00.391+05:30 DEBUG 41793 --- [peer-tutoring-backend] [nio-8080-exec-8] horizationManagerBeforeMethodInterceptor : Authorizing method invocation ReflectiveMethodInvocation: public org.springframework.http.ResponseEntity com.tutoring.controller.AdminController.getAllUsers(); target is of class [com.tutoring.controller.AdminController]
2026-04-29T20:47:00.393+05:30 DEBUG 41793 --- [peer-tutoring-backend] [nio-8080-exec-8] horizationManagerBeforeMethodInterceptor : Authorized method invocation ReflectiveMethodInvocation: public org.springframework.http.ResponseEntity com.tutoring.controller.AdminController.getAllUsers(); target is of class [com.tutoring.controller.AdminController]
Hibernate: 
    select
        u1_0.id,
        u1_0.active,
        u1_0.created_at,
        u1_0.email,
        u1_0.first_name,
        u1_0.last_name,
        u1_0.password,
        u1_0.phone_number,
        u1_0.role,
        u1_0.updated_at,
        u1_0.verified 
    from
        users u1_0
Hibernate: 
    select
        tp1_0.id,
        tp1_0.average_rating,
        tp1_0.bio,
        tp1_0.created_at,
        tp1_0.hourly_rate,
        tp1_0.status,
        tp1_0.subject,
        tp1_0.total_sessions,
        tp1_0.updated_at,
        tp1_0.user_id,
        tp1_0.years_of_experience 
    from
        tutor_profiles tp1_0 
    where
        tp1_0.user_id=?
Hibernate: 
    select
        tp1_0.id,
        tp1_0.average_rating,
        tp1_0.bio,
        tp1_0.created_at,
        tp1_0.hourly_rate,
        tp1_0.status,
        tp1_0.subject,
        tp1_0.total_sessions,
        tp1_0.updated_at,
        tp1_0.user_id,
        tp1_0.years_of_experience 
    from
        tutor_profiles tp1_0 
    where
        tp1_0.user_id=?
2026-04-29T20:47:00.403+05:30 DEBUG 41793 --- [peer-tutoring-backend] [nio-8080-exec-7] o.s.security.web.FilterChainProxy        : Securing GET /api/admin/users
2026-04-29T20:47:00.403+05:30 DEBUG 41793 --- [peer-tutoring-backend] [nio-8080-exec-7] c.t.security.JwtAuthenticationFilter     : JWT Token found: eyJhbGciOiJIUzM4NCJ9...
2026-04-29T20:47:00.404+05:30 DEBUG 41793 --- [peer-tutoring-backend] [nio-8080-exec-2] o.s.security.web.FilterChainProxy        : Securing OPTIONS /api/admin/tutors/pending
2026-04-29T20:47:00.404+05:30 DEBUG 41793 --- [peer-tutoring-backend] [nio-8080-exec-7] c.t.security.JwtAuthenticationFilter     : JWT valid, email: admin@tutoring.com
2026-04-29T20:47:00.405+05:30 DEBUG 41793 --- [peer-tutoring-backend] [io-8080-exec-10] o.s.security.web.FilterChainProxy        : Securing GET /api/admin/tutors/pending
Hibernate: 
    select
        u1_0.id,
        u1_0.active,
        u1_0.created_at,
        u1_0.email,
        u1_0.first_name,
        u1_0.last_name,
        u1_0.password,
        u1_0.phone_number,
        u1_0.role,
        u1_0.updated_at,
        u1_0.verified 
    from
        users u1_0 
    where
        u1_0.email=?
2026-04-29T20:47:00.406+05:30 DEBUG 41793 --- [peer-tutoring-backend] [io-8080-exec-10] c.t.security.JwtAuthenticationFilter     : JWT Token found: eyJhbGciOiJIUzM4NCJ9...
Hibernate: 
    select
        tp1_0.id,
        tp1_0.average_rating,
        tp1_0.bio,
        tp1_0.created_at,
        tp1_0.hourly_rate,
        tp1_0.status,
        tp1_0.subject,
        tp1_0.total_sessions,
        tp1_0.updated_at,
        tp1_0.user_id,
        tp1_0.years_of_experience 
    from
        tutor_profiles tp1_0 
    where
        tp1_0.user_id=?
2026-04-29T20:47:00.407+05:30 DEBUG 41793 --- [peer-tutoring-backend] [io-8080-exec-10] c.t.security.JwtAuthenticationFilter     : JWT valid, email: admin@tutoring.com
2026-04-29T20:47:00.408+05:30 DEBUG 41793 --- [peer-tutoring-backend] [nio-8080-exec-7] c.t.security.JwtAuthenticationFilter     : Authentication set for user: admin@tutoring.com
Hibernate: 
    select
        u1_0.id,
        u1_0.active,
        u1_0.created_at,
        u1_0.email,
        u1_0.first_name,
        u1_0.last_name,
        u1_0.password,
        u1_0.phone_number,
        u1_0.role,
        u1_0.updated_at,
        u1_0.verified 
    from
        users u1_0 
    where
        u1_0.email=?
2026-04-29T20:47:00.408+05:30 DEBUG 41793 --- [peer-tutoring-backend] [nio-8080-exec-7] o.s.security.web.FilterChainProxy        : Secured GET /api/admin/users
Hibernate: 
    select
        tp1_0.id,
        tp1_0.average_rating,
        tp1_0.bio,
        tp1_0.created_at,
        tp1_0.hourly_rate,
        tp1_0.status,
        tp1_0.subject,
        tp1_0.total_sessions,
        tp1_0.updated_at,
        tp1_0.user_id,
        tp1_0.years_of_experience 
    from
        tutor_profiles tp1_0 
    where
        tp1_0.user_id=?
2026-04-29T20:47:00.409+05:30 DEBUG 41793 --- [peer-tutoring-backend] [nio-8080-exec-7] horizationManagerBeforeMethodInterceptor : Authorizing method invocation ReflectiveMethodInvocation: public org.springframework.http.ResponseEntity com.tutoring.controller.AdminController.getAllUsers(); target is of class [com.tutoring.controller.AdminController]
2026-04-29T20:47:00.410+05:30 DEBUG 41793 --- [peer-tutoring-backend] [nio-8080-exec-7] horizationManagerBeforeMethodInterceptor : Authorized method invocation ReflectiveMethodInvocation: public org.springframework.http.ResponseEntity com.tutoring.controller.AdminController.getAllUsers(); target is of class [com.tutoring.controller.AdminController]
2026-04-29T20:47:00.410+05:30 DEBUG 41793 --- [peer-tutoring-backend] [io-8080-exec-10] c.t.security.JwtAuthenticationFilter     : Authentication set for user: admin@tutoring.com
2026-04-29T20:47:00.411+05:30 DEBUG 41793 --- [peer-tutoring-backend] [io-8080-exec-10] o.s.security.web.FilterChainProxy        : Secured GET /api/admin/tutors/pending
Hibernate: 
    select
        u1_0.id,
        u1_0.active,
        u1_0.created_at,
        u1_0.email,
        u1_0.first_name,
        u1_0.last_name,
        u1_0.password,
        u1_0.phone_number,
        u1_0.role,
        u1_0.updated_at,
        u1_0.verified 
    from
        users u1_0
2026-04-29T20:47:00.412+05:30 DEBUG 41793 --- [peer-tutoring-backend] [io-8080-exec-10] horizationManagerBeforeMethodInterceptor : Authorizing method invocation ReflectiveMethodInvocation: public org.springframework.http.ResponseEntity com.tutoring.controller.AdminController.getPendingTutors(); target is of class [com.tutoring.controller.AdminController]
2026-04-29T20:47:00.412+05:30 DEBUG 41793 --- [peer-tutoring-backend] [io-8080-exec-10] horizationManagerBeforeMethodInterceptor : Authorized method invocation ReflectiveMethodInvocation: public org.springframework.http.ResponseEntity com.tutoring.controller.AdminController.getPendingTutors(); target is of class [com.tutoring.controller.AdminController]
Hibernate: 
    select
        tp1_0.id,
        tp1_0.average_rating,
        tp1_0.bio,
        tp1_0.created_at,
        tp1_0.hourly_rate,
        tp1_0.status,
        tp1_0.subject,
        tp1_0.total_sessions,
        tp1_0.updated_at,
        tp1_0.user_id,
        tp1_0.years_of_experience 
    from
        tutor_profiles tp1_0 
    where
        tp1_0.user_id=?
Hibernate: 
    select
        tp1_0.id,
        tp1_0.average_rating,
        tp1_0.bio,
        tp1_0.created_at,
        tp1_0.hourly_rate,
        tp1_0.status,
        tp1_0.subject,
        tp1_0.total_sessions,
        tp1_0.updated_at,
        tp1_0.user_id,
        tp1_0.years_of_experience 
    from
        tutor_profiles tp1_0 
    where
        tp1_0.user_id=?
Hibernate: 
    select
        tp1_0.id,
        tp1_0.average_rating,
        tp1_0.bio,
        tp1_0.created_at,
        tp1_0.hourly_rate,
        tp1_0.status,
        tp1_0.subject,
        tp1_0.total_sessions,
        tp1_0.updated_at,
        tp1_0.user_id,
        tp1_0.years_of_experience 
    from
        tutor_profiles tp1_0 
    where
        tp1_0.status=?
Hibernate: 
    select
        u1_0.id,
        u1_0.active,
        u1_0.created_at,
        u1_0.email,
        u1_0.first_name,
        u1_0.last_name,
        u1_0.password,
        u1_0.phone_number,
        u1_0.role,
        u1_0.updated_at,
        u1_0.verified 
    from
        users u1_0 
    where
        u1_0.id=?
Hibernate: 
    select
        tp1_0.id,
        tp1_0.average_rating,
        tp1_0.bio,
        tp1_0.created_at,
        tp1_0.hourly_rate,
        tp1_0.status,
        tp1_0.subject,
        tp1_0.total_sessions,
        tp1_0.updated_at,
        tp1_0.user_id,
        tp1_0.years_of_experience 
    from
        tutor_profiles tp1_0 
    where
        tp1_0.user_id=?
Hibernate: 
    select
        s1_0.tutor_id,
        s1_0.subject_name 
    from
        tutor_subjects s1_0 
    where
        s1_0.tutor_id=?
2026-04-29T20:47:00.419+05:30 DEBUG 41793 --- [peer-tutoring-backend] [nio-8080-exec-9] o.s.security.web.FilterChainProxy        : Securing GET /api/admin/tutors/pending
2026-04-29T20:47:00.420+05:30 DEBUG 41793 --- [peer-tutoring-backend] [nio-8080-exec-9] c.t.security.JwtAuthenticationFilter     : JWT Token found: eyJhbGciOiJIUzM4NCJ9...
2026-04-29T20:47:00.421+05:30 DEBUG 41793 --- [peer-tutoring-backend] [nio-8080-exec-1] o.s.security.web.FilterChainProxy        : Securing OPTIONS /api/admin/payouts
2026-04-29T20:47:00.421+05:30 DEBUG 41793 --- [peer-tutoring-backend] [nio-8080-exec-9] c.t.security.JwtAuthenticationFilter     : JWT valid, email: admin@tutoring.com
2026-04-29T20:47:00.422+05:30 DEBUG 41793 --- [peer-tutoring-backend] [nio-8080-exec-5] o.s.security.web.FilterChainProxy        : Securing GET /api/admin/payouts
2026-04-29T20:47:00.423+05:30 DEBUG 41793 --- [peer-tutoring-backend] [nio-8080-exec-5] c.t.security.JwtAuthenticationFilter     : JWT Token found: eyJhbGciOiJIUzM4NCJ9...
Hibernate: 
    select
        u1_0.id,
        u1_0.active,
        u1_0.created_at,
        u1_0.email,
        u1_0.first_name,
        u1_0.last_name,
        u1_0.password,
        u1_0.phone_number,
        u1_0.role,
        u1_0.updated_at,
        u1_0.verified 
    from
        users u1_0 
    where
        u1_0.email=?
2026-04-29T20:47:00.424+05:30 DEBUG 41793 --- [peer-tutoring-backend] [nio-8080-exec-5] c.t.security.JwtAuthenticationFilter     : JWT valid, email: admin@tutoring.com
Hibernate: 
    select
        tp1_0.id,
        tp1_0.average_rating,
        tp1_0.bio,
        tp1_0.created_at,
        tp1_0.hourly_rate,
        tp1_0.status,
        tp1_0.subject,
        tp1_0.total_sessions,
        tp1_0.updated_at,
        tp1_0.user_id,
        tp1_0.years_of_experience 
    from
        tutor_profiles tp1_0 
    where
        tp1_0.user_id=?
2026-04-29T20:47:00.425+05:30 DEBUG 41793 --- [peer-tutoring-backend] [nio-8080-exec-9] c.t.security.JwtAuthenticationFilter     : Authentication set for user: admin@tutoring.com
Hibernate: 
    select
        u1_0.id,
        u1_0.active,
        u1_0.created_at,
        u1_0.email,
        u1_0.first_name,
        u1_0.last_name,
        u1_0.password,
        u1_0.phone_number,
        u1_0.role,
        u1_0.updated_at,
        u1_0.verified 
    from
        users u1_0 
    where
        u1_0.email=?
2026-04-29T20:47:00.426+05:30 DEBUG 41793 --- [peer-tutoring-backend] [nio-8080-exec-9] o.s.security.web.FilterChainProxy        : Secured GET /api/admin/tutors/pending
2026-04-29T20:47:00.427+05:30 DEBUG 41793 --- [peer-tutoring-backend] [nio-8080-exec-9] horizationManagerBeforeMethodInterceptor : Authorizing method invocation ReflectiveMethodInvocation: public org.springframework.http.ResponseEntity com.tutoring.controller.AdminController.getPendingTutors(); target is of class [com.tutoring.controller.AdminController]
Hibernate: 
    select
        tp1_0.id,
        tp1_0.average_rating,
        tp1_0.bio,
        tp1_0.created_at,
        tp1_0.hourly_rate,
        tp1_0.status,
        tp1_0.subject,
        tp1_0.total_sessions,
        tp1_0.updated_at,
        tp1_0.user_id,
        tp1_0.years_of_experience 
    from
        tutor_profiles tp1_0 
    where
        tp1_0.user_id=?
2026-04-29T20:47:00.428+05:30 DEBUG 41793 --- [peer-tutoring-backend] [nio-8080-exec-9] horizationManagerBeforeMethodInterceptor : Authorized method invocation ReflectiveMethodInvocation: public org.springframework.http.ResponseEntity com.tutoring.controller.AdminController.getPendingTutors(); target is of class [com.tutoring.controller.AdminController]
2026-04-29T20:47:00.429+05:30 DEBUG 41793 --- [peer-tutoring-backend] [nio-8080-exec-5] c.t.security.JwtAuthenticationFilter     : Authentication set for user: admin@tutoring.com
Hibernate: 
    select
        tp1_0.id,
        tp1_0.average_rating,
        tp1_0.bio,
        tp1_0.created_at,
        tp1_0.hourly_rate,
        tp1_0.status,
        tp1_0.subject,
        tp1_0.total_sessions,
        tp1_0.updated_at,
        tp1_0.user_id,
        tp1_0.years_of_experience 
    from
        tutor_profiles tp1_0 
    where
        tp1_0.status=?
2026-04-29T20:47:00.431+05:30 DEBUG 41793 --- [peer-tutoring-backend] [nio-8080-exec-5] o.s.security.web.FilterChainProxy        : Secured GET /api/admin/payouts
2026-04-29T20:47:00.432+05:30 DEBUG 41793 --- [peer-tutoring-backend] [nio-8080-exec-5] horizationManagerBeforeMethodInterceptor : Authorizing method invocation ReflectiveMethodInvocation: public org.springframework.http.ResponseEntity com.tutoring.controller.AdminController.getAllPayouts(); target is of class [com.tutoring.controller.AdminController]
Hibernate: 
    select
        u1_0.id,
        u1_0.active,
        u1_0.created_at,
        u1_0.email,
        u1_0.first_name,
        u1_0.last_name,
        u1_0.password,
        u1_0.phone_number,
        u1_0.role,
        u1_0.updated_at,
        u1_0.verified 
    from
        users u1_0 
    where
        u1_0.id=?
2026-04-29T20:47:00.433+05:30 DEBUG 41793 --- [peer-tutoring-backend] [nio-8080-exec-5] horizationManagerBeforeMethodInterceptor : Authorized method invocation ReflectiveMethodInvocation: public org.springframework.http.ResponseEntity com.tutoring.controller.AdminController.getAllPayouts(); target is of class [com.tutoring.controller.AdminController]
Hibernate: 
    select
        tp1_0.id,
        tp1_0.average_rating,
        tp1_0.bio,
        tp1_0.created_at,
        tp1_0.hourly_rate,
        tp1_0.status,
        tp1_0.subject,
        tp1_0.total_sessions,
        tp1_0.updated_at,
        tp1_0.user_id,
        tp1_0.years_of_experience 
    from
        tutor_profiles tp1_0 
    where
        tp1_0.user_id=?
Hibernate: 
    select
        s1_0.tutor_id,
        s1_0.subject_name 
    from
        tutor_subjects s1_0 
    where
        s1_0.tutor_id=?
Hibernate: 
    select
        p1_0.id,
        p1_0.amount,
        p1_0.created_at,
        p1_0.currency,
        p1_0.notes,
        p1_0.payment_method,
        p1_0.processed_at,
        p1_0.processed_by,
        p1_0.status,
        p1_0.transaction_id,
        p1_0.tutor_id,
        p1_0.updated_at 
    from
        payouts p1_0
2026-04-29T20:47:00.437+05:30 DEBUG 41793 --- [peer-tutoring-backend] [nio-8080-exec-3] o.s.security.web.FilterChainProxy        : Securing GET /api/admin/payouts
2026-04-29T20:47:00.437+05:30 DEBUG 41793 --- [peer-tutoring-backend] [nio-8080-exec-3] c.t.security.JwtAuthenticationFilter     : JWT Token found: eyJhbGciOiJIUzM4NCJ9...
2026-04-29T20:47:00.438+05:30 DEBUG 41793 --- [peer-tutoring-backend] [nio-8080-exec-3] c.t.security.JwtAuthenticationFilter     : JWT valid, email: admin@tutoring.com
Hibernate: 
    select
        u1_0.id,
        u1_0.active,
        u1_0.created_at,
        u1_0.email,
        u1_0.first_name,
        u1_0.last_name,
        u1_0.password,
        u1_0.phone_number,
        u1_0.role,
        u1_0.updated_at,
        u1_0.verified 
    from
        users u1_0 
    where
        u1_0.email=?
Hibernate: 
    select
        tp1_0.id,
        tp1_0.average_rating,
        tp1_0.bio,
        tp1_0.created_at,
        tp1_0.hourly_rate,
        tp1_0.status,
        tp1_0.subject,
        tp1_0.total_sessions,
        tp1_0.updated_at,
        tp1_0.user_id,
        tp1_0.years_of_experience 
    from
        tutor_profiles tp1_0 
    where
        tp1_0.user_id=?
2026-04-29T20:47:00.442+05:30 DEBUG 41793 --- [peer-tutoring-backend] [nio-8080-exec-3] c.t.security.JwtAuthenticationFilter     : Authentication set for user: admin@tutoring.com
2026-04-29T20:47:00.443+05:30 DEBUG 41793 --- [peer-tutoring-backend] [nio-8080-exec-3] o.s.security.web.FilterChainProxy        : Secured GET /api/admin/payouts
2026-04-29T20:47:00.443+05:30 DEBUG 41793 --- [peer-tutoring-backend] [nio-8080-exec-3] horizationManagerBeforeMethodInterceptor : Authorizing method invocation ReflectiveMethodInvocation: public org.springframework.http.ResponseEntity com.tutoring.controller.AdminController.getAllPayouts(); target is of class [com.tutoring.controller.AdminController]
2026-04-29T20:47:00.444+05:30 DEBUG 41793 --- [peer-tutoring-backend] [nio-8080-exec-3] horizationManagerBeforeMethodInterceptor : Authorized method invocation ReflectiveMethodInvocation: public org.springframework.http.ResponseEntity com.tutoring.controller.AdminController.getAllPayouts(); target is of class [com.tutoring.controller.AdminController]
Hibernate: 
    select
        p1_0.id,
        p1_0.amount,
        p1_0.created_at,
        p1_0.currency,
        p1_0.notes,
        p1_0.payment_method,
        p1_0.processed_at,
        p1_0.processed_by,
        p1_0.status,
        p1_0.transaction_id,
        p1_0.tutor_id,
        p1_0.updated_at 
    from
        payouts p1_0
2026-04-29T20:47:02.593+05:30 DEBUG 41793 --- [peer-tutoring-backend] [nio-8080-exec-4] o.s.security.web.FilterChainProxy        : Securing OPTIONS /api/admin/tutors/1/approve
2026-04-29T20:47:02.595+05:30 DEBUG 41793 --- [peer-tutoring-backend] [nio-8080-exec-6] o.s.security.web.FilterChainProxy        : Securing POST /api/admin/tutors/1/approve
2026-04-29T20:47:02.595+05:30 DEBUG 41793 --- [peer-tutoring-backend] [nio-8080-exec-6] c.t.security.JwtAuthenticationFilter     : JWT Token found: eyJhbGciOiJIUzM4NCJ9...
2026-04-29T20:47:02.597+05:30 DEBUG 41793 --- [peer-tutoring-backend] [nio-8080-exec-6] c.t.security.JwtAuthenticationFilter     : JWT valid, email: admin@tutoring.com
Hibernate: 
    select
        u1_0.id,
        u1_0.active,
        u1_0.created_at,
        u1_0.email,
        u1_0.first_name,
        u1_0.last_name,
        u1_0.password,
        u1_0.phone_number,
        u1_0.role,
        u1_0.updated_at,
        u1_0.verified 
    from
        users u1_0 
    where
        u1_0.email=?
Hibernate: 
    select
        tp1_0.id,
        tp1_0.average_rating,
        tp1_0.bio,
        tp1_0.created_at,
        tp1_0.hourly_rate,
        tp1_0.status,
        tp1_0.subject,
        tp1_0.total_sessions,
        tp1_0.updated_at,
        tp1_0.user_id,
        tp1_0.years_of_experience 
    from
        tutor_profiles tp1_0 
    where
        tp1_0.user_id=?
2026-04-29T20:47:02.600+05:30 DEBUG 41793 --- [peer-tutoring-backend] [nio-8080-exec-6] c.t.security.JwtAuthenticationFilter     : Authentication set for user: admin@tutoring.com
2026-04-29T20:47:02.600+05:30 DEBUG 41793 --- [peer-tutoring-backend] [nio-8080-exec-6] o.s.security.web.FilterChainProxy        : Secured POST /api/admin/tutors/1/approve
2026-04-29T20:47:02.602+05:30 DEBUG 41793 --- [peer-tutoring-backend] [nio-8080-exec-6] horizationManagerBeforeMethodInterceptor : Authorizing method invocation ReflectiveMethodInvocation: public org.springframework.http.ResponseEntity com.tutoring.controller.AdminController.approveTutor(java.lang.Long); target is of class [com.tutoring.controller.AdminController]
2026-04-29T20:47:02.602+05:30 DEBUG 41793 --- [peer-tutoring-backend] [nio-8080-exec-6] horizationManagerBeforeMethodInterceptor : Authorized method invocation ReflectiveMethodInvocation: public org.springframework.http.ResponseEntity com.tutoring.controller.AdminController.approveTutor(java.lang.Long); target is of class [com.tutoring.controller.AdminController]
Hibernate: 
    select
        tp1_0.id,
        tp1_0.average_rating,
        tp1_0.bio,
        tp1_0.created_at,
        tp1_0.hourly_rate,
        tp1_0.status,
        tp1_0.subject,
        tp1_0.total_sessions,
        tp1_0.updated_at,
        tp1_0.user_id,
        tp1_0.years_of_experience 
    from
        tutor_profiles tp1_0 
    where
        tp1_0.id=?
Hibernate: 
    update
        tutor_profiles 
    set
        average_rating=?,
        bio=?,
        created_at=?,
        hourly_rate=?,
        status=?,
        subject=?,
        total_sessions=?,
        updated_at=?,
        user_id=?,
        years_of_experience=? 
    where
        id=?
Hibernate: 
    select
        u1_0.id,
        u1_0.active,
        u1_0.created_at,
        u1_0.email,
        u1_0.first_name,
        u1_0.last_name,
        u1_0.password,
        u1_0.phone_number,
        u1_0.role,
        u1_0.updated_at,
        u1_0.verified 
    from
        users u1_0 
    where
        u1_0.id=?
Hibernate: 
    select
        tp1_0.id,
        tp1_0.average_rating,
        tp1_0.bio,
        tp1_0.created_at,
        tp1_0.hourly_rate,
        tp1_0.status,
        tp1_0.subject,
        tp1_0.total_sessions,
        tp1_0.updated_at,
        tp1_0.user_id,
        tp1_0.years_of_experience 
    from
        tutor_profiles tp1_0 
    where
        tp1_0.user_id=?
Hibernate: 
    select
        s1_0.tutor_id,
        s1_0.subject_name 
    from
        tutor_subjects s1_0 
    where
        s1_0.tutor_id=?
2026-04-29T20:47:02.625+05:30 DEBUG 41793 --- [peer-tutoring-backend] [nio-8080-exec-8] o.s.security.web.FilterChainProxy        : Securing GET /api/admin/dashboard
2026-04-29T20:47:02.625+05:30 DEBUG 41793 --- [peer-tutoring-backend] [nio-8080-exec-8] c.t.security.JwtAuthenticationFilter     : JWT Token found: eyJhbGciOiJIUzM4NCJ9...
2026-04-29T20:47:02.626+05:30 DEBUG 41793 --- [peer-tutoring-backend] [nio-8080-exec-8] c.t.security.JwtAuthenticationFilter     : JWT valid, email: admin@tutoring.com
Hibernate: 
    select
        u1_0.id,
        u1_0.active,
        u1_0.created_at,
        u1_0.email,
        u1_0.first_name,
        u1_0.last_name,
        u1_0.password,
        u1_0.phone_number,
        u1_0.role,
        u1_0.updated_at,
        u1_0.verified 
    from
        users u1_0 
    where
        u1_0.email=?
Hibernate: 
    select
        tp1_0.id,
        tp1_0.average_rating,
        tp1_0.bio,
        tp1_0.created_at,
        tp1_0.hourly_rate,
        tp1_0.status,
        tp1_0.subject,
        tp1_0.total_sessions,
        tp1_0.updated_at,
        tp1_0.user_id,
        tp1_0.years_of_experience 
    from
        tutor_profiles tp1_0 
    where
        tp1_0.user_id=?
2026-04-29T20:47:02.629+05:30 DEBUG 41793 --- [peer-tutoring-backend] [nio-8080-exec-8] c.t.security.JwtAuthenticationFilter     : Authentication set for user: admin@tutoring.com
2026-04-29T20:47:02.629+05:30 DEBUG 41793 --- [peer-tutoring-backend] [nio-8080-exec-8] o.s.security.web.FilterChainProxy        : Secured GET /api/admin/dashboard
2026-04-29T20:47:02.629+05:30 DEBUG 41793 --- [peer-tutoring-backend] [nio-8080-exec-8] horizationManagerBeforeMethodInterceptor : Authorizing method invocation ReflectiveMethodInvocation: public org.springframework.http.ResponseEntity com.tutoring.controller.AdminController.getDashboardStats(); target is of class [com.tutoring.controller.AdminController]
2026-04-29T20:47:02.630+05:30 DEBUG 41793 --- [peer-tutoring-backend] [nio-8080-exec-8] horizationManagerBeforeMethodInterceptor : Authorized method invocation ReflectiveMethodInvocation: public org.springframework.http.ResponseEntity com.tutoring.controller.AdminController.getDashboardStats(); target is of class [com.tutoring.controller.AdminController]
Hibernate: 
    select
        count(*) 
    from
        users u1_0
Hibernate: 
    select
        count(*) 
    from
        tutor_profiles tp1_0
Hibernate: 
    select
        count(*) 
    from
        bookings b1_0
2026-04-29T20:47:02.635+05:30 DEBUG 41793 --- [peer-tutoring-backend] [nio-8080-exec-2] o.s.security.web.FilterChainProxy        : Securing GET /api/admin/users
2026-04-29T20:47:02.635+05:30 DEBUG 41793 --- [peer-tutoring-backend] [nio-8080-exec-2] c.t.security.JwtAuthenticationFilter     : JWT Token found: eyJhbGciOiJIUzM4NCJ9...
2026-04-29T20:47:02.637+05:30 DEBUG 41793 --- [peer-tutoring-backend] [nio-8080-exec-2] c.t.security.JwtAuthenticationFilter     : JWT valid, email: admin@tutoring.com
Hibernate: 
    select
        u1_0.id,
        u1_0.active,
        u1_0.created_at,
        u1_0.email,
        u1_0.first_name,
        u1_0.last_name,
        u1_0.password,
        u1_0.phone_number,
        u1_0.role,
        u1_0.updated_at,
        u1_0.verified 
    from
        users u1_0 
    where
        u1_0.email=?
Hibernate: 
    select
        tp1_0.id,
        tp1_0.average_rating,
        tp1_0.bio,
        tp1_0.created_at,
        tp1_0.hourly_rate,
        tp1_0.status,
        tp1_0.subject,
        tp1_0.total_sessions,
        tp1_0.updated_at,
        tp1_0.user_id,
        tp1_0.years_of_experience 
    from
        tutor_profiles tp1_0 
    where
        tp1_0.user_id=?
2026-04-29T20:47:02.639+05:30 DEBUG 41793 --- [peer-tutoring-backend] [nio-8080-exec-2] c.t.security.JwtAuthenticationFilter     : Authentication set for user: admin@tutoring.com
2026-04-29T20:47:02.640+05:30 DEBUG 41793 --- [peer-tutoring-backend] [nio-8080-exec-2] o.s.security.web.FilterChainProxy        : Secured GET /api/admin/users
2026-04-29T20:47:02.640+05:30 DEBUG 41793 --- [peer-tutoring-backend] [nio-8080-exec-2] horizationManagerBeforeMethodInterceptor : Authorizing method invocation ReflectiveMethodInvocation: public org.springframework.http.ResponseEntity com.tutoring.controller.AdminController.getAllUsers(); target is of class [com.tutoring.controller.AdminController]
2026-04-29T20:47:02.640+05:30 DEBUG 41793 --- [peer-tutoring-backend] [nio-8080-exec-2] horizationManagerBeforeMethodInterceptor : Authorized method invocation ReflectiveMethodInvocation: public org.springframework.http.ResponseEntity com.tutoring.controller.AdminController.getAllUsers(); target is of class [com.tutoring.controller.AdminController]
Hibernate: 
    select
        u1_0.id,
        u1_0.active,
        u1_0.created_at,
        u1_0.email,
        u1_0.first_name,
        u1_0.last_name,
        u1_0.password,
        u1_0.phone_number,
        u1_0.role,
        u1_0.updated_at,
        u1_0.verified 
    from
        users u1_0
Hibernate: 
    select
        tp1_0.id,
        tp1_0.average_rating,
        tp1_0.bio,
        tp1_0.created_at,
        tp1_0.hourly_rate,
        tp1_0.status,
        tp1_0.subject,
        tp1_0.total_sessions,
        tp1_0.updated_at,
        tp1_0.user_id,
        tp1_0.years_of_experience 
    from
        tutor_profiles tp1_0 
    where
        tp1_0.user_id=?
Hibernate: 
    select
        tp1_0.id,
        tp1_0.average_rating,
        tp1_0.bio,
        tp1_0.created_at,
        tp1_0.hourly_rate,
        tp1_0.status,
        tp1_0.subject,
        tp1_0.total_sessions,
        tp1_0.updated_at,
        tp1_0.user_id,
        tp1_0.years_of_experience 
    from
        tutor_profiles tp1_0 
    where
        tp1_0.user_id=?
2026-04-29T20:47:02.648+05:30 DEBUG 41793 --- [peer-tutoring-backend] [nio-8080-exec-7] o.s.security.web.FilterChainProxy        : Securing GET /api/admin/tutors/pending
2026-04-29T20:47:02.648+05:30 DEBUG 41793 --- [peer-tutoring-backend] [nio-8080-exec-7] c.t.security.JwtAuthenticationFilter     : JWT Token found: eyJhbGciOiJIUzM4NCJ9...
2026-04-29T20:47:02.649+05:30 DEBUG 41793 --- [peer-tutoring-backend] [nio-8080-exec-7] c.t.security.JwtAuthenticationFilter     : JWT valid, email: admin@tutoring.com
Hibernate: 
    select
        u1_0.id,
        u1_0.active,
        u1_0.created_at,
        u1_0.email,
        u1_0.first_name,
        u1_0.last_name,
        u1_0.password,
        u1_0.phone_number,
        u1_0.role,
        u1_0.updated_at,
        u1_0.verified 
    from
        users u1_0 
    where
        u1_0.email=?
Hibernate: 
    select
        tp1_0.id,
        tp1_0.average_rating,
        tp1_0.bio,
        tp1_0.created_at,
        tp1_0.hourly_rate,
        tp1_0.status,
        tp1_0.subject,
        tp1_0.total_sessions,
        tp1_0.updated_at,
        tp1_0.user_id,
        tp1_0.years_of_experience 
    from
        tutor_profiles tp1_0 
    where
        tp1_0.user_id=?
2026-04-29T20:47:02.653+05:30 DEBUG 41793 --- [peer-tutoring-backend] [nio-8080-exec-7] c.t.security.JwtAuthenticationFilter     : Authentication set for user: admin@tutoring.com
2026-04-29T20:47:02.653+05:30 DEBUG 41793 --- [peer-tutoring-backend] [nio-8080-exec-7] o.s.security.web.FilterChainProxy        : Secured GET /api/admin/tutors/pending
2026-04-29T20:47:02.654+05:30 DEBUG 41793 --- [peer-tutoring-backend] [nio-8080-exec-7] horizationManagerBeforeMethodInterceptor : Authorizing method invocation ReflectiveMethodInvocation: public org.springframework.http.ResponseEntity com.tutoring.controller.AdminController.getPendingTutors(); target is of class [com.tutoring.controller.AdminController]
2026-04-29T20:47:02.654+05:30 DEBUG 41793 --- [peer-tutoring-backend] [nio-8080-exec-7] horizationManagerBeforeMethodInterceptor : Authorized method invocation ReflectiveMethodInvocation: public org.springframework.http.ResponseEntity com.tutoring.controller.AdminController.getPendingTutors(); target is of class [com.tutoring.controller.AdminController]
Hibernate: 
    select
        tp1_0.id,
        tp1_0.average_rating,
        tp1_0.bio,
        tp1_0.created_at,
        tp1_0.hourly_rate,
        tp1_0.status,
        tp1_0.subject,
        tp1_0.total_sessions,
        tp1_0.updated_at,
        tp1_0.user_id,
        tp1_0.years_of_experience 
    from
        tutor_profiles tp1_0 
    where
        tp1_0.status=?
2026-04-29T20:47:02.659+05:30 DEBUG 41793 --- [peer-tutoring-backend] [io-8080-exec-10] o.s.security.web.FilterChainProxy        : Securing GET /api/admin/payouts
2026-04-29T20:47:02.659+05:30 DEBUG 41793 --- [peer-tutoring-backend] [io-8080-exec-10] c.t.security.JwtAuthenticationFilter     : JWT Token found: eyJhbGciOiJIUzM4NCJ9...
2026-04-29T20:47:02.661+05:30 DEBUG 41793 --- [peer-tutoring-backend] [io-8080-exec-10] c.t.security.JwtAuthenticationFilter     : JWT valid, email: admin@tutoring.com
Hibernate: 
    select
        u1_0.id,
        u1_0.active,
        u1_0.created_at,
        u1_0.email,
        u1_0.first_name,
        u1_0.last_name,
        u1_0.password,
        u1_0.phone_number,
        u1_0.role,
        u1_0.updated_at,
        u1_0.verified 
    from
        users u1_0 
    where
        u1_0.email=?
Hibernate: 
    select
        tp1_0.id,
        tp1_0.average_rating,
        tp1_0.bio,
        tp1_0.created_at,
        tp1_0.hourly_rate,
        tp1_0.status,
        tp1_0.subject,
        tp1_0.total_sessions,
        tp1_0.updated_at,
        tp1_0.user_id,
        tp1_0.years_of_experience 
    from
        tutor_profiles tp1_0 
    where
        tp1_0.user_id=?
2026-04-29T20:47:02.663+05:30 DEBUG 41793 --- [peer-tutoring-backend] [io-8080-exec-10] c.t.security.JwtAuthenticationFilter     : Authentication set for user: admin@tutoring.com
2026-04-29T20:47:02.664+05:30 DEBUG 41793 --- [peer-tutoring-backend] [io-8080-exec-10] o.s.security.web.FilterChainProxy        : Secured GET /api/admin/payouts
2026-04-29T20:47:02.664+05:30 DEBUG 41793 --- [peer-tutoring-backend] [io-8080-exec-10] horizationManagerBeforeMethodInterceptor : Authorizing method invocation ReflectiveMethodInvocation: public org.springframework.http.ResponseEntity com.tutoring.controller.AdminController.getAllPayouts(); target is of class [com.tutoring.controller.AdminController]
2026-04-29T20:47:02.664+05:30 DEBUG 41793 --- [peer-tutoring-backend] [io-8080-exec-10] horizationManagerBeforeMethodInterceptor : Authorized method invocation ReflectiveMethodInvocation: public org.springframework.http.ResponseEntity com.tutoring.controller.AdminController.getAllPayouts(); target is of class [com.tutoring.controller.AdminController]
Hibernate: 
    select
        p1_0.id,
        p1_0.amount,
        p1_0.created_at,
        p1_0.currency,
        p1_0.notes,
        p1_0.payment_method,
        p1_0.processed_at,
        p1_0.processed_by,
        p1_0.status,
        p1_0.transaction_id,
        p1_0.tutor_id,
        p1_0.updated_at 
    from
        payouts p1_0
2026-04-29T20:47:14.427+05:30 DEBUG 41793 --- [peer-tutoring-backend] [nio-8080-exec-1] o.s.security.web.FilterChainProxy        : Securing OPTIONS /api/tutors
2026-04-29T20:47:14.428+05:30 DEBUG 41793 --- [peer-tutoring-backend] [nio-8080-exec-9] o.s.security.web.FilterChainProxy        : Securing OPTIONS /api/tutors
2026-04-29T20:47:14.429+05:30 DEBUG 41793 --- [peer-tutoring-backend] [nio-8080-exec-5] o.s.security.web.FilterChainProxy        : Securing GET /api/tutors
2026-04-29T20:47:14.430+05:30 DEBUG 41793 --- [peer-tutoring-backend] [nio-8080-exec-5] c.t.security.JwtAuthenticationFilter     : JWT Token found: eyJhbGciOiJIUzM4NCJ9...
2026-04-29T20:47:14.431+05:30 DEBUG 41793 --- [peer-tutoring-backend] [nio-8080-exec-5] c.t.security.JwtAuthenticationFilter     : JWT valid, email: admin@tutoring.com
Hibernate: 
    select
        u1_0.id,
        u1_0.active,
        u1_0.created_at,
        u1_0.email,
        u1_0.first_name,
        u1_0.last_name,
        u1_0.password,
        u1_0.phone_number,
        u1_0.role,
        u1_0.updated_at,
        u1_0.verified 
    from
        users u1_0 
    where
        u1_0.email=?
Hibernate: 
    select
        tp1_0.id,
        tp1_0.average_rating,
        tp1_0.bio,
        tp1_0.created_at,
        tp1_0.hourly_rate,
        tp1_0.status,
        tp1_0.subject,
        tp1_0.total_sessions,
        tp1_0.updated_at,
        tp1_0.user_id,
        tp1_0.years_of_experience 
    from
        tutor_profiles tp1_0 
    where
        tp1_0.user_id=?
2026-04-29T20:47:14.435+05:30 DEBUG 41793 --- [peer-tutoring-backend] [nio-8080-exec-5] c.t.security.JwtAuthenticationFilter     : Authentication set for user: admin@tutoring.com
2026-04-29T20:47:14.436+05:30 DEBUG 41793 --- [peer-tutoring-backend] [nio-8080-exec-5] o.s.security.web.FilterChainProxy        : Secured GET /api/tutors
Hibernate: 
    select
        tp1_0.id,
        tp1_0.average_rating,
        tp1_0.bio,
        tp1_0.created_at,
        tp1_0.hourly_rate,
        tp1_0.status,
        tp1_0.subject,
        tp1_0.total_sessions,
        tp1_0.updated_at,
        tp1_0.user_id,
        tp1_0.years_of_experience 
    from
        tutor_profiles tp1_0 
    where
        tp1_0.status=?
2026-04-29T20:47:14.439+05:30 DEBUG 41793 --- [peer-tutoring-backend] [nio-8080-exec-3] o.s.security.web.FilterChainProxy        : Securing GET /favicon.ico
2026-04-29T20:47:14.439+05:30 DEBUG 41793 --- [peer-tutoring-backend] [nio-8080-exec-3] o.s.s.w.a.AnonymousAuthenticationFilter  : Set SecurityContextHolder to anonymous SecurityContext
Hibernate: 
    select
        u1_0.id,
        u1_0.active,
        u1_0.created_at,
        u1_0.email,
        u1_0.first_name,
        u1_0.last_name,
        u1_0.password,
        u1_0.phone_number,
        u1_0.role,
        u1_0.updated_at,
        u1_0.verified 
    from
        users u1_0 
    where
        u1_0.id=?
Hibernate: 
    select
        tp1_0.id,
        tp1_0.average_rating,
        tp1_0.bio,
        tp1_0.created_at,
        tp1_0.hourly_rate,
        tp1_0.status,
        tp1_0.subject,
        tp1_0.total_sessions,
        tp1_0.updated_at,
        tp1_0.user_id,
        tp1_0.years_of_experience 
    from
        tutor_profiles tp1_0 
    where
        tp1_0.user_id=?
2026-04-29T20:47:14.442+05:30 DEBUG 41793 --- [peer-tutoring-backend] [nio-8080-exec-3] o.s.s.w.a.Http403ForbiddenEntryPoint     : Pre-authenticated entry point called. Rejecting access
2026-04-29T20:47:14.443+05:30 DEBUG 41793 --- [peer-tutoring-backend] [nio-8080-exec-3] o.s.security.web.FilterChainProxy        : Securing GET /error
Hibernate: 
    select
        s1_0.tutor_id,
        s1_0.subject_name 
    from
        tutor_subjects s1_0 
    where
        s1_0.tutor_id=?
2026-04-29T20:47:14.444+05:30 DEBUG 41793 --- [peer-tutoring-backend] [nio-8080-exec-3] o.s.s.w.a.AnonymousAuthenticationFilter  : Set SecurityContextHolder to anonymous SecurityContext
2026-04-29T20:47:14.445+05:30 DEBUG 41793 --- [peer-tutoring-backend] [nio-8080-exec-3] o.s.s.w.a.Http403ForbiddenEntryPoint     : Pre-authenticated entry point called. Rejecting access
2026-04-29T20:47:14.447+05:30 DEBUG 41793 --- [peer-tutoring-backend] [nio-8080-exec-3] o.s.security.web.FilterChainProxy        : Securing GET /api/tutors
2026-04-29T20:47:14.448+05:30 DEBUG 41793 --- [peer-tutoring-backend] [nio-8080-exec-3] c.t.security.JwtAuthenticationFilter     : JWT Token found: eyJhbGciOiJIUzM4NCJ9...
2026-04-29T20:47:14.449+05:30 DEBUG 41793 --- [peer-tutoring-backend] [nio-8080-exec-3] c.t.security.JwtAuthenticationFilter     : JWT valid, email: admin@tutoring.com
Hibernate: 
    select
        u1_0.id,
        u1_0.active,
        u1_0.created_at,
        u1_0.email,
        u1_0.first_name,
        u1_0.last_name,
        u1_0.password,
        u1_0.phone_number,
        u1_0.role,
        u1_0.updated_at,
        u1_0.verified 
    from
        users u1_0 
    where
        u1_0.email=?
Hibernate: 
    select
        tp1_0.id,
        tp1_0.average_rating,
        tp1_0.bio,
        tp1_0.created_at,
        tp1_0.hourly_rate,
        tp1_0.status,
        tp1_0.subject,
        tp1_0.total_sessions,
        tp1_0.updated_at,
        tp1_0.user_id,
        tp1_0.years_of_experience 
    from
        tutor_profiles tp1_0 
    where
        tp1_0.user_id=?
2026-04-29T20:47:14.451+05:30 DEBUG 41793 --- [peer-tutoring-backend] [nio-8080-exec-3] c.t.security.JwtAuthenticationFilter     : Authentication set for user: admin@tutoring.com
2026-04-29T20:47:14.452+05:30 DEBUG 41793 --- [peer-tutoring-backend] [nio-8080-exec-3] o.s.security.web.FilterChainProxy        : Secured GET /api/tutors
Hibernate: 
    select
        tp1_0.id,
        tp1_0.average_rating,
        tp1_0.bio,
        tp1_0.created_at,
        tp1_0.hourly_rate,
        tp1_0.status,
        tp1_0.subject,
        tp1_0.total_sessions,
        tp1_0.updated_at,
        tp1_0.user_id,
        tp1_0.years_of_experience 
    from
        tutor_profiles tp1_0 
    where
        tp1_0.status=?
Hibernate: 
    select
        u1_0.id,
        u1_0.active,
        u1_0.created_at,
        u1_0.email,
        u1_0.first_name,
        u1_0.last_name,
        u1_0.password,
        u1_0.phone_number,
        u1_0.role,
        u1_0.updated_at,
        u1_0.verified 
    from
        users u1_0 
    where
        u1_0.id=?
Hibernate: 
    select
        tp1_0.id,
        tp1_0.average_rating,
        tp1_0.bio,
        tp1_0.created_at,
        tp1_0.hourly_rate,
        tp1_0.status,
        tp1_0.subject,
        tp1_0.total_sessions,
        tp1_0.updated_at,
        tp1_0.user_id,
        tp1_0.years_of_experience 
    from
        tutor_profiles tp1_0 
    where
        tp1_0.user_id=?
Hibernate: 
    select
        s1_0.tutor_id,
        s1_0.subject_name 
    from
        tutor_subjects s1_0 
    where
        s1_0.tutor_id=?
2026-04-29T20:47:18.000+05:30 DEBUG 41793 --- [peer-tutoring-backend] [nio-8080-exec-6] o.s.security.web.FilterChainProxy        : Securing GET /api/sessions/available
2026-04-29T20:47:18.001+05:30 DEBUG 41793 --- [peer-tutoring-backend] [nio-8080-exec-6] o.s.s.w.a.AnonymousAuthenticationFilter  : Set SecurityContextHolder to anonymous SecurityContext
2026-04-29T20:47:18.002+05:30 DEBUG 41793 --- [peer-tutoring-backend] [nio-8080-exec-6] o.s.security.web.FilterChainProxy        : Secured GET /api/sessions/available
Hibernate: 
    select
        s1_0.id,
        s1_0.created_at,
        s1_0.description,
        s1_0.end_time,
        s1_0.enrolled_students,
        s1_0.max_students,
        s1_0.price,
        s1_0.start_time,
        s1_0.status,
        s1_0.subject,
        s1_0.title,
        s1_0.tutor_id,
        s1_0.type,
        s1_0.updated_at 
    from
        sessions s1_0 
    where
        s1_0.status=?
2026-04-29T20:47:18.006+05:30 DEBUG 41793 --- [peer-tutoring-backend] [nio-8080-exec-8] o.s.security.web.FilterChainProxy        : Securing GET /favicon.ico
2026-04-29T20:47:18.006+05:30 DEBUG 41793 --- [peer-tutoring-backend] [nio-8080-exec-8] o.s.s.w.a.AnonymousAuthenticationFilter  : Set SecurityContextHolder to anonymous SecurityContext
Hibernate: 
    select
        u1_0.id,
        u1_0.active,
        u1_0.created_at,
        u1_0.email,
        u1_0.first_name,
        u1_0.last_name,
        u1_0.password,
        u1_0.phone_number,
        u1_0.role,
        u1_0.updated_at,
        u1_0.verified 
    from
        users u1_0 
    where
        u1_0.id=?
Hibernate: 
    select
        tp1_0.id,
        tp1_0.average_rating,
        tp1_0.bio,
        tp1_0.created_at,
        tp1_0.hourly_rate,
        tp1_0.status,
        tp1_0.subject,
        tp1_0.total_sessions,
        tp1_0.updated_at,
        tp1_0.user_id,
        tp1_0.years_of_experience 
    from
        tutor_profiles tp1_0 
    where
        tp1_0.user_id=?
2026-04-29T20:47:18.010+05:30 DEBUG 41793 --- [peer-tutoring-backend] [nio-8080-exec-8] o.s.s.w.a.Http403ForbiddenEntryPoint     : Pre-authenticated entry point called. Rejecting access
2026-04-29T20:47:18.010+05:30 DEBUG 41793 --- [peer-tutoring-backend] [nio-8080-exec-8] o.s.security.web.FilterChainProxy        : Securing GET /error
2026-04-29T20:47:18.012+05:30 DEBUG 41793 --- [peer-tutoring-backend] [nio-8080-exec-8] o.s.s.w.a.AnonymousAuthenticationFilter  : Set SecurityContextHolder to anonymous SecurityContext
2026-04-29T20:47:18.012+05:30 DEBUG 41793 --- [peer-tutoring-backend] [nio-8080-exec-8] o.s.s.w.a.Http403ForbiddenEntryPoint     : Pre-authenticated entry point called. Rejecting access
2026-04-29T20:47:18.014+05:30 DEBUG 41793 --- [peer-tutoring-backend] [nio-8080-exec-2] o.s.security.web.FilterChainProxy        : Securing GET /api/sessions/available
2026-04-29T20:47:18.014+05:30 DEBUG 41793 --- [peer-tutoring-backend] [nio-8080-exec-2] o.s.s.w.a.AnonymousAuthenticationFilter  : Set SecurityContextHolder to anonymous SecurityContext
2026-04-29T20:47:18.014+05:30 DEBUG 41793 --- [peer-tutoring-backend] [nio-8080-exec-2] o.s.security.web.FilterChainProxy        : Secured GET /api/sessions/available
Hibernate: 
    select
        s1_0.id,
        s1_0.created_at,
        s1_0.description,
        s1_0.end_time,
        s1_0.enrolled_students,
        s1_0.max_students,
        s1_0.price,
        s1_0.start_time,
        s1_0.status,
        s1_0.subject,
        s1_0.title,
        s1_0.tutor_id,
        s1_0.type,
        s1_0.updated_at 
    from
        sessions s1_0 
    where
        s1_0.status=?
Hibernate: 
    select
        u1_0.id,
        u1_0.active,
        u1_0.created_at,
        u1_0.email,
        u1_0.first_name,
        u1_0.last_name,
        u1_0.password,
        u1_0.phone_number,
        u1_0.role,
        u1_0.updated_at,
        u1_0.verified 
    from
        users u1_0 
    where
        u1_0.id=?
Hibernate: 
    select
        tp1_0.id,
        tp1_0.average_rating,
        tp1_0.bio,
        tp1_0.created_at,
        tp1_0.hourly_rate,
        tp1_0.status,
        tp1_0.subject,
        tp1_0.total_sessions,
        tp1_0.updated_at,
        tp1_0.user_id,
        tp1_0.years_of_experience 
    from
        tutor_profiles tp1_0 
    where
        tp1_0.user_id=?
2026-04-29T20:47:19.873+05:30 DEBUG 41793 --- [peer-tutoring-backend] [nio-8080-exec-7] o.s.security.web.FilterChainProxy        : Securing GET /favicon.ico
2026-04-29T20:47:19.873+05:30 DEBUG 41793 --- [peer-tutoring-backend] [nio-8080-exec-7] o.s.s.w.a.AnonymousAuthenticationFilter  : Set SecurityContextHolder to anonymous SecurityContext
2026-04-29T20:47:19.876+05:30 DEBUG 41793 --- [peer-tutoring-backend] [nio-8080-exec-7] o.s.s.w.a.Http403ForbiddenEntryPoint     : Pre-authenticated entry point called. Rejecting access
2026-04-29T20:47:19.876+05:30 DEBUG 41793 --- [peer-tutoring-backend] [nio-8080-exec-7] o.s.security.web.FilterChainProxy        : Securing GET /error
2026-04-29T20:47:19.877+05:30 DEBUG 41793 --- [peer-tutoring-backend] [nio-8080-exec-7] o.s.s.w.a.AnonymousAuthenticationFilter  : Set SecurityContextHolder to anonymous SecurityContext
2026-04-29T20:47:19.878+05:30 DEBUG 41793 --- [peer-tutoring-backend] [nio-8080-exec-7] o.s.s.w.a.Http403ForbiddenEntryPoint     : Pre-authenticated entry point called. Rejecting access
2026-04-29T20:47:25.923+05:30 DEBUG 41793 --- [peer-tutoring-backend] [io-8080-exec-10] o.s.security.web.FilterChainProxy        : Securing OPTIONS /api/auth/login
2026-04-29T20:47:25.925+05:30 DEBUG 41793 --- [peer-tutoring-backend] [nio-8080-exec-1] o.s.security.web.FilterChainProxy        : Securing POST /api/auth/login
2026-04-29T20:47:25.932+05:30 DEBUG 41793 --- [peer-tutoring-backend] [nio-8080-exec-1] o.s.s.w.a.AnonymousAuthenticationFilter  : Set SecurityContextHolder to anonymous SecurityContext
2026-04-29T20:47:25.932+05:30 DEBUG 41793 --- [peer-tutoring-backend] [nio-8080-exec-1] o.s.security.web.FilterChainProxy        : Secured POST /api/auth/login
Hibernate: 
    select
        u1_0.id,
        u1_0.active,
        u1_0.created_at,
        u1_0.email,
        u1_0.first_name,
        u1_0.last_name,
        u1_0.password,
        u1_0.phone_number,
        u1_0.role,
        u1_0.updated_at,
        u1_0.verified 
    from
        users u1_0 
    where
        u1_0.email=?
Hibernate: 
    select
        tp1_0.id,
        tp1_0.average_rating,
        tp1_0.bio,
        tp1_0.created_at,
        tp1_0.hourly_rate,
        tp1_0.status,
        tp1_0.subject,
        tp1_0.total_sessions,
        tp1_0.updated_at,
        tp1_0.user_id,
        tp1_0.years_of_experience 
    from
        tutor_profiles tp1_0 
    where
        tp1_0.user_id=?
2026-04-29T20:47:26.043+05:30 DEBUG 41793 --- [peer-tutoring-backend] [nio-8080-exec-1] o.s.s.a.dao.DaoAuthenticationProvider    : Authenticated user
2026-04-29T20:47:26.054+05:30 DEBUG 41793 --- [peer-tutoring-backend] [nio-8080-exec-9] o.s.security.web.FilterChainProxy        : Securing OPTIONS /api/tutor/bookings
2026-04-29T20:47:26.064+05:30 DEBUG 41793 --- [peer-tutoring-backend] [nio-8080-exec-5] o.s.security.web.FilterChainProxy        : Securing OPTIONS /api/tutor/bookings
2026-04-29T20:47:26.064+05:30 DEBUG 41793 --- [peer-tutoring-backend] [nio-8080-exec-4] o.s.security.web.FilterChainProxy        : Securing GET /api/tutor/bookings
2026-04-29T20:47:26.065+05:30 DEBUG 41793 --- [peer-tutoring-backend] [nio-8080-exec-4] c.t.security.JwtAuthenticationFilter     : JWT Token found: eyJhbGciOiJIUzM4NCJ9...
2026-04-29T20:47:26.066+05:30 DEBUG 41793 --- [peer-tutoring-backend] [nio-8080-exec-4] c.t.security.JwtAuthenticationFilter     : JWT valid, email: subhodipb8@gmail.com
Hibernate: 
    select
        u1_0.id,
        u1_0.active,
        u1_0.created_at,
        u1_0.email,
        u1_0.first_name,
        u1_0.last_name,
        u1_0.password,
        u1_0.phone_number,
        u1_0.role,
        u1_0.updated_at,
        u1_0.verified 
    from
        users u1_0 
    where
        u1_0.email=?
Hibernate: 
    select
        tp1_0.id,
        tp1_0.average_rating,
        tp1_0.bio,
        tp1_0.created_at,
        tp1_0.hourly_rate,
        tp1_0.status,
        tp1_0.subject,
        tp1_0.total_sessions,
        tp1_0.updated_at,
        tp1_0.user_id,
        tp1_0.years_of_experience 
    from
        tutor_profiles tp1_0 
    where
        tp1_0.user_id=?
2026-04-29T20:47:26.070+05:30 DEBUG 41793 --- [peer-tutoring-backend] [nio-8080-exec-4] c.t.security.JwtAuthenticationFilter     : Authentication set for user: subhodipb8@gmail.com
2026-04-29T20:47:26.070+05:30 DEBUG 41793 --- [peer-tutoring-backend] [nio-8080-exec-3] o.s.security.web.FilterChainProxy        : Securing GET /favicon.ico
2026-04-29T20:47:26.070+05:30 DEBUG 41793 --- [peer-tutoring-backend] [nio-8080-exec-4] o.s.security.web.FilterChainProxy        : Secured GET /api/tutor/bookings
2026-04-29T20:47:26.070+05:30 DEBUG 41793 --- [peer-tutoring-backend] [nio-8080-exec-3] o.s.s.w.a.AnonymousAuthenticationFilter  : Set SecurityContextHolder to anonymous SecurityContext
2026-04-29T20:47:26.071+05:30 DEBUG 41793 --- [peer-tutoring-backend] [nio-8080-exec-4] horizationManagerBeforeMethodInterceptor : Authorizing method invocation ReflectiveMethodInvocation: public org.springframework.http.ResponseEntity com.tutoring.controller.BookingController.getTutorBookings(com.tutoring.security.UserDetailsImpl); target is of class [com.tutoring.controller.BookingController]
2026-04-29T20:47:26.071+05:30 DEBUG 41793 --- [peer-tutoring-backend] [nio-8080-exec-4] horizationManagerBeforeMethodInterceptor : Authorized method invocation ReflectiveMethodInvocation: public org.springframework.http.ResponseEntity com.tutoring.controller.BookingController.getTutorBookings(com.tutoring.security.UserDetailsImpl); target is of class [com.tutoring.controller.BookingController]
2026-04-29T20:47:26.071+05:30 DEBUG 41793 --- [peer-tutoring-backend] [nio-8080-exec-3] o.s.s.w.a.Http403ForbiddenEntryPoint     : Pre-authenticated entry point called. Rejecting access
2026-04-29T20:47:26.071+05:30 DEBUG 41793 --- [peer-tutoring-backend] [nio-8080-exec-3] o.s.security.web.FilterChainProxy        : Securing GET /error
2026-04-29T20:47:26.072+05:30 DEBUG 41793 --- [peer-tutoring-backend] [nio-8080-exec-3] o.s.s.w.a.AnonymousAuthenticationFilter  : Set SecurityContextHolder to anonymous SecurityContext
2026-04-29T20:47:26.072+05:30 DEBUG 41793 --- [peer-tutoring-backend] [nio-8080-exec-3] o.s.s.w.a.Http403ForbiddenEntryPoint     : Pre-authenticated entry point called. Rejecting access
Hibernate: 
    select
        b1_0.id,
        b1_0.amount,
        b1_0.cancelled_at,
        b1_0.completed_at,
        b1_0.confirmed_at,
        b1_0.created_at,
        b1_0.notes,
        b1_0.payment_status,
        b1_0.session_id,
        b1_0.status,
        b1_0.student_id,
        b1_0.updated_at 
    from
        bookings b1_0 
    left join
        sessions s1_0 
            on s1_0.id=b1_0.session_id 
    where
        s1_0.tutor_id=?
2026-04-29T20:47:26.075+05:30 DEBUG 41793 --- [peer-tutoring-backend] [nio-8080-exec-6] o.s.security.web.FilterChainProxy        : Securing GET /api/tutor/bookings
2026-04-29T20:47:26.075+05:30 DEBUG 41793 --- [peer-tutoring-backend] [nio-8080-exec-6] c.t.security.JwtAuthenticationFilter     : JWT Token found: eyJhbGciOiJIUzM4NCJ9...
2026-04-29T20:47:26.077+05:30 DEBUG 41793 --- [peer-tutoring-backend] [nio-8080-exec-6] c.t.security.JwtAuthenticationFilter     : JWT valid, email: subhodipb8@gmail.com
2026-04-29T20:47:26.077+05:30 DEBUG 41793 --- [peer-tutoring-backend] [nio-8080-exec-8] o.s.security.web.FilterChainProxy        : Securing OPTIONS /api/tutor/profile
Hibernate: 
    select
        u1_0.id,
        u1_0.active,
        u1_0.created_at,
        u1_0.email,
        u1_0.first_name,
        u1_0.last_name,
        u1_0.password,
        u1_0.phone_number,
        u1_0.role,
        u1_0.updated_at,
        u1_0.verified 
    from
        users u1_0 
    where
        u1_0.email=?
2026-04-29T20:47:26.079+05:30 DEBUG 41793 --- [peer-tutoring-backend] [nio-8080-exec-2] o.s.security.web.FilterChainProxy        : Securing GET /api/tutor/profile
2026-04-29T20:47:26.079+05:30 DEBUG 41793 --- [peer-tutoring-backend] [nio-8080-exec-2] c.t.security.JwtAuthenticationFilter     : JWT Token found: eyJhbGciOiJIUzM4NCJ9...
Hibernate: 
    select
        tp1_0.id,
        tp1_0.average_rating,
        tp1_0.bio,
        tp1_0.created_at,
        tp1_0.hourly_rate,
        tp1_0.status,
        tp1_0.subject,
        tp1_0.total_sessions,
        tp1_0.updated_at,
        tp1_0.user_id,
        tp1_0.years_of_experience 
    from
        tutor_profiles tp1_0 
    where
        tp1_0.user_id=?
2026-04-29T20:47:26.080+05:30 DEBUG 41793 --- [peer-tutoring-backend] [nio-8080-exec-2] c.t.security.JwtAuthenticationFilter     : JWT valid, email: subhodipb8@gmail.com
2026-04-29T20:47:26.081+05:30 DEBUG 41793 --- [peer-tutoring-backend] [nio-8080-exec-6] c.t.security.JwtAuthenticationFilter     : Authentication set for user: subhodipb8@gmail.com
2026-04-29T20:47:26.081+05:30 DEBUG 41793 --- [peer-tutoring-backend] [nio-8080-exec-6] o.s.security.web.FilterChainProxy        : Secured GET /api/tutor/bookings
Hibernate: 
    select
        u1_0.id,
        u1_0.active,
        u1_0.created_at,
        u1_0.email,
        u1_0.first_name,
        u1_0.last_name,
        u1_0.password,
        u1_0.phone_number,
        u1_0.role,
        u1_0.updated_at,
        u1_0.verified 
    from
        users u1_0 
    where
        u1_0.email=?
2026-04-29T20:47:26.082+05:30 DEBUG 41793 --- [peer-tutoring-backend] [nio-8080-exec-6] horizationManagerBeforeMethodInterceptor : Authorizing method invocation ReflectiveMethodInvocation: public org.springframework.http.ResponseEntity com.tutoring.controller.BookingController.getTutorBookings(com.tutoring.security.UserDetailsImpl); target is of class [com.tutoring.controller.BookingController]
2026-04-29T20:47:26.082+05:30 DEBUG 41793 --- [peer-tutoring-backend] [nio-8080-exec-6] horizationManagerBeforeMethodInterceptor : Authorized method invocation ReflectiveMethodInvocation: public org.springframework.http.ResponseEntity com.tutoring.controller.BookingController.getTutorBookings(com.tutoring.security.UserDetailsImpl); target is of class [com.tutoring.controller.BookingController]
Hibernate: 
    select
        tp1_0.id,
        tp1_0.average_rating,
        tp1_0.bio,
        tp1_0.created_at,
        tp1_0.hourly_rate,
        tp1_0.status,
        tp1_0.subject,
        tp1_0.total_sessions,
        tp1_0.updated_at,
        tp1_0.user_id,
        tp1_0.years_of_experience 
    from
        tutor_profiles tp1_0 
    where
        tp1_0.user_id=?
Hibernate: 
    select
        b1_0.id,
        b1_0.amount,
        b1_0.cancelled_at,
        b1_0.completed_at,
        b1_0.confirmed_at,
        b1_0.created_at,
        b1_0.notes,
        b1_0.payment_status,
        b1_0.session_id,
        b1_0.status,
        b1_0.student_id,
        b1_0.updated_at 
    from
        bookings b1_0 
    left join
        sessions s1_0 
            on s1_0.id=b1_0.session_id 
    where
        s1_0.tutor_id=?
2026-04-29T20:47:26.084+05:30 DEBUG 41793 --- [peer-tutoring-backend] [nio-8080-exec-2] c.t.security.JwtAuthenticationFilter     : Authentication set for user: subhodipb8@gmail.com
2026-04-29T20:47:26.085+05:30 DEBUG 41793 --- [peer-tutoring-backend] [nio-8080-exec-2] o.s.security.web.FilterChainProxy        : Secured GET /api/tutor/profile
2026-04-29T20:47:26.085+05:30 DEBUG 41793 --- [peer-tutoring-backend] [nio-8080-exec-2] horizationManagerBeforeMethodInterceptor : Authorizing method invocation ReflectiveMethodInvocation: public org.springframework.http.ResponseEntity com.tutoring.controller.TutorController.getMyProfile(com.tutoring.security.UserDetailsImpl); target is of class [com.tutoring.controller.TutorController]
2026-04-29T20:47:26.086+05:30 DEBUG 41793 --- [peer-tutoring-backend] [nio-8080-exec-2] horizationManagerBeforeMethodInterceptor : Authorized method invocation ReflectiveMethodInvocation: public org.springframework.http.ResponseEntity com.tutoring.controller.TutorController.getMyProfile(com.tutoring.security.UserDetailsImpl); target is of class [com.tutoring.controller.TutorController]
Hibernate: 
    select
        tp1_0.id,
        tp1_0.average_rating,
        tp1_0.bio,
        tp1_0.created_at,
        tp1_0.hourly_rate,
        tp1_0.status,
        tp1_0.subject,
        tp1_0.total_sessions,
        tp1_0.updated_at,
        tp1_0.user_id,
        tp1_0.years_of_experience 
    from
        tutor_profiles tp1_0 
    where
        tp1_0.user_id=?
Hibernate: 
    select
        u1_0.id,
        u1_0.active,
        u1_0.created_at,
        u1_0.email,
        u1_0.first_name,
        u1_0.last_name,
        u1_0.password,
        u1_0.phone_number,
        u1_0.role,
        u1_0.updated_at,
        u1_0.verified 
    from
        users u1_0 
    where
        u1_0.id=?
Hibernate: 
    select
        tp1_0.id,
        tp1_0.average_rating,
        tp1_0.bio,
        tp1_0.created_at,
        tp1_0.hourly_rate,
        tp1_0.status,
        tp1_0.subject,
        tp1_0.total_sessions,
        tp1_0.updated_at,
        tp1_0.user_id,
        tp1_0.years_of_experience 
    from
        tutor_profiles tp1_0 
    where
        tp1_0.user_id=?
Hibernate: 
    select
        s1_0.tutor_id,
        s1_0.subject_name 
    from
        tutor_subjects s1_0 
    where
        s1_0.tutor_id=?
2026-04-29T20:47:26.092+05:30 DEBUG 41793 --- [peer-tutoring-backend] [nio-8080-exec-7] o.s.security.web.FilterChainProxy        : Securing GET /api/tutor/profile
2026-04-29T20:47:26.092+05:30 DEBUG 41793 --- [peer-tutoring-backend] [nio-8080-exec-7] c.t.security.JwtAuthenticationFilter     : JWT Token found: eyJhbGciOiJIUzM4NCJ9...
2026-04-29T20:47:26.093+05:30 DEBUG 41793 --- [peer-tutoring-backend] [nio-8080-exec-7] c.t.security.JwtAuthenticationFilter     : JWT valid, email: subhodipb8@gmail.com
Hibernate: 
    select
        u1_0.id,
        u1_0.active,
        u1_0.created_at,
        u1_0.email,
        u1_0.first_name,
        u1_0.last_name,
        u1_0.password,
        u1_0.phone_number,
        u1_0.role,
        u1_0.updated_at,
        u1_0.verified 
    from
        users u1_0 
    where
        u1_0.email=?
Hibernate: 
    select
        tp1_0.id,
        tp1_0.average_rating,
        tp1_0.bio,
        tp1_0.created_at,
        tp1_0.hourly_rate,
        tp1_0.status,
        tp1_0.subject,
        tp1_0.total_sessions,
        tp1_0.updated_at,
        tp1_0.user_id,
        tp1_0.years_of_experience 
    from
        tutor_profiles tp1_0 
    where
        tp1_0.user_id=?
2026-04-29T20:47:26.096+05:30 DEBUG 41793 --- [peer-tutoring-backend] [nio-8080-exec-7] c.t.security.JwtAuthenticationFilter     : Authentication set for user: subhodipb8@gmail.com
2026-04-29T20:47:26.096+05:30 DEBUG 41793 --- [peer-tutoring-backend] [nio-8080-exec-7] o.s.security.web.FilterChainProxy        : Secured GET /api/tutor/profile
2026-04-29T20:47:26.096+05:30 DEBUG 41793 --- [peer-tutoring-backend] [nio-8080-exec-7] horizationManagerBeforeMethodInterceptor : Authorizing method invocation ReflectiveMethodInvocation: public org.springframework.http.ResponseEntity com.tutoring.controller.TutorController.getMyProfile(com.tutoring.security.UserDetailsImpl); target is of class [com.tutoring.controller.TutorController]
2026-04-29T20:47:26.097+05:30 DEBUG 41793 --- [peer-tutoring-backend] [nio-8080-exec-7] horizationManagerBeforeMethodInterceptor : Authorized method invocation ReflectiveMethodInvocation: public org.springframework.http.ResponseEntity com.tutoring.controller.TutorController.getMyProfile(com.tutoring.security.UserDetailsImpl); target is of class [com.tutoring.controller.TutorController]
Hibernate: 
    select
        tp1_0.id,
        tp1_0.average_rating,
        tp1_0.bio,
        tp1_0.created_at,
        tp1_0.hourly_rate,
        tp1_0.status,
        tp1_0.subject,
        tp1_0.total_sessions,
        tp1_0.updated_at,
        tp1_0.user_id,
        tp1_0.years_of_experience 
    from
        tutor_profiles tp1_0 
    where
        tp1_0.user_id=?
Hibernate: 
    select
        u1_0.id,
        u1_0.active,
        u1_0.created_at,
        u1_0.email,
        u1_0.first_name,
        u1_0.last_name,
        u1_0.password,
        u1_0.phone_number,
        u1_0.role,
        u1_0.updated_at,
        u1_0.verified 
    from
        users u1_0 
    where
        u1_0.id=?
Hibernate: 
    select
        tp1_0.id,
        tp1_0.average_rating,
        tp1_0.bio,
        tp1_0.created_at,
        tp1_0.hourly_rate,
        tp1_0.status,
        tp1_0.subject,
        tp1_0.total_sessions,
        tp1_0.updated_at,
        tp1_0.user_id,
        tp1_0.years_of_experience 
    from
        tutor_profiles tp1_0 
    where
        tp1_0.user_id=?
Hibernate: 
    select
        s1_0.tutor_id,
        s1_0.subject_name 
    from
        tutor_subjects s1_0 
    where
        s1_0.tutor_id=?
2026-04-29T20:48:17.325+05:30 DEBUG 41793 --- [peer-tutoring-backend] [io-8080-exec-10] o.s.security.web.FilterChainProxy        : Securing OPTIONS /api/sessions
2026-04-29T20:48:17.328+05:30 DEBUG 41793 --- [peer-tutoring-backend] [nio-8080-exec-1] o.s.security.web.FilterChainProxy        : Securing POST /api/sessions
2026-04-29T20:48:17.328+05:30 DEBUG 41793 --- [peer-tutoring-backend] [nio-8080-exec-1] c.t.security.JwtAuthenticationFilter     : JWT Token found: eyJhbGciOiJIUzM4NCJ9...
2026-04-29T20:48:17.330+05:30 DEBUG 41793 --- [peer-tutoring-backend] [nio-8080-exec-1] c.t.security.JwtAuthenticationFilter     : JWT valid, email: subhodipb8@gmail.com
Hibernate: 
    select
        u1_0.id,
        u1_0.active,
        u1_0.created_at,
        u1_0.email,
        u1_0.first_name,
        u1_0.last_name,
        u1_0.password,
        u1_0.phone_number,
        u1_0.role,
        u1_0.updated_at,
        u1_0.verified 
    from
        users u1_0 
    where
        u1_0.email=?
Hibernate: 
    select
        tp1_0.id,
        tp1_0.average_rating,
        tp1_0.bio,
        tp1_0.created_at,
        tp1_0.hourly_rate,
        tp1_0.status,
        tp1_0.subject,
        tp1_0.total_sessions,
        tp1_0.updated_at,
        tp1_0.user_id,
        tp1_0.years_of_experience 
    from
        tutor_profiles tp1_0 
    where
        tp1_0.user_id=?
2026-04-29T20:48:17.338+05:30 DEBUG 41793 --- [peer-tutoring-backend] [nio-8080-exec-1] c.t.security.JwtAuthenticationFilter     : Authentication set for user: subhodipb8@gmail.com
2026-04-29T20:48:17.339+05:30 DEBUG 41793 --- [peer-tutoring-backend] [nio-8080-exec-1] o.s.security.web.FilterChainProxy        : Secured POST /api/sessions
2026-04-29T20:48:17.342+05:30 DEBUG 41793 --- [peer-tutoring-backend] [nio-8080-exec-1] horizationManagerBeforeMethodInterceptor : Authorizing method invocation ReflectiveMethodInvocation: public org.springframework.http.ResponseEntity com.tutoring.controller.SessionController.createSession(com.tutoring.security.UserDetailsImpl,com.tutoring.dto.SessionRequest); target is of class [com.tutoring.controller.SessionController]
2026-04-29T20:48:17.342+05:30 DEBUG 41793 --- [peer-tutoring-backend] [nio-8080-exec-1] horizationManagerBeforeMethodInterceptor : Authorized method invocation ReflectiveMethodInvocation: public org.springframework.http.ResponseEntity com.tutoring.controller.SessionController.createSession(com.tutoring.security.UserDetailsImpl,com.tutoring.dto.SessionRequest); target is of class [com.tutoring.controller.SessionController]
Hibernate: 
    select
        u1_0.id,
        u1_0.active,
        u1_0.created_at,
        u1_0.email,
        u1_0.first_name,
        u1_0.last_name,
        u1_0.password,
        u1_0.phone_number,
        u1_0.role,
        u1_0.updated_at,
        u1_0.verified 
    from
        users u1_0 
    where
        u1_0.id=?
Hibernate: 
    select
        tp1_0.id,
        tp1_0.average_rating,
        tp1_0.bio,
        tp1_0.created_at,
        tp1_0.hourly_rate,
        tp1_0.status,
        tp1_0.subject,
        tp1_0.total_sessions,
        tp1_0.updated_at,
        tp1_0.user_id,
        tp1_0.years_of_experience 
    from
        tutor_profiles tp1_0 
    where
        tp1_0.user_id=?
Hibernate: 
    select
        s1_0.id,
        s1_0.created_at,
        s1_0.description,
        s1_0.end_time,
        s1_0.enrolled_students,
        s1_0.max_students,
        s1_0.price,
        s1_0.start_time,
        s1_0.status,
        s1_0.subject,
        s1_0.title,
        s1_0.tutor_id,
        s1_0.type,
        s1_0.updated_at 
    from
        sessions s1_0 
    where
        s1_0.tutor_id=? 
        and (
            (
                s1_0.start_time between ? and ?
            ) 
            or (
                s1_0.end_time between ? and ?
            )
        )
2026-04-29T20:48:34.677+05:30 DEBUG 41793 --- [peer-tutoring-backend] [nio-8080-exec-5] o.s.security.web.FilterChainProxy        : Securing OPTIONS /api/sessions
2026-04-29T20:48:34.681+05:30 DEBUG 41793 --- [peer-tutoring-backend] [nio-8080-exec-3] o.s.security.web.FilterChainProxy        : Securing POST /api/sessions
2026-04-29T20:48:34.681+05:30 DEBUG 41793 --- [peer-tutoring-backend] [nio-8080-exec-3] c.t.security.JwtAuthenticationFilter     : JWT Token found: eyJhbGciOiJIUzM4NCJ9...
2026-04-29T20:48:34.685+05:30 DEBUG 41793 --- [peer-tutoring-backend] [nio-8080-exec-3] c.t.security.JwtAuthenticationFilter     : JWT valid, email: subhodipb8@gmail.com
Hibernate: 
    select
        u1_0.id,
        u1_0.active,
        u1_0.created_at,
        u1_0.email,
        u1_0.first_name,
        u1_0.last_name,
        u1_0.password,
        u1_0.phone_number,
        u1_0.role,
        u1_0.updated_at,
        u1_0.verified 
    from
        users u1_0 
    where
        u1_0.email=?
Hibernate: 
    select
        tp1_0.id,
        tp1_0.average_rating,
        tp1_0.bio,
        tp1_0.created_at,
        tp1_0.hourly_rate,
        tp1_0.status,
        tp1_0.subject,
        tp1_0.total_sessions,
        tp1_0.updated_at,
        tp1_0.user_id,
        tp1_0.years_of_experience 
    from
        tutor_profiles tp1_0 
    where
        tp1_0.user_id=?
2026-04-29T20:48:34.689+05:30 DEBUG 41793 --- [peer-tutoring-backend] [nio-8080-exec-3] c.t.security.JwtAuthenticationFilter     : Authentication set for user: subhodipb8@gmail.com
2026-04-29T20:48:34.689+05:30 DEBUG 41793 --- [peer-tutoring-backend] [nio-8080-exec-3] o.s.security.web.FilterChainProxy        : Secured POST /api/sessions
2026-04-29T20:48:34.691+05:30 DEBUG 41793 --- [peer-tutoring-backend] [nio-8080-exec-3] horizationManagerBeforeMethodInterceptor : Authorizing method invocation ReflectiveMethodInvocation: public org.springframework.http.ResponseEntity com.tutoring.controller.SessionController.createSession(com.tutoring.security.UserDetailsImpl,com.tutoring.dto.SessionRequest); target is of class [com.tutoring.controller.SessionController]
2026-04-29T20:48:34.691+05:30 DEBUG 41793 --- [peer-tutoring-backend] [nio-8080-exec-3] horizationManagerBeforeMethodInterceptor : Authorized method invocation ReflectiveMethodInvocation: public org.springframework.http.ResponseEntity com.tutoring.controller.SessionController.createSession(com.tutoring.security.UserDetailsImpl,com.tutoring.dto.SessionRequest); target is of class [com.tutoring.controller.SessionController]
Hibernate: 
    select
        u1_0.id,
        u1_0.active,
        u1_0.created_at,
        u1_0.email,
        u1_0.first_name,
        u1_0.last_name,
        u1_0.password,
        u1_0.phone_number,
        u1_0.role,
        u1_0.updated_at,
        u1_0.verified 
    from
        users u1_0 
    where
        u1_0.id=?
Hibernate: 
    select
        tp1_0.id,
        tp1_0.average_rating,
        tp1_0.bio,
        tp1_0.created_at,
        tp1_0.hourly_rate,
        tp1_0.status,
        tp1_0.subject,
        tp1_0.total_sessions,
        tp1_0.updated_at,
        tp1_0.user_id,
        tp1_0.years_of_experience 
    from
        tutor_profiles tp1_0 
    where
        tp1_0.user_id=?
Hibernate: 
    select
        s1_0.id,
        s1_0.created_at,
        s1_0.description,
        s1_0.end_time,
        s1_0.enrolled_students,
        s1_0.max_students,
        s1_0.price,
        s1_0.start_time,
        s1_0.status,
        s1_0.subject,
        s1_0.title,
        s1_0.tutor_id,
        s1_0.type,
        s1_0.updated_at 
    from
        sessions s1_0 
    where
        s1_0.tutor_id=? 
        and (
            (
                s1_0.start_time between ? and ?
            ) 
            or (
                s1_0.end_time between ? and ?
            )
        )
2026-04-29T20:49:10.416+05:30 DEBUG 41793 --- [peer-tutoring-backend] [nio-8080-exec-4] o.s.security.web.FilterChainProxy        : Securing OPTIONS /api/sessions
2026-04-29T20:49:10.419+05:30 DEBUG 41793 --- [peer-tutoring-backend] [nio-8080-exec-8] o.s.security.web.FilterChainProxy        : Securing POST /api/sessions
2026-04-29T20:49:10.420+05:30 DEBUG 41793 --- [peer-tutoring-backend] [nio-8080-exec-8] c.t.security.JwtAuthenticationFilter     : JWT Token found: eyJhbGciOiJIUzM4NCJ9...
2026-04-29T20:49:10.421+05:30 DEBUG 41793 --- [peer-tutoring-backend] [nio-8080-exec-8] c.t.security.JwtAuthenticationFilter     : JWT valid, email: subhodipb8@gmail.com
Hibernate: 
    select
        u1_0.id,
        u1_0.active,
        u1_0.created_at,
        u1_0.email,
        u1_0.first_name,
        u1_0.last_name,
        u1_0.password,
        u1_0.phone_number,
        u1_0.role,
        u1_0.updated_at,
        u1_0.verified 
    from
        users u1_0 
    where
        u1_0.email=?
Hibernate: 
    select
        tp1_0.id,
        tp1_0.average_rating,
        tp1_0.bio,
        tp1_0.created_at,
        tp1_0.hourly_rate,
        tp1_0.status,
        tp1_0.subject,
        tp1_0.total_sessions,
        tp1_0.updated_at,
        tp1_0.user_id,
        tp1_0.years_of_experience 
    from
        tutor_profiles tp1_0 
    where
        tp1_0.user_id=?
2026-04-29T20:49:10.432+05:30 DEBUG 41793 --- [peer-tutoring-backend] [nio-8080-exec-8] c.t.security.JwtAuthenticationFilter     : Authentication set for user: subhodipb8@gmail.com
2026-04-29T20:49:10.432+05:30 DEBUG 41793 --- [peer-tutoring-backend] [nio-8080-exec-8] o.s.security.web.FilterChainProxy        : Secured POST /api/sessions
2026-04-29T20:49:10.434+05:30 DEBUG 41793 --- [peer-tutoring-backend] [nio-8080-exec-8] horizationManagerBeforeMethodInterceptor : Authorizing method invocation ReflectiveMethodInvocation: public org.springframework.http.ResponseEntity com.tutoring.controller.SessionController.createSession(com.tutoring.security.UserDetailsImpl,com.tutoring.dto.SessionRequest); target is of class [com.tutoring.controller.SessionController]
2026-04-29T20:49:10.434+05:30 DEBUG 41793 --- [peer-tutoring-backend] [nio-8080-exec-8] horizationManagerBeforeMethodInterceptor : Authorized method invocation ReflectiveMethodInvocation: public org.springframework.http.ResponseEntity com.tutoring.controller.SessionController.createSession(com.tutoring.security.UserDetailsImpl,com.tutoring.dto.SessionRequest); target is of class [com.tutoring.controller.SessionController]
Hibernate: 
    select
        u1_0.id,
        u1_0.active,
        u1_0.created_at,
        u1_0.email,
        u1_0.first_name,
        u1_0.last_name,
        u1_0.password,
        u1_0.phone_number,
        u1_0.role,
        u1_0.updated_at,
        u1_0.verified 
    from
        users u1_0 
    where
        u1_0.id=?
Hibernate: 
    select
        tp1_0.id,
        tp1_0.average_rating,
        tp1_0.bio,
        tp1_0.created_at,
        tp1_0.hourly_rate,
        tp1_0.status,
        tp1_0.subject,
        tp1_0.total_sessions,
        tp1_0.updated_at,
        tp1_0.user_id,
        tp1_0.years_of_experience 
    from
        tutor_profiles tp1_0 
    where
        tp1_0.user_id=?
Hibernate: 
    select
        s1_0.id,
        s1_0.created_at,
        s1_0.description,
        s1_0.end_time,
        s1_0.enrolled_students,
        s1_0.max_students,
        s1_0.price,
        s1_0.start_time,
        s1_0.status,
        s1_0.subject,
        s1_0.title,
        s1_0.tutor_id,
        s1_0.type,
        s1_0.updated_at 
    from
        sessions s1_0 
    where
        s1_0.tutor_id=? 
        and (
            (
                s1_0.start_time between ? and ?
            ) 
            or (
                s1_0.end_time between ? and ?
            )
        )
Hibernate: 
    insert 
    into
        sessions
        (created_at, description, end_time, enrolled_students, max_students, price, start_time, status, subject, title, tutor_id, type, updated_at, id) 
    values
        (?, ?, ?, ?, ?, ?, ?, ?, ?, ?, ?, ?, ?, default)
2026-04-29T20:49:10.443+05:30 DEBUG 41793 --- [peer-tutoring-backend] [nio-8080-exec-6] o.s.security.web.FilterChainProxy        : Securing OPTIONS /api/tutor/bookings
2026-04-29T20:49:10.445+05:30 DEBUG 41793 --- [peer-tutoring-backend] [nio-8080-exec-2] o.s.security.web.FilterChainProxy        : Securing GET /api/tutor/bookings
2026-04-29T20:49:10.446+05:30 DEBUG 41793 --- [peer-tutoring-backend] [nio-8080-exec-2] c.t.security.JwtAuthenticationFilter     : JWT Token found: eyJhbGciOiJIUzM4NCJ9...
2026-04-29T20:49:10.447+05:30 DEBUG 41793 --- [peer-tutoring-backend] [nio-8080-exec-2] c.t.security.JwtAuthenticationFilter     : JWT valid, email: subhodipb8@gmail.com
Hibernate: 
    select
        u1_0.id,
        u1_0.active,
        u1_0.created_at,
        u1_0.email,
        u1_0.first_name,
        u1_0.last_name,
        u1_0.password,
        u1_0.phone_number,
        u1_0.role,
        u1_0.updated_at,
        u1_0.verified 
    from
        users u1_0 
    where
        u1_0.email=?
Hibernate: 
    select
        tp1_0.id,
        tp1_0.average_rating,
        tp1_0.bio,
        tp1_0.created_at,
        tp1_0.hourly_rate,
        tp1_0.status,
        tp1_0.subject,
        tp1_0.total_sessions,
        tp1_0.updated_at,
        tp1_0.user_id,
        tp1_0.years_of_experience 
    from
        tutor_profiles tp1_0 
    where
        tp1_0.user_id=?
2026-04-29T20:49:10.449+05:30 DEBUG 41793 --- [peer-tutoring-backend] [nio-8080-exec-2] c.t.security.JwtAuthenticationFilter     : Authentication set for user: subhodipb8@gmail.com
2026-04-29T20:49:10.450+05:30 DEBUG 41793 --- [peer-tutoring-backend] [nio-8080-exec-2] o.s.security.web.FilterChainProxy        : Secured GET /api/tutor/bookings
2026-04-29T20:49:10.450+05:30 DEBUG 41793 --- [peer-tutoring-backend] [nio-8080-exec-2] horizationManagerBeforeMethodInterceptor : Authorizing method invocation ReflectiveMethodInvocation: public org.springframework.http.ResponseEntity com.tutoring.controller.BookingController.getTutorBookings(com.tutoring.security.UserDetailsImpl); target is of class [com.tutoring.controller.BookingController]
2026-04-29T20:49:10.451+05:30 DEBUG 41793 --- [peer-tutoring-backend] [nio-8080-exec-2] horizationManagerBeforeMethodInterceptor : Authorized method invocation ReflectiveMethodInvocation: public org.springframework.http.ResponseEntity com.tutoring.controller.BookingController.getTutorBookings(com.tutoring.security.UserDetailsImpl); target is of class [com.tutoring.controller.BookingController]
Hibernate: 
    select
        b1_0.id,
        b1_0.amount,
        b1_0.cancelled_at,
        b1_0.completed_at,
        b1_0.confirmed_at,
        b1_0.created_at,
        b1_0.notes,
        b1_0.payment_status,
        b1_0.session_id,
        b1_0.status,
        b1_0.student_id,
        b1_0.updated_at 
    from
        bookings b1_0 
    left join
        sessions s1_0 
            on s1_0.id=b1_0.session_id 
    where
        s1_0.tutor_id=?
2026-04-29T20:49:10.455+05:30 DEBUG 41793 --- [peer-tutoring-backend] [nio-8080-exec-7] o.s.security.web.FilterChainProxy        : Securing OPTIONS /api/tutor/profile
2026-04-29T20:49:10.456+05:30 DEBUG 41793 --- [peer-tutoring-backend] [io-8080-exec-10] o.s.security.web.FilterChainProxy        : Securing GET /api/tutor/profile
2026-04-29T20:49:10.457+05:30 DEBUG 41793 --- [peer-tutoring-backend] [io-8080-exec-10] c.t.security.JwtAuthenticationFilter     : JWT Token found: eyJhbGciOiJIUzM4NCJ9...
2026-04-29T20:49:10.458+05:30 DEBUG 41793 --- [peer-tutoring-backend] [io-8080-exec-10] c.t.security.JwtAuthenticationFilter     : JWT valid, email: subhodipb8@gmail.com
Hibernate: 
    select
        u1_0.id,
        u1_0.active,
        u1_0.created_at,
        u1_0.email,
        u1_0.first_name,
        u1_0.last_name,
        u1_0.password,
        u1_0.phone_number,
        u1_0.role,
        u1_0.updated_at,
        u1_0.verified 
    from
        users u1_0 
    where
        u1_0.email=?
Hibernate: 
    select
        tp1_0.id,
        tp1_0.average_rating,
        tp1_0.bio,
        tp1_0.created_at,
        tp1_0.hourly_rate,
        tp1_0.status,
        tp1_0.subject,
        tp1_0.total_sessions,
        tp1_0.updated_at,
        tp1_0.user_id,
        tp1_0.years_of_experience 
    from
        tutor_profiles tp1_0 
    where
        tp1_0.user_id=?
2026-04-29T20:49:10.462+05:30 DEBUG 41793 --- [peer-tutoring-backend] [io-8080-exec-10] c.t.security.JwtAuthenticationFilter     : Authentication set for user: subhodipb8@gmail.com
2026-04-29T20:49:10.462+05:30 DEBUG 41793 --- [peer-tutoring-backend] [io-8080-exec-10] o.s.security.web.FilterChainProxy        : Secured GET /api/tutor/profile
2026-04-29T20:49:10.463+05:30 DEBUG 41793 --- [peer-tutoring-backend] [io-8080-exec-10] horizationManagerBeforeMethodInterceptor : Authorizing method invocation ReflectiveMethodInvocation: public org.springframework.http.ResponseEntity com.tutoring.controller.TutorController.getMyProfile(com.tutoring.security.UserDetailsImpl); target is of class [com.tutoring.controller.TutorController]
2026-04-29T20:49:10.463+05:30 DEBUG 41793 --- [peer-tutoring-backend] [io-8080-exec-10] horizationManagerBeforeMethodInterceptor : Authorized method invocation ReflectiveMethodInvocation: public org.springframework.http.ResponseEntity com.tutoring.controller.TutorController.getMyProfile(com.tutoring.security.UserDetailsImpl); target is of class [com.tutoring.controller.TutorController]
Hibernate: 
    select
        tp1_0.id,
        tp1_0.average_rating,
        tp1_0.bio,
        tp1_0.created_at,
        tp1_0.hourly_rate,
        tp1_0.status,
        tp1_0.subject,
        tp1_0.total_sessions,
        tp1_0.updated_at,
        tp1_0.user_id,
        tp1_0.years_of_experience 
    from
        tutor_profiles tp1_0 
    where
        tp1_0.user_id=?
Hibernate: 
    select
        u1_0.id,
        u1_0.active,
        u1_0.created_at,
        u1_0.email,
        u1_0.first_name,
        u1_0.last_name,
        u1_0.password,
        u1_0.phone_number,
        u1_0.role,
        u1_0.updated_at,
        u1_0.verified 
    from
        users u1_0 
    where
        u1_0.id=?
Hibernate: 
    select
        tp1_0.id,
        tp1_0.average_rating,
        tp1_0.bio,
        tp1_0.created_at,
        tp1_0.hourly_rate,
        tp1_0.status,
        tp1_0.subject,
        tp1_0.total_sessions,
        tp1_0.updated_at,
        tp1_0.user_id,
        tp1_0.years_of_experience 
    from
        tutor_profiles tp1_0 
    where
        tp1_0.user_id=?
Hibernate: 
    select
        s1_0.tutor_id,
        s1_0.subject_name 
    from
        tutor_subjects s1_0 
    where
        s1_0.tutor_id=?
2026-04-29T20:49:18.871+05:30 DEBUG 41793 --- [peer-tutoring-backend] [nio-8080-exec-9] o.s.security.web.FilterChainProxy        : Securing OPTIONS /api/tutors
2026-04-29T20:49:18.871+05:30 DEBUG 41793 --- [peer-tutoring-backend] [nio-8080-exec-1] o.s.security.web.FilterChainProxy        : Securing OPTIONS /api/tutors
2026-04-29T20:49:18.874+05:30 DEBUG 41793 --- [peer-tutoring-backend] [nio-8080-exec-5] o.s.security.web.FilterChainProxy        : Securing GET /api/tutors
2026-04-29T20:49:18.875+05:30 DEBUG 41793 --- [peer-tutoring-backend] [nio-8080-exec-5] c.t.security.JwtAuthenticationFilter     : JWT Token found: eyJhbGciOiJIUzM4NCJ9...
2026-04-29T20:49:18.876+05:30 DEBUG 41793 --- [peer-tutoring-backend] [nio-8080-exec-5] c.t.security.JwtAuthenticationFilter     : JWT valid, email: subhodipb8@gmail.com
Hibernate: 
    select
        u1_0.id,
        u1_0.active,
        u1_0.created_at,
        u1_0.email,
        u1_0.first_name,
        u1_0.last_name,
        u1_0.password,
        u1_0.phone_number,
        u1_0.role,
        u1_0.updated_at,
        u1_0.verified 
    from
        users u1_0 
    where
        u1_0.email=?
Hibernate: 
    select
        tp1_0.id,
        tp1_0.average_rating,
        tp1_0.bio,
        tp1_0.created_at,
        tp1_0.hourly_rate,
        tp1_0.status,
        tp1_0.subject,
        tp1_0.total_sessions,
        tp1_0.updated_at,
        tp1_0.user_id,
        tp1_0.years_of_experience 
    from
        tutor_profiles tp1_0 
    where
        tp1_0.user_id=?
2026-04-29T20:49:18.880+05:30 DEBUG 41793 --- [peer-tutoring-backend] [nio-8080-exec-5] c.t.security.JwtAuthenticationFilter     : Authentication set for user: subhodipb8@gmail.com
2026-04-29T20:49:18.881+05:30 DEBUG 41793 --- [peer-tutoring-backend] [nio-8080-exec-5] o.s.security.web.FilterChainProxy        : Secured GET /api/tutors
Hibernate: 
    select
        tp1_0.id,
        tp1_0.average_rating,
        tp1_0.bio,
        tp1_0.created_at,
        tp1_0.hourly_rate,
        tp1_0.status,
        tp1_0.subject,
        tp1_0.total_sessions,
        tp1_0.updated_at,
        tp1_0.user_id,
        tp1_0.years_of_experience 
    from
        tutor_profiles tp1_0 
    where
        tp1_0.status=?
Hibernate: 
    select
        u1_0.id,
        u1_0.active,
        u1_0.created_at,
        u1_0.email,
        u1_0.first_name,
        u1_0.last_name,
        u1_0.password,
        u1_0.phone_number,
        u1_0.role,
        u1_0.updated_at,
        u1_0.verified 
    from
        users u1_0 
    where
        u1_0.id=?
Hibernate: 
    select
        tp1_0.id,
        tp1_0.average_rating,
        tp1_0.bio,
        tp1_0.created_at,
        tp1_0.hourly_rate,
        tp1_0.status,
        tp1_0.subject,
        tp1_0.total_sessions,
        tp1_0.updated_at,
        tp1_0.user_id,
        tp1_0.years_of_experience 
    from
        tutor_profiles tp1_0 
    where
        tp1_0.user_id=?
Hibernate: 
    select
        s1_0.tutor_id,
        s1_0.subject_name 
    from
        tutor_subjects s1_0 
    where
        s1_0.tutor_id=?
2026-04-29T20:49:18.887+05:30 DEBUG 41793 --- [peer-tutoring-backend] [nio-8080-exec-3] o.s.security.web.FilterChainProxy        : Securing GET /api/tutors
2026-04-29T20:49:18.887+05:30 DEBUG 41793 --- [peer-tutoring-backend] [nio-8080-exec-3] c.t.security.JwtAuthenticationFilter     : JWT Token found: eyJhbGciOiJIUzM4NCJ9...
2026-04-29T20:49:18.888+05:30 DEBUG 41793 --- [peer-tutoring-backend] [nio-8080-exec-4] o.s.security.web.FilterChainProxy        : Securing GET /favicon.ico
2026-04-29T20:49:18.888+05:30 DEBUG 41793 --- [peer-tutoring-backend] [nio-8080-exec-3] c.t.security.JwtAuthenticationFilter     : JWT valid, email: subhodipb8@gmail.com
2026-04-29T20:49:18.888+05:30 DEBUG 41793 --- [peer-tutoring-backend] [nio-8080-exec-4] o.s.s.w.a.AnonymousAuthenticationFilter  : Set SecurityContextHolder to anonymous SecurityContext
Hibernate: 
    select
        u1_0.id,
        u1_0.active,
        u1_0.created_at,
        u1_0.email,
        u1_0.first_name,
        u1_0.last_name,
        u1_0.password,
        u1_0.phone_number,
        u1_0.role,
        u1_0.updated_at,
        u1_0.verified 
    from
        users u1_0 
    where
        u1_0.email=?
2026-04-29T20:49:18.889+05:30 DEBUG 41793 --- [peer-tutoring-backend] [nio-8080-exec-4] o.s.s.w.a.Http403ForbiddenEntryPoint     : Pre-authenticated entry point called. Rejecting access
2026-04-29T20:49:18.889+05:30 DEBUG 41793 --- [peer-tutoring-backend] [nio-8080-exec-4] o.s.security.web.FilterChainProxy        : Securing GET /error
Hibernate: 
    select
        tp1_0.id,
        tp1_0.average_rating,
        tp1_0.bio,
        tp1_0.created_at,
        tp1_0.hourly_rate,
        tp1_0.status,
        tp1_0.subject,
        tp1_0.total_sessions,
        tp1_0.updated_at,
        tp1_0.user_id,
        tp1_0.years_of_experience 
    from
        tutor_profiles tp1_0 
    where
        tp1_0.user_id=?
2026-04-29T20:49:18.890+05:30 DEBUG 41793 --- [peer-tutoring-backend] [nio-8080-exec-4] o.s.s.w.a.AnonymousAuthenticationFilter  : Set SecurityContextHolder to anonymous SecurityContext
2026-04-29T20:49:18.890+05:30 DEBUG 41793 --- [peer-tutoring-backend] [nio-8080-exec-4] o.s.s.w.a.Http403ForbiddenEntryPoint     : Pre-authenticated entry point called. Rejecting access
2026-04-29T20:49:18.891+05:30 DEBUG 41793 --- [peer-tutoring-backend] [nio-8080-exec-3] c.t.security.JwtAuthenticationFilter     : Authentication set for user: subhodipb8@gmail.com
2026-04-29T20:49:18.891+05:30 DEBUG 41793 --- [peer-tutoring-backend] [nio-8080-exec-3] o.s.security.web.FilterChainProxy        : Secured GET /api/tutors
Hibernate: 
    select
        tp1_0.id,
        tp1_0.average_rating,
        tp1_0.bio,
        tp1_0.created_at,
        tp1_0.hourly_rate,
        tp1_0.status,
        tp1_0.subject,
        tp1_0.total_sessions,
        tp1_0.updated_at,
        tp1_0.user_id,
        tp1_0.years_of_experience 
    from
        tutor_profiles tp1_0 
    where
        tp1_0.status=?
Hibernate: 
    select
        u1_0.id,
        u1_0.active,
        u1_0.created_at,
        u1_0.email,
        u1_0.first_name,
        u1_0.last_name,
        u1_0.password,
        u1_0.phone_number,
        u1_0.role,
        u1_0.updated_at,
        u1_0.verified 
    from
        users u1_0 
    where
        u1_0.id=?
Hibernate: 
    select
        tp1_0.id,
        tp1_0.average_rating,
        tp1_0.bio,
        tp1_0.created_at,
        tp1_0.hourly_rate,
        tp1_0.status,
        tp1_0.subject,
        tp1_0.total_sessions,
        tp1_0.updated_at,
        tp1_0.user_id,
        tp1_0.years_of_experience 
    from
        tutor_profiles tp1_0 
    where
        tp1_0.user_id=?
Hibernate: 
    select
        s1_0.tutor_id,
        s1_0.subject_name 
    from
        tutor_subjects s1_0 
    where
        s1_0.tutor_id=?
2026-04-29T20:49:22.972+05:30 DEBUG 41793 --- [peer-tutoring-backend] [nio-8080-exec-8] o.s.security.web.FilterChainProxy        : Securing GET /api/sessions/available
2026-04-29T20:49:22.973+05:30 DEBUG 41793 --- [peer-tutoring-backend] [nio-8080-exec-8] o.s.s.w.a.AnonymousAuthenticationFilter  : Set SecurityContextHolder to anonymous SecurityContext
2026-04-29T20:49:22.973+05:30 DEBUG 41793 --- [peer-tutoring-backend] [nio-8080-exec-8] o.s.security.web.FilterChainProxy        : Secured GET /api/sessions/available
Hibernate: 
    select
        s1_0.id,
        s1_0.created_at,
        s1_0.description,
        s1_0.end_time,
        s1_0.enrolled_students,
        s1_0.max_students,
        s1_0.price,
        s1_0.start_time,
        s1_0.status,
        s1_0.subject,
        s1_0.title,
        s1_0.tutor_id,
        s1_0.type,
        s1_0.updated_at 
    from
        sessions s1_0 
    where
        s1_0.status=?
Hibernate: 
    select
        u1_0.id,
        u1_0.active,
        u1_0.created_at,
        u1_0.email,
        u1_0.first_name,
        u1_0.last_name,
        u1_0.password,
        u1_0.phone_number,
        u1_0.role,
        u1_0.updated_at,
        u1_0.verified 
    from
        users u1_0 
    where
        u1_0.id=?
Hibernate: 
    select
        tp1_0.id,
        tp1_0.average_rating,
        tp1_0.bio,
        tp1_0.created_at,
        tp1_0.hourly_rate,
        tp1_0.status,
        tp1_0.subject,
        tp1_0.total_sessions,
        tp1_0.updated_at,
        tp1_0.user_id,
        tp1_0.years_of_experience 
    from
        tutor_profiles tp1_0 
    where
        tp1_0.user_id=?
2026-04-29T20:49:22.980+05:30 DEBUG 41793 --- [peer-tutoring-backend] [nio-8080-exec-6] o.s.security.web.FilterChainProxy        : Securing GET /api/sessions/available
2026-04-29T20:49:22.980+05:30 DEBUG 41793 --- [peer-tutoring-backend] [nio-8080-exec-6] o.s.s.w.a.AnonymousAuthenticationFilter  : Set SecurityContextHolder to anonymous SecurityContext
2026-04-29T20:49:22.982+05:30 DEBUG 41793 --- [peer-tutoring-backend] [nio-8080-exec-6] o.s.security.web.FilterChainProxy        : Secured GET /api/sessions/available
Hibernate: 
    select
        s1_0.id,
        s1_0.created_at,
        s1_0.description,
        s1_0.end_time,
        s1_0.enrolled_students,
        s1_0.max_students,
        s1_0.price,
        s1_0.start_time,
        s1_0.status,
        s1_0.subject,
        s1_0.title,
        s1_0.tutor_id,
        s1_0.type,
        s1_0.updated_at 
    from
        sessions s1_0 
    where
        s1_0.status=?
Hibernate: 
    select
        u1_0.id,
        u1_0.active,
        u1_0.created_at,
        u1_0.email,
        u1_0.first_name,
        u1_0.last_name,
        u1_0.password,
        u1_0.phone_number,
        u1_0.role,
        u1_0.updated_at,
        u1_0.verified 
    from
        users u1_0 
    where
        u1_0.id=?
2026-04-29T20:49:22.987+05:30 DEBUG 41793 --- [peer-tutoring-backend] [nio-8080-exec-2] o.s.security.web.FilterChainProxy        : Securing GET /favicon.ico
2026-04-29T20:49:22.987+05:30 DEBUG 41793 --- [peer-tutoring-backend] [nio-8080-exec-2] o.s.s.w.a.AnonymousAuthenticationFilter  : Set SecurityContextHolder to anonymous SecurityContext
Hibernate: 
    select
        tp1_0.id,
        tp1_0.average_rating,
        tp1_0.bio,
        tp1_0.created_at,
        tp1_0.hourly_rate,
        tp1_0.status,
        tp1_0.subject,
        tp1_0.total_sessions,
        tp1_0.updated_at,
        tp1_0.user_id,
        tp1_0.years_of_experience 
    from
        tutor_profiles tp1_0 
    where
        tp1_0.user_id=?
2026-04-29T20:49:22.988+05:30 DEBUG 41793 --- [peer-tutoring-backend] [nio-8080-exec-2] o.s.s.w.a.Http403ForbiddenEntryPoint     : Pre-authenticated entry point called. Rejecting access
2026-04-29T20:49:22.989+05:30 DEBUG 41793 --- [peer-tutoring-backend] [nio-8080-exec-2] o.s.security.web.FilterChainProxy        : Securing GET /error
2026-04-29T20:49:22.991+05:30 DEBUG 41793 --- [peer-tutoring-backend] [nio-8080-exec-2] o.s.s.w.a.AnonymousAuthenticationFilter  : Set SecurityContextHolder to anonymous SecurityContext
2026-04-29T20:49:22.991+05:30 DEBUG 41793 --- [peer-tutoring-backend] [nio-8080-exec-2] o.s.s.w.a.Http403ForbiddenEntryPoint     : Pre-authenticated entry point called. Rejecting access
2026-04-29T20:49:25.217+05:30 DEBUG 41793 --- [peer-tutoring-backend] [nio-8080-exec-7] o.s.security.web.FilterChainProxy        : Securing GET /favicon.ico
2026-04-29T20:49:25.217+05:30 DEBUG 41793 --- [peer-tutoring-backend] [nio-8080-exec-7] o.s.s.w.a.AnonymousAuthenticationFilter  : Set SecurityContextHolder to anonymous SecurityContext
2026-04-29T20:49:25.218+05:30 DEBUG 41793 --- [peer-tutoring-backend] [nio-8080-exec-7] o.s.s.w.a.Http403ForbiddenEntryPoint     : Pre-authenticated entry point called. Rejecting access
2026-04-29T20:49:25.218+05:30 DEBUG 41793 --- [peer-tutoring-backend] [nio-8080-exec-7] o.s.security.web.FilterChainProxy        : Securing GET /error
2026-04-29T20:49:25.219+05:30 DEBUG 41793 --- [peer-tutoring-backend] [nio-8080-exec-7] o.s.s.w.a.AnonymousAuthenticationFilter  : Set SecurityContextHolder to anonymous SecurityContext
2026-04-29T20:49:25.219+05:30 DEBUG 41793 --- [peer-tutoring-backend] [nio-8080-exec-7] o.s.s.w.a.Http403ForbiddenEntryPoint     : Pre-authenticated entry point called. Rejecting access
2026-04-29T21:31:21.389+05:30  WARN 41793 --- [peer-tutoring-backend] [l-1 housekeeper] com.zaxxer.hikari.pool.HikariPool        : HikariPool-1 - Thread starvation or clock leap detected (housekeeper delta=15m28s66ms).
2026-04-29T21:47:19.443+05:30  WARN 41793 --- [peer-tutoring-backend] [l-1 housekeeper] com.zaxxer.hikari.pool.HikariPool        : HikariPool-1 - Thread starvation or clock leap detected (housekeeper delta=15m28s24ms).
2026-04-30T00:08:41.111+05:30  WARN 41793 --- [peer-tutoring-backend] [l-1 housekeeper] com.zaxxer.hikari.pool.HikariPool        : HikariPool-1 - Thread starvation or clock leap detected (housekeeper delta=1m49s282ms).
2026-04-30T01:37:43.552+05:30  WARN 41793 --- [peer-tutoring-backend] [l-1 housekeeper] com.zaxxer.hikari.pool.HikariPool        : HikariPool-1 - Thread starvation or clock leap detected (housekeeper delta=16m19s117ms).
2026-04-30T01:55:40.364+05:30  WARN 41793 --- [peer-tutoring-backend] [l-1 housekeeper] com.zaxxer.hikari.pool.HikariPool        : HikariPool-1 - Thread starvation or clock leap detected (housekeeper delta=17m26s802ms).
2026-04-30T02:14:00.307+05:30  WARN 41793 --- [peer-tutoring-backend] [l-1 housekeeper] com.zaxxer.hikari.pool.HikariPool        : HikariPool-1 - Thread starvation or clock leap detected (housekeeper delta=17m49s917ms).
2026-04-30T02:30:03.579+05:30  WARN 41793 --- [peer-tutoring-backend] [l-1 housekeeper] com.zaxxer.hikari.pool.HikariPool        : HikariPool-1 - Thread starvation or clock leap detected (housekeeper delta=15m33s285ms).
2026-04-30T03:48:37.394+05:30  WARN 41793 --- [peer-tutoring-backend] [l-1 housekeeper] com.zaxxer.hikari.pool.HikariPool        : HikariPool-1 - Thread starvation or clock leap detected (housekeeper delta=16m1s340ms).
2026-04-30T06:14:45.525+05:30  WARN 41793 --- [peer-tutoring-backend] [l-1 housekeeper] com.zaxxer.hikari.pool.HikariPool        : HikariPool-1 - Thread starvation or clock leap detected (housekeeper delta=15m30s175ms).
2026-04-30T06:31:09.545+05:30  WARN 41793 --- [peer-tutoring-backend] [l-1 housekeeper] com.zaxxer.hikari.pool.HikariPool        : HikariPool-1 - Thread starvation or clock leap detected (housekeeper delta=15m54s42ms).
2026-04-30T06:47:50.724+05:30  WARN 41793 --- [peer-tutoring-backend] [l-1 housekeeper] com.zaxxer.hikari.pool.HikariPool        : HikariPool-1 - Thread starvation or clock leap detected (housekeeper delta=16m11s154ms).
2026-04-30T08:26:28.015+05:30  WARN 41793 --- [peer-tutoring-backend] [l-1 housekeeper] com.zaxxer.hikari.pool.HikariPool        : HikariPool-1 - Thread starvation or clock leap detected (housekeeper delta=17m13s809ms).
2026-04-30T08:44:00.837+05:30  WARN 41793 --- [peer-tutoring-backend] [l-1 housekeeper] com.zaxxer.hikari.pool.HikariPool        : HikariPool-1 - Thread starvation or clock leap detected (housekeeper delta=17m2s813ms).
2026-04-30T09:02:12.925+05:30  WARN 41793 --- [peer-tutoring-backend] [l-1 housekeeper] com.zaxxer.hikari.pool.HikariPool        : HikariPool-1 - Thread starvation or clock leap detected (housekeeper delta=17m42s83ms).
2026-04-30T09:52:07.143+05:30  WARN 41793 --- [peer-tutoring-backend] [l-1 housekeeper] com.zaxxer.hikari.pool.HikariPool        : HikariPool-1 - Thread starvation or clock leap detected (housekeeper delta=52s326ms).
2026-04-30T09:53:23.166+05:30  WARN 41793 --- [peer-tutoring-backend] [l-1 housekeeper] com.zaxxer.hikari.pool.HikariPool        : HikariPool-1 - Thread starvation or clock leap detected (housekeeper delta=1m16s24ms).
2026-04-30T09:54:14.109+05:30  WARN 41793 --- [peer-tutoring-backend] [l-1 housekeeper] com.zaxxer.hikari.pool.HikariPool        : HikariPool-1 - Thread starvation or clock leap detected (housekeeper delta=50s943ms).
2026-04-30T09:55:44.313+05:30  WARN 41793 --- [peer-tutoring-backend] [l-1 housekeeper] com.zaxxer.hikari.pool.HikariPool        : HikariPool-1 - Thread starvation or clock leap detected (housekeeper delta=50s597ms).
2026-04-30T09:56:46.832+05:30  WARN 41793 --- [peer-tutoring-backend] [l-1 housekeeper] com.zaxxer.hikari.pool.HikariPool        : HikariPool-1 - Thread starvation or clock leap detected (housekeeper delta=1m2s517ms).
2026-04-30T09:57:53.471+05:30  WARN 41793 --- [peer-tutoring-backend] [l-1 housekeeper] com.zaxxer.hikari.pool.HikariPool        : HikariPool-1 - Thread starvation or clock leap detected (housekeeper delta=1m6s640ms).
2026-04-30T09:58:40.694+05:30  WARN 41793 --- [peer-tutoring-backend] [l-1 housekeeper] com.zaxxer.hikari.pool.HikariPool        : HikariPool-1 - Thread starvation or clock leap detected (housekeeper delta=47s223ms).
2026-04-30T09:59:35.385+05:30  WARN 41793 --- [peer-tutoring-backend] [l-1 housekeeper] com.zaxxer.hikari.pool.HikariPool        : HikariPool-1 - Thread starvation or clock leap detected (housekeeper delta=54s691ms).
2026-04-30T10:00:26.156+05:30  WARN 41793 --- [peer-tutoring-backend] [l-1 housekeeper] com.zaxxer.hikari.pool.HikariPool        : HikariPool-1 - Thread starvation or clock leap detected (housekeeper delta=50s772ms).
2026-04-30T10:02:02.170+05:30  WARN 41793 --- [peer-tutoring-backend] [l-1 housekeeper] com.zaxxer.hikari.pool.HikariPool        : HikariPool-1 - Thread starvation or clock leap detected (housekeeper delta=56s607ms).
2026-04-30T10:04:07.765+05:30  WARN 41793 --- [peer-tutoring-backend] [l-1 housekeeper] com.zaxxer.hikari.pool.HikariPool        : HikariPool-1 - Thread starvation or clock leap detected (housekeeper delta=48s880ms).
2026-04-30T10:05:35.768+05:30  WARN 41793 --- [peer-tutoring-backend] [l-1 housekeeper] com.zaxxer.hikari.pool.HikariPool        : HikariPool-1 - Thread starvation or clock leap detected (housekeeper delta=50s720ms).
2026-04-30T10:06:22.785+05:30  WARN 41793 --- [peer-tutoring-backend] [l-1 housekeeper] com.zaxxer.hikari.pool.HikariPool        : HikariPool-1 - Thread starvation or clock leap detected (housekeeper delta=47s17ms).
2026-04-30T10:07:11.589+05:30  WARN 41793 --- [peer-tutoring-backend] [l-1 housekeeper] com.zaxxer.hikari.pool.HikariPool        : HikariPool-1 - Thread starvation or clock leap detected (housekeeper delta=48s803ms).
2026-04-30T10:07:58.721+05:30  WARN 41793 --- [peer-tutoring-backend] [l-1 housekeeper] com.zaxxer.hikari.pool.HikariPool        : HikariPool-1 - Thread starvation or clock leap detected (housekeeper delta=47s133ms).
2026-04-30T10:42:54.976+05:30  WARN 41793 --- [peer-tutoring-backend] [l-1 housekeeper] com.zaxxer.hikari.pool.HikariPool        : HikariPool-1 - Thread starvation or clock leap detected (housekeeper delta=33m36s274ms).
2026-04-30T10:55:00.129+05:30  WARN 41793 --- [peer-tutoring-backend] [l-1 housekeeper] com.zaxxer.hikari.pool.HikariPool        : HikariPool-1 - Thread starvation or clock leap detected (housekeeper delta=10m35s124ms).
2026-04-30T11:10:42.712+05:30  WARN 41793 --- [peer-tutoring-backend] [l-1 housekeeper] com.zaxxer.hikari.pool.HikariPool        : HikariPool-1 - Thread starvation or clock leap detected (housekeeper delta=15m42s584ms).
2026-04-30T12:41:01.340+05:30  WARN 41793 --- [peer-tutoring-backend] [l-1 housekeeper] com.zaxxer.hikari.pool.HikariPool        : HikariPool-1 - Thread starvation or clock leap detected (housekeeper delta=1h22m57s86ms).
2026-04-30T12:58:55.324+05:30  WARN 41793 --- [peer-tutoring-backend] [l-1 housekeeper] com.zaxxer.hikari.pool.HikariPool        : HikariPool-1 - Thread starvation or clock leap detected (housekeeper delta=16m39s630ms).
2026-04-30T13:00:21.327+05:30  WARN 41793 --- [peer-tutoring-backend] [l-1 housekeeper] com.zaxxer.hikari.pool.HikariPool        : HikariPool-1 - Thread starvation or clock leap detected (housekeeper delta=52s547ms).
2026-04-30T13:01:59.582+05:30  WARN 41793 --- [peer-tutoring-backend] [l-1 housekeeper] com.zaxxer.hikari.pool.HikariPool        : HikariPool-1 - Thread starvation or clock leap detected (housekeeper delta=54s985ms).
2026-04-30T13:02:50.597+05:30  WARN 41793 --- [peer-tutoring-backend] [l-1 housekeeper] com.zaxxer.hikari.pool.HikariPool        : HikariPool-1 - Thread starvation or clock leap detected (housekeeper delta=51s15ms).
2026-04-30T13:04:22.515+05:30  WARN 41793 --- [peer-tutoring-backend] [l-1 housekeeper] com.zaxxer.hikari.pool.HikariPool        : HikariPool-1 - Thread starvation or clock leap detected (housekeeper delta=52s634ms).
2026-04-30T13:05:26.940+05:30  WARN 41793 --- [peer-tutoring-backend] [l-1 housekeeper] com.zaxxer.hikari.pool.HikariPool        : HikariPool-1 - Thread starvation or clock leap detected (housekeeper delta=1m4s426ms).
2026-04-30T13:06:14.183+05:30  WARN 41793 --- [peer-tutoring-backend] [l-1 housekeeper] com.zaxxer.hikari.pool.HikariPool        : HikariPool-1 - Thread starvation or clock leap detected (housekeeper delta=47s243ms).
2026-04-30T14:14:03.211+05:30  WARN 41793 --- [peer-tutoring-backend] [l-1 housekeeper] com.zaxxer.hikari.pool.HikariPool        : HikariPool-1 - Thread starvation or clock leap detected (housekeeper delta=14m33s937ms).
2026-04-30T15:39:56.737+05:30  WARN 41793 --- [peer-tutoring-backend] [l-1 housekeeper] com.zaxxer.hikari.pool.HikariPool        : HikariPool-1 - Thread starvation or clock leap detected (housekeeper delta=31m59s942ms).
2026-04-30T16:47:14.079+05:30  WARN 41793 --- [peer-tutoring-backend] [l-1 housekeeper] com.zaxxer.hikari.pool.HikariPool        : HikariPool-1 - Thread starvation or clock leap detected (housekeeper delta=1h7m17s341ms).
2026-04-30T17:42:16.181+05:30  WARN 41793 --- [peer-tutoring-backend] [l-1 housekeeper] com.zaxxer.hikari.pool.HikariPool        : HikariPool-1 - Thread starvation or clock leap detected (housekeeper delta=55m2s103ms).
2026-04-30T19:10:12.404+05:30  WARN 41793 --- [peer-tutoring-backend] [l-1 housekeeper] com.zaxxer.hikari.pool.HikariPool        : HikariPool-1 - Thread starvation or clock leap detected (housekeeper delta=1h27m56s223ms).
2026-04-30T20:11:14.800+05:30  WARN 41793 --- [peer-tutoring-backend] [l-1 housekeeper] com.zaxxer.hikari.pool.HikariPool        : HikariPool-1 - Thread starvation or clock leap detected (housekeeper delta=1h1m2s395ms).
2026-04-30T20:33:01.499+05:30  WARN 41793 --- [peer-tutoring-backend] [l-1 housekeeper] com.zaxxer.hikari.pool.HikariPool        : HikariPool-1 - Thread starvation or clock leap detected (housekeeper delta=21m46s695ms).
2026-04-30T20:39:29.001+05:30  WARN 41793 --- [peer-tutoring-backend] [l-1 housekeeper] com.zaxxer.hikari.pool.HikariPool        : HikariPool-1 - Thread starvation or clock leap detected (housekeeper delta=6m27s506ms).
