
  .   ____          _            __ _ _
 /\\ / ___'_ __ _ _(_)_ __  __ _ \ \ \ \
( ( )\___ | '_ | '_| | '_ \/ _` | \ \ \ \
 \\/  ___)| |_)| | | | | || (_| |  ) ) ) )
  '  |____| .__|_| |_|_| |_\__, | / / / /
 =========|_|==============|___/=/_/_/_/
 :: Spring Boot ::                (v3.2.0)

2026-05-03T15:32:34.297+05:30  INFO 75622 --- [peer-tutoring-backend] [  restartedMain] com.tutoring.PeerTutoringApplication     : Starting PeerTutoringApplication using Java 25.0.2 with PID 75622 (/Users/subhodipanwesa/Documents/BITS_WILP/FullStack/AnwesaAssignment1/peer-tutoring-platform/backend/target/classes started by subhodipanwesa in /Users/subhodipanwesa/Documents/BITS_WILP/FullStack/AnwesaAssignment1/peer-tutoring-platform/backend)
2026-05-03T15:32:34.299+05:30 DEBUG 75622 --- [peer-tutoring-backend] [  restartedMain] com.tutoring.PeerTutoringApplication     : Running with Spring Boot v3.2.0, Spring v6.1.1
2026-05-03T15:32:34.299+05:30  INFO 75622 --- [peer-tutoring-backend] [  restartedMain] com.tutoring.PeerTutoringApplication     : No active profile set, falling back to 1 default profile: "default"
2026-05-03T15:32:34.354+05:30  INFO 75622 --- [peer-tutoring-backend] [  restartedMain] .e.DevToolsPropertyDefaultsPostProcessor : Devtools property defaults active! Set 'spring.devtools.add-properties' to 'false' to disable
2026-05-03T15:32:34.354+05:30  INFO 75622 --- [peer-tutoring-backend] [  restartedMain] .e.DevToolsPropertyDefaultsPostProcessor : For additional web related logging consider setting the 'logging.level.web' property to 'DEBUG'
2026-05-03T15:32:35.086+05:30  INFO 75622 --- [peer-tutoring-backend] [  restartedMain] .s.d.r.c.RepositoryConfigurationDelegate : Bootstrapping Spring Data JPA repositories in DEFAULT mode.
2026-05-03T15:32:35.149+05:30  INFO 75622 --- [peer-tutoring-backend] [  restartedMain] .s.d.r.c.RepositoryConfigurationDelegate : Finished Spring Data repository scanning in 57 ms. Found 6 JPA repository interfaces.
WARNING: A restricted method in java.lang.System has been called
WARNING: java.lang.System::load has been called by org.apache.tomcat.jni.Library in an unnamed module (file:/Users/subhodipanwesa/.m2/repository/org/apache/tomcat/embed/tomcat-embed-core/10.1.16/tomcat-embed-core-10.1.16.jar)
WARNING: Use --enable-native-access=ALL-UNNAMED to avoid a warning for callers in this module
WARNING: Restricted methods will be blocked in a future release unless native access is enabled

2026-05-03T15:32:35.770+05:30  INFO 75622 --- [peer-tutoring-backend] [  restartedMain] o.s.b.w.embedded.tomcat.TomcatWebServer  : Tomcat initialized with port 8080 (http)
2026-05-03T15:32:35.777+05:30  INFO 75622 --- [peer-tutoring-backend] [  restartedMain] o.apache.catalina.core.StandardService   : Starting service [Tomcat]
2026-05-03T15:32:35.778+05:30  INFO 75622 --- [peer-tutoring-backend] [  restartedMain] o.apache.catalina.core.StandardEngine    : Starting Servlet engine: [Apache Tomcat/10.1.16]
2026-05-03T15:32:35.813+05:30  INFO 75622 --- [peer-tutoring-backend] [  restartedMain] o.a.c.c.C.[Tomcat].[localhost].[/]       : Initializing Spring embedded WebApplicationContext
2026-05-03T15:32:35.814+05:30  INFO 75622 --- [peer-tutoring-backend] [  restartedMain] w.s.c.ServletWebServerApplicationContext : Root WebApplicationContext: initialization completed in 1459 ms
2026-05-03T15:32:35.845+05:30  INFO 75622 --- [peer-tutoring-backend] [  restartedMain] com.zaxxer.hikari.HikariDataSource       : HikariPool-1 - Starting...
2026-05-03T15:32:36.011+05:30  INFO 75622 --- [peer-tutoring-backend] [  restartedMain] com.zaxxer.hikari.pool.HikariPool        : HikariPool-1 - Added connection conn0: url=jdbc:h2:mem:peer_tutoring user=SA
2026-05-03T15:32:36.013+05:30  INFO 75622 --- [peer-tutoring-backend] [  restartedMain] com.zaxxer.hikari.HikariDataSource       : HikariPool-1 - Start completed.
2026-05-03T15:32:36.023+05:30  INFO 75622 --- [peer-tutoring-backend] [  restartedMain] o.s.b.a.h2.H2ConsoleAutoConfiguration    : H2 console available at '/h2-console'. Database available at 'jdbc:h2:mem:peer_tutoring'
2026-05-03T15:32:36.135+05:30  INFO 75622 --- [peer-tutoring-backend] [  restartedMain] o.hibernate.jpa.internal.util.LogHelper  : HHH000204: Processing PersistenceUnitInfo [name: default]
2026-05-03T15:32:36.183+05:30  INFO 75622 --- [peer-tutoring-backend] [  restartedMain] org.hibernate.Version                    : HHH000412: Hibernate ORM core version 6.3.1.Final
2026-05-03T15:32:36.212+05:30  INFO 75622 --- [peer-tutoring-backend] [  restartedMain] o.h.c.internal.RegionFactoryInitiator    : HHH000026: Second-level cache disabled
2026-05-03T15:32:36.386+05:30  INFO 75622 --- [peer-tutoring-backend] [  restartedMain] o.s.o.j.p.SpringPersistenceUnitInfo      : No LoadTimeWeaver setup: ignoring JPA class transformer
2026-05-03T15:32:36.426+05:30  WARN 75622 --- [peer-tutoring-backend] [  restartedMain] org.hibernate.orm.deprecation            : HHH90000025: H2Dialect does not need to be specified explicitly using 'hibernate.dialect' (remove the property setting and it will be selected by default)
2026-05-03T15:32:37.268+05:30  INFO 75622 --- [peer-tutoring-backend] [  restartedMain] o.h.e.t.j.p.i.JtaPlatformInitiator       : HHH000489: No JTA platform available (set 'hibernate.transaction.jta.platform' to enable JTA platform integration)
Hibernate: 
    drop table if exists bookings cascade 
Hibernate: 
    drop table if exists payouts cascade 
Hibernate: 
    drop table if exists ratings cascade 
Hibernate: 
    drop table if exists sessions cascade 
Hibernate: 
    drop table if exists tutor_profiles cascade 
Hibernate: 
    drop table if exists tutor_subjects cascade 
Hibernate: 
    drop table if exists users cascade 
Hibernate: 
    create table bookings (
        amount numeric(38,2) not null,
        cancelled_at timestamp(6),
        completed_at timestamp(6),
        confirmed_at timestamp(6),
        created_at timestamp(6),
        id bigint generated by default as identity,
        session_id bigint not null,
        student_id bigint not null,
        updated_at timestamp(6),
        notes TEXT,
        payment_status varchar(255) not null check (payment_status in ('PENDING','HELD','RELEASED_TO_TUTOR','REFUNDED')),
        status varchar(255) not null check (status in ('PENDING','CONFIRMED','CANCELLED','COMPLETED','NO_SHOW')),
        primary key (id)
    )
Hibernate: 
    create table payouts (
        amount numeric(38,2) not null,
        created_at timestamp(6),
        id bigint generated by default as identity,
        processed_at timestamp(6),
        processed_by bigint,
        tutor_id bigint not null,
        updated_at timestamp(6),
        currency varchar(255) not null,
        notes TEXT,
        payment_method varchar(255),
        status varchar(255) not null check (status in ('PENDING','PROCESSING','COMPLETED','FAILED','CANCELLED')),
        transaction_id varchar(255),
        primary key (id)
    )
Hibernate: 
    create table ratings (
        rating integer not null,
        visible boolean not null,
        booking_id bigint not null unique,
        created_at timestamp(6),
        id bigint generated by default as identity,
        student_id bigint not null,
        tutor_id bigint not null,
        review TEXT,
        primary key (id)
    )
Hibernate: 
    create table sessions (
        enrolled_students integer not null,
        max_students integer not null,
        price numeric(38,2) not null,
        created_at timestamp(6),
        end_time timestamp(6) not null,
        id bigint generated by default as identity,
        start_time timestamp(6) not null,
        tutor_id bigint not null,
        updated_at timestamp(6),
        description TEXT,
        status varchar(255) not null check (status in ('AVAILABLE','BOOKED','COMPLETED','CANCELLED')),
        subject varchar(255) not null,
        title varchar(255) not null,
        type varchar(255) not null check (type in ('ONE_ON_ONE','GROUP')),
        primary key (id)
    )
Hibernate: 
    create table tutor_profiles (
        average_rating float(53) not null,
        hourly_rate numeric(38,2) not null,
        total_sessions integer not null,
        years_of_experience integer not null,
        created_at timestamp(6),
        id bigint generated by default as identity,
        updated_at timestamp(6),
        user_id bigint not null unique,
        bio TEXT,
        status varchar(255) not null check (status in ('PENDING','APPROVED','REJECTED','SUSPENDED')),
        subject varchar(255) not null,
        primary key (id)
    )
Hibernate: 
    create table tutor_subjects (
        tutor_id bigint not null,
        subject_name varchar(255)
    )
Hibernate: 
    create table users (
        active boolean not null,
        verified boolean not null,
        created_at timestamp(6),
        id bigint generated by default as identity,
        updated_at timestamp(6),
        email varchar(255) not null unique,
        first_name varchar(255) not null,
        last_name varchar(255) not null,
        password varchar(255) not null,
        phone_number varchar(255) not null,
        role varchar(255) not null check (role in ('STUDENT','TUTOR','ADMIN')),
        primary key (id)
    )
Hibernate: 
    alter table if exists bookings 
       add constraint FKfg6xvotwaostibap50ygb2lnm 
       foreign key (session_id) 
       references sessions
Hibernate: 
    alter table if exists bookings 
       add constraint FKar27os7sd4oj16rjdimbedgtf 
       foreign key (student_id) 
       references users
Hibernate: 
    alter table if exists payouts 
       add constraint FKaveudrlotilbdhwuqkxi7toao 
       foreign key (processed_by) 
       references users
Hibernate: 
    alter table if exists payouts 
       add constraint FKmyr63si06veiss0sdlijxk4sv 
       foreign key (tutor_id) 
       references users
Hibernate: 
    alter table if exists ratings 
       add constraint FKkp31uofkhlk6pvyvmu3xcblkk 
       foreign key (booking_id) 
       references bookings
Hibernate: 
    alter table if exists ratings 
       add constraint FK23wyif4jd4acjls8dmx0tubgm 
       foreign key (student_id) 
       references users
Hibernate: 
    alter table if exists ratings 
       add constraint FKbme7uo60pg48ym3ob825t9yn8 
       foreign key (tutor_id) 
       references users
Hibernate: 
    alter table if exists sessions 
       add constraint FKrieybhh68nkjp8cpuskve7ejy 
       foreign key (tutor_id) 
       references users
Hibernate: 
    alter table if exists tutor_profiles 
       add constraint FK3h4hc71bbx1xyce6kbjm1bagn 
       foreign key (user_id) 
       references users
Hibernate: 
    alter table if exists tutor_subjects 
       add constraint FKh7sy16t30qo5mth2tr3fhoy5s 
       foreign key (tutor_id) 
       references tutor_profiles
2026-05-03T15:32:37.337+05:30  INFO 75622 --- [peer-tutoring-backend] [  restartedMain] j.LocalContainerEntityManagerFactoryBean : Initialized JPA EntityManagerFactory for persistence unit 'default'
2026-05-03T15:32:37.644+05:30 DEBUG 75622 --- [peer-tutoring-backend] [  restartedMain] c.t.security.JwtAuthenticationFilter     : Filter 'jwtAuthenticationFilter' configured for use
2026-05-03T15:32:37.688+05:30  INFO 75622 --- [peer-tutoring-backend] [  restartedMain] o.s.d.j.r.query.QueryEnhancerFactory     : Hibernate is in classpath; If applicable, HQL parser will be used.
2026-05-03T15:32:38.486+05:30  WARN 75622 --- [peer-tutoring-backend] [  restartedMain] JpaBaseConfiguration$JpaWebConfiguration : spring.jpa.open-in-view is enabled by default. Therefore, database queries may be performed during view rendering. Explicitly configure spring.jpa.open-in-view to disable this warning
2026-05-03T15:32:38.797+05:30  INFO 75622 --- [peer-tutoring-backend] [  restartedMain] o.s.s.web.DefaultSecurityFilterChain     : Will secure any request with [org.springframework.security.web.session.DisableEncodeUrlFilter@107b68da, org.springframework.security.web.context.request.async.WebAsyncManagerIntegrationFilter@141f0741, org.springframework.security.web.context.SecurityContextHolderFilter@582691df, org.springframework.security.web.header.HeaderWriterFilter@2652b853, org.springframework.web.filter.CorsFilter@4a1f80f, org.springframework.security.web.authentication.logout.LogoutFilter@353bc167, com.tutoring.security.JwtAuthenticationFilter@389d247f, org.springframework.security.web.savedrequest.RequestCacheAwareFilter@3359de91, org.springframework.security.web.servletapi.SecurityContextHolderAwareRequestFilter@3797f42b, org.springframework.security.web.authentication.AnonymousAuthenticationFilter@368d08c3, org.springframework.security.web.session.SessionManagementFilter@29badc1c, org.springframework.security.web.access.ExceptionTranslationFilter@c744ccd, org.springframework.security.web.access.intercept.AuthorizationFilter@624cc599]
2026-05-03T15:32:39.116+05:30  INFO 75622 --- [peer-tutoring-backend] [  restartedMain] o.s.b.d.a.OptionalLiveReloadServer       : LiveReload server is running on port 35729
2026-05-03T15:32:39.142+05:30  INFO 75622 --- [peer-tutoring-backend] [  restartedMain] o.s.b.w.embedded.tomcat.TomcatWebServer  : Tomcat started on port 8080 (http) with context path ''
2026-05-03T15:32:39.154+05:30  INFO 75622 --- [peer-tutoring-backend] [  restartedMain] com.tutoring.PeerTutoringApplication     : Started PeerTutoringApplication in 5.164 seconds (process running for 5.519)
Hibernate: 
    select
        count(*) 
    from
        users u1_0
Initializing test data...
Hibernate: 
    insert 
    into
        users
        (active, created_at, email, first_name, last_name, password, phone_number, role, updated_at, verified, id) 
    values
        (?, ?, ?, ?, ?, ?, ?, ?, ?, ?, default)
Hibernate: 
    insert 
    into
        users
        (active, created_at, email, first_name, last_name, password, phone_number, role, updated_at, verified, id) 
    values
        (?, ?, ?, ?, ?, ?, ?, ?, ?, ?, default)
Hibernate: 
    insert 
    into
        users
        (active, created_at, email, first_name, last_name, password, phone_number, role, updated_at, verified, id) 
    values
        (?, ?, ?, ?, ?, ?, ?, ?, ?, ?, default)
Hibernate: 
    insert 
    into
        users
        (active, created_at, email, first_name, last_name, password, phone_number, role, updated_at, verified, id) 
    values
        (?, ?, ?, ?, ?, ?, ?, ?, ?, ?, default)
Hibernate: 
    insert 
    into
        users
        (active, created_at, email, first_name, last_name, password, phone_number, role, updated_at, verified, id) 
    values
        (?, ?, ?, ?, ?, ?, ?, ?, ?, ?, default)
Hibernate: 
    insert 
    into
        users
        (active, created_at, email, first_name, last_name, password, phone_number, role, updated_at, verified, id) 
    values
        (?, ?, ?, ?, ?, ?, ?, ?, ?, ?, default)
Hibernate: 
    insert 
    into
        users
        (active, created_at, email, first_name, last_name, password, phone_number, role, updated_at, verified, id) 
    values
        (?, ?, ?, ?, ?, ?, ?, ?, ?, ?, default)
Hibernate: 
    insert 
    into
        users
        (active, created_at, email, first_name, last_name, password, phone_number, role, updated_at, verified, id) 
    values
        (?, ?, ?, ?, ?, ?, ?, ?, ?, ?, default)
Hibernate: 
    insert 
    into
        users
        (active, created_at, email, first_name, last_name, password, phone_number, role, updated_at, verified, id) 
    values
        (?, ?, ?, ?, ?, ?, ?, ?, ?, ?, default)
Hibernate: 
    insert 
    into
        users
        (active, created_at, email, first_name, last_name, password, phone_number, role, updated_at, verified, id) 
    values
        (?, ?, ?, ?, ?, ?, ?, ?, ?, ?, default)
Hibernate: 
    select
        count(*) 
    from
        users u1_0
Created 10 users
Hibernate: 
    select
        count(*) 
    from
        users u1_0
Created 10 users
Hibernate: 
    select
        u1_0.id,
        u1_0.active,
        u1_0.created_at,
        u1_0.email,
        u1_0.first_name,
        u1_0.last_name,
        u1_0.password,
        u1_0.phone_number,
        u1_0.role,
        u1_0.updated_at,
        u1_0.verified 
    from
        users u1_0 
    where
        u1_0.email=?
Hibernate: 
    insert 
    into
        tutor_profiles
        (average_rating, bio, created_at, hourly_rate, status, subject, total_sessions, updated_at, user_id, years_of_experience, id) 
    values
        (?, ?, ?, ?, ?, ?, ?, ?, ?, ?, default)
Hibernate: 
    select
        u1_0.id,
        u1_0.active,
        u1_0.created_at,
        u1_0.email,
        u1_0.first_name,
        u1_0.last_name,
        u1_0.password,
        u1_0.phone_number,
        u1_0.role,
        u1_0.updated_at,
        u1_0.verified 
    from
        users u1_0 
    where
        u1_0.email=?
Hibernate: 
    insert 
    into
        tutor_profiles
        (average_rating, bio, created_at, hourly_rate, status, subject, total_sessions, updated_at, user_id, years_of_experience, id) 
    values
        (?, ?, ?, ?, ?, ?, ?, ?, ?, ?, default)
Hibernate: 
    select
        u1_0.id,
        u1_0.active,
        u1_0.created_at,
        u1_0.email,
        u1_0.first_name,
        u1_0.last_name,
        u1_0.password,
        u1_0.phone_number,
        u1_0.role,
        u1_0.updated_at,
        u1_0.verified 
    from
        users u1_0 
    where
        u1_0.email=?
Hibernate: 
    insert 
    into
        tutor_profiles
        (average_rating, bio, created_at, hourly_rate, status, subject, total_sessions, updated_at, user_id, years_of_experience, id) 
    values
        (?, ?, ?, ?, ?, ?, ?, ?, ?, ?, default)
Hibernate: 
    select
        u1_0.id,
        u1_0.active,
        u1_0.created_at,
        u1_0.email,
        u1_0.first_name,
        u1_0.last_name,
        u1_0.password,
        u1_0.phone_number,
        u1_0.role,
        u1_0.updated_at,
        u1_0.verified 
    from
        users u1_0 
    where
        u1_0.email=?
Hibernate: 
    insert 
    into
        tutor_profiles
        (average_rating, bio, created_at, hourly_rate, status, subject, total_sessions, updated_at, user_id, years_of_experience, id) 
    values
        (?, ?, ?, ?, ?, ?, ?, ?, ?, ?, default)
Hibernate: 
    select
        u1_0.id,
        u1_0.active,
        u1_0.created_at,
        u1_0.email,
        u1_0.first_name,
        u1_0.last_name,
        u1_0.password,
        u1_0.phone_number,
        u1_0.role,
        u1_0.updated_at,
        u1_0.verified 
    from
        users u1_0 
    where
        u1_0.email=?
Hibernate: 
    insert 
    into
        tutor_profiles
        (average_rating, bio, created_at, hourly_rate, status, subject, total_sessions, updated_at, user_id, years_of_experience, id) 
    values
        (?, ?, ?, ?, ?, ?, ?, ?, ?, ?, default)
Hibernate: 
    select
        u1_0.id,
        u1_0.active,
        u1_0.created_at,
        u1_0.email,
        u1_0.first_name,
        u1_0.last_name,
        u1_0.password,
        u1_0.phone_number,
        u1_0.role,
        u1_0.updated_at,
        u1_0.verified 
    from
        users u1_0 
    where
        u1_0.email=?
Hibernate: 
    insert 
    into
        tutor_profiles
        (average_rating, bio, created_at, hourly_rate, status, subject, total_sessions, updated_at, user_id, years_of_experience, id) 
    values
        (?, ?, ?, ?, ?, ?, ?, ?, ?, ?, default)
Hibernate: 
    select
        count(*) 
    from
        tutor_profiles tp1_0
Created 6 tutor profiles
Hibernate: 
    select
        u1_0.id,
        u1_0.active,
        u1_0.created_at,
        u1_0.email,
        u1_0.first_name,
        u1_0.last_name,
        u1_0.password,
        u1_0.phone_number,
        u1_0.role,
        u1_0.updated_at,
        u1_0.verified 
    from
        users u1_0 
    where
        u1_0.email=?
Hibernate: 
    select
        u1_0.id,
        u1_0.active,
        u1_0.created_at,
        u1_0.email,
        u1_0.first_name,
        u1_0.last_name,
        u1_0.password,
        u1_0.phone_number,
        u1_0.role,
        u1_0.updated_at,
        u1_0.verified 
    from
        users u1_0 
    where
        u1_0.email=?
Hibernate: 
    select
        u1_0.id,
        u1_0.active,
        u1_0.created_at,
        u1_0.email,
        u1_0.first_name,
        u1_0.last_name,
        u1_0.password,
        u1_0.phone_number,
        u1_0.role,
        u1_0.updated_at,
        u1_0.verified 
    from
        users u1_0 
    where
        u1_0.email=?
Hibernate: 
    insert 
    into
        sessions
        (created_at, description, end_time, enrolled_students, max_students, price, start_time, status, subject, title, tutor_id, type, updated_at, id) 
    values
        (?, ?, ?, ?, ?, ?, ?, ?, ?, ?, ?, ?, ?, default)
Hibernate: 
    insert 
    into
        sessions
        (created_at, description, end_time, enrolled_students, max_students, price, start_time, status, subject, title, tutor_id, type, updated_at, id) 
    values
        (?, ?, ?, ?, ?, ?, ?, ?, ?, ?, ?, ?, ?, default)
Hibernate: 
    insert 
    into
        sessions
        (created_at, description, end_time, enrolled_students, max_students, price, start_time, status, subject, title, tutor_id, type, updated_at, id) 
    values
        (?, ?, ?, ?, ?, ?, ?, ?, ?, ?, ?, ?, ?, default)
Hibernate: 
    insert 
    into
        sessions
        (created_at, description, end_time, enrolled_students, max_students, price, start_time, status, subject, title, tutor_id, type, updated_at, id) 
    values
        (?, ?, ?, ?, ?, ?, ?, ?, ?, ?, ?, ?, ?, default)
Hibernate: 
    insert 
    into
        sessions
        (created_at, description, end_time, enrolled_students, max_students, price, start_time, status, subject, title, tutor_id, type, updated_at, id) 
    values
        (?, ?, ?, ?, ?, ?, ?, ?, ?, ?, ?, ?, ?, default)
Hibernate: 
    select
        count(*) 
    from
        sessions s1_0
Created 5 sessions
Hibernate: 
    select
        u1_0.id,
        u1_0.active,
        u1_0.created_at,
        u1_0.email,
        u1_0.first_name,
        u1_0.last_name,
        u1_0.password,
        u1_0.phone_number,
        u1_0.role,
        u1_0.updated_at,
        u1_0.verified 
    from
        users u1_0 
    where
        u1_0.email=?
Hibernate: 
    select
        s1_0.id,
        s1_0.created_at,
        s1_0.description,
        s1_0.end_time,
        s1_0.enrolled_students,
        s1_0.max_students,
        s1_0.price,
        s1_0.start_time,
        s1_0.status,
        s1_0.subject,
        s1_0.title,
        s1_0.tutor_id,
        s1_0.type,
        s1_0.updated_at 
    from
        sessions s1_0
Hibernate: 
    insert 
    into
        bookings
        (amount, cancelled_at, completed_at, confirmed_at, created_at, notes, payment_status, session_id, status, student_id, updated_at, id) 
    values
        (?, ?, ?, ?, ?, ?, ?, ?, ?, ?, ?, default)
Hibernate: 
    insert 
    into
        bookings
        (amount, cancelled_at, completed_at, confirmed_at, created_at, notes, payment_status, session_id, status, student_id, updated_at, id) 
    values
        (?, ?, ?, ?, ?, ?, ?, ?, ?, ?, ?, default)
Hibernate: 
    select
        count(*) 
    from
        bookings b1_0
Created 2 bookings
Hibernate: 
    select
        u1_0.id,
        u1_0.active,
        u1_0.created_at,
        u1_0.email,
        u1_0.first_name,
        u1_0.last_name,
        u1_0.password,
        u1_0.phone_number,
        u1_0.role,
        u1_0.updated_at,
        u1_0.verified 
    from
        users u1_0 
    where
        u1_0.email=?
Hibernate: 
    select
        u1_0.id,
        u1_0.active,
        u1_0.created_at,
        u1_0.email,
        u1_0.first_name,
        u1_0.last_name,
        u1_0.password,
        u1_0.phone_number,
        u1_0.role,
        u1_0.updated_at,
        u1_0.verified 
    from
        users u1_0 
    where
        u1_0.email=?
Hibernate: 
    select
        b1_0.id,
        b1_0.amount,
        b1_0.cancelled_at,
        b1_0.completed_at,
        b1_0.confirmed_at,
        b1_0.created_at,
        b1_0.notes,
        b1_0.payment_status,
        b1_0.session_id,
        b1_0.status,
        b1_0.student_id,
        b1_0.updated_at 
    from
        bookings b1_0
Hibernate: 
    insert 
    into
        ratings
        (booking_id, created_at, rating, review, student_id, tutor_id, visible, id) 
    values
        (?, ?, ?, ?, ?, ?, ?, default)
Hibernate: 
    select
        count(*) 
    from
        ratings r1_0
Created 1 ratings
Hibernate: 
    select
        u1_0.id,
        u1_0.active,
        u1_0.created_at,
        u1_0.email,
        u1_0.first_name,
        u1_0.last_name,
        u1_0.password,
        u1_0.phone_number,
        u1_0.role,
        u1_0.updated_at,
        u1_0.verified 
    from
        users u1_0 
    where
        u1_0.email=?
Hibernate: 
    select
        u1_0.id,
        u1_0.active,
        u1_0.created_at,
        u1_0.email,
        u1_0.first_name,
        u1_0.last_name,
        u1_0.password,
        u1_0.phone_number,
        u1_0.role,
        u1_0.updated_at,
        u1_0.verified 
    from
        users u1_0 
    where
        u1_0.email=?
Hibernate: 
    select
        u1_0.id,
        u1_0.active,
        u1_0.created_at,
        u1_0.email,
        u1_0.first_name,
        u1_0.last_name,
        u1_0.password,
        u1_0.phone_number,
        u1_0.role,
        u1_0.updated_at,
        u1_0.verified 
    from
        users u1_0 
    where
        u1_0.email=?
Hibernate: 
    insert 
    into
        payouts
        (amount, created_at, currency, notes, payment_method, processed_at, processed_by, status, transaction_id, tutor_id, updated_at, id) 
    values
        (?, ?, ?, ?, ?, ?, ?, ?, ?, ?, ?, default)
Hibernate: 
    insert 
    into
        payouts
        (amount, created_at, currency, notes, payment_method, processed_at, processed_by, status, transaction_id, tutor_id, updated_at, id) 
    values
        (?, ?, ?, ?, ?, ?, ?, ?, ?, ?, ?, default)
Hibernate: 
    select
        count(*) 
    from
        payouts p1_0
Created 2 payouts
Test data initialization complete!
Hibernate: 
    update
        sessions 
    set
        created_at=?,
        description=?,
        end_time=?,
        enrolled_students=?,
        max_students=?,
        price=?,
        start_time=?,
        status=?,
        subject=?,
        title=?,
        tutor_id=?,
        type=?,
        updated_at=? 
    where
        id=?
Hibernate: 
    insert 
    into
        tutor_subjects
        (tutor_id, subject_name) 
    values
        (?, ?)
Hibernate: 
    insert 
    into
        tutor_subjects
        (tutor_id, subject_name) 
    values
        (?, ?)
Hibernate: 
    insert 
    into
        tutor_subjects
        (tutor_id, subject_name) 
    values
        (?, ?)
Hibernate: 
    insert 
    into
        tutor_subjects
        (tutor_id, subject_name) 
    values
        (?, ?)
Hibernate: 
    insert 
    into
        tutor_subjects
        (tutor_id, subject_name) 
    values
        (?, ?)
Hibernate: 
    insert 
    into
        tutor_subjects
        (tutor_id, subject_name) 
    values
        (?, ?)
Hibernate: 
    insert 
    into
        tutor_subjects
        (tutor_id, subject_name) 
    values
        (?, ?)
Hibernate: 
    insert 
    into
        tutor_subjects
        (tutor_id, subject_name) 
    values
        (?, ?)
Hibernate: 
    insert 
    into
        tutor_subjects
        (tutor_id, subject_name) 
    values
        (?, ?)
Hibernate: 
    insert 
    into
        tutor_subjects
        (tutor_id, subject_name) 
    values
        (?, ?)
Hibernate: 
    insert 
    into
        tutor_subjects
        (tutor_id, subject_name) 
    values
        (?, ?)
Hibernate: 
    insert 
    into
        tutor_subjects
        (tutor_id, subject_name) 
    values
        (?, ?)
Hibernate: 
    insert 
    into
        tutor_subjects
        (tutor_id, subject_name) 
    values
        (?, ?)
Hibernate: 
    insert 
    into
        tutor_subjects
        (tutor_id, subject_name) 
    values
        (?, ?)
Hibernate: 
    insert 
    into
        tutor_subjects
        (tutor_id, subject_name) 
    values
        (?, ?)
Hibernate: 
    insert 
    into
        tutor_subjects
        (tutor_id, subject_name) 
    values
        (?, ?)
Hibernate: 
    insert 
    into
        tutor_subjects
        (tutor_id, subject_name) 
    values
        (?, ?)
Hibernate: 
    insert 
    into
        tutor_subjects
        (tutor_id, subject_name) 
    values
        (?, ?)
Hibernate: 
    insert 
    into
        tutor_subjects
        (tutor_id, subject_name) 
    values
        (?, ?)
2026-05-03T15:32:46.809+05:30  INFO 75622 --- [peer-tutoring-backend] [nio-8080-exec-1] o.a.c.c.C.[Tomcat].[localhost].[/]       : Initializing Spring DispatcherServlet 'dispatcherServlet'
2026-05-03T15:32:46.810+05:30  INFO 75622 --- [peer-tutoring-backend] [nio-8080-exec-1] o.s.web.servlet.DispatcherServlet        : Initializing Servlet 'dispatcherServlet'
2026-05-03T15:32:46.813+05:30  INFO 75622 --- [peer-tutoring-backend] [nio-8080-exec-1] o.s.web.servlet.DispatcherServlet        : Completed initialization in 3 ms
2026-05-03T15:32:46.821+05:30 DEBUG 75622 --- [peer-tutoring-backend] [nio-8080-exec-1] o.s.security.web.FilterChainProxy        : Securing GET /api/tutors
2026-05-03T15:32:46.835+05:30 DEBUG 75622 --- [peer-tutoring-backend] [nio-8080-exec-1] o.s.s.w.a.AnonymousAuthenticationFilter  : Set SecurityContextHolder to anonymous SecurityContext
2026-05-03T15:32:46.836+05:30  WARN 75622 --- [peer-tutoring-backend] [nio-8080-exec-1] o.s.w.s.h.HandlerMappingIntrospector     : Cache miss for REQUEST dispatch to '/api/tutors' (previous null). Performing MatchableHandlerMapping lookup. This is logged once only at WARN level, and every time at TRACE.
2026-05-03T15:32:46.844+05:30 DEBUG 75622 --- [peer-tutoring-backend] [nio-8080-exec-1] o.s.security.web.FilterChainProxy        : Secured GET /api/tutors
Hibernate: 
    select
        tp1_0.id,
        tp1_0.average_rating,
        tp1_0.bio,
        tp1_0.created_at,
        tp1_0.hourly_rate,
        tp1_0.status,
        tp1_0.subject,
        tp1_0.total_sessions,
        tp1_0.updated_at,
        tp1_0.user_id,
        tp1_0.years_of_experience 
    from
        tutor_profiles tp1_0 
    where
        tp1_0.status=?
Hibernate: 
    select
        u1_0.id,
        u1_0.active,
        u1_0.created_at,
        u1_0.email,
        u1_0.first_name,
        u1_0.last_name,
        u1_0.password,
        u1_0.phone_number,
        u1_0.role,
        u1_0.updated_at,
        u1_0.verified 
    from
        users u1_0 
    where
        u1_0.id=?
Hibernate: 
    select
        tp1_0.id,
        tp1_0.average_rating,
        tp1_0.bio,
        tp1_0.created_at,
        tp1_0.hourly_rate,
        tp1_0.status,
        tp1_0.subject,
        tp1_0.total_sessions,
        tp1_0.updated_at,
        tp1_0.user_id,
        tp1_0.years_of_experience 
    from
        tutor_profiles tp1_0 
    where
        tp1_0.user_id=?
Hibernate: 
    select
        s1_0.tutor_id,
        s1_0.subject_name 
    from
        tutor_subjects s1_0 
    where
        s1_0.tutor_id=?
Hibernate: 
    select
        u1_0.id,
        u1_0.active,
        u1_0.created_at,
        u1_0.email,
        u1_0.first_name,
        u1_0.last_name,
        u1_0.password,
        u1_0.phone_number,
        u1_0.role,
        u1_0.updated_at,
        u1_0.verified 
    from
        users u1_0 
    where
        u1_0.id=?
Hibernate: 
    select
        tp1_0.id,
        tp1_0.average_rating,
        tp1_0.bio,
        tp1_0.created_at,
        tp1_0.hourly_rate,
        tp1_0.status,
        tp1_0.subject,
        tp1_0.total_sessions,
        tp1_0.updated_at,
        tp1_0.user_id,
        tp1_0.years_of_experience 
    from
        tutor_profiles tp1_0 
    where
        tp1_0.user_id=?
Hibernate: 
    select
        s1_0.tutor_id,
        s1_0.subject_name 
    from
        tutor_subjects s1_0 
    where
        s1_0.tutor_id=?
Hibernate: 
    select
        u1_0.id,
        u1_0.active,
        u1_0.created_at,
        u1_0.email,
        u1_0.first_name,
        u1_0.last_name,
        u1_0.password,
        u1_0.phone_number,
        u1_0.role,
        u1_0.updated_at,
        u1_0.verified 
    from
        users u1_0 
    where
        u1_0.id=?
Hibernate: 
    select
        tp1_0.id,
        tp1_0.average_rating,
        tp1_0.bio,
        tp1_0.created_at,
        tp1_0.hourly_rate,
        tp1_0.status,
        tp1_0.subject,
        tp1_0.total_sessions,
        tp1_0.updated_at,
        tp1_0.user_id,
        tp1_0.years_of_experience 
    from
        tutor_profiles tp1_0 
    where
        tp1_0.user_id=?
Hibernate: 
    select
        s1_0.tutor_id,
        s1_0.subject_name 
    from
        tutor_subjects s1_0 
    where
        s1_0.tutor_id=?
Hibernate: 
    select
        u1_0.id,
        u1_0.active,
        u1_0.created_at,
        u1_0.email,
        u1_0.first_name,
        u1_0.last_name,
        u1_0.password,
        u1_0.phone_number,
        u1_0.role,
        u1_0.updated_at,
        u1_0.verified 
    from
        users u1_0 
    where
        u1_0.id=?
Hibernate: 
    select
        tp1_0.id,
        tp1_0.average_rating,
        tp1_0.bio,
        tp1_0.created_at,
        tp1_0.hourly_rate,
        tp1_0.status,
        tp1_0.subject,
        tp1_0.total_sessions,
        tp1_0.updated_at,
        tp1_0.user_id,
        tp1_0.years_of_experience 
    from
        tutor_profiles tp1_0 
    where
        tp1_0.user_id=?
Hibernate: 
    select
        s1_0.tutor_id,
        s1_0.subject_name 
    from
        tutor_subjects s1_0 
    where
        s1_0.tutor_id=?
2026-05-03T15:32:51.874+05:30 DEBUG 75622 --- [peer-tutoring-backend] [nio-8080-exec-2] o.s.security.web.FilterChainProxy        : Securing GET /api/tutors/search?minRating=3
2026-05-03T15:32:51.874+05:30 DEBUG 75622 --- [peer-tutoring-backend] [nio-8080-exec-2] o.s.s.w.a.AnonymousAuthenticationFilter  : Set SecurityContextHolder to anonymous SecurityContext
2026-05-03T15:32:51.875+05:30 DEBUG 75622 --- [peer-tutoring-backend] [nio-8080-exec-2] o.s.security.web.FilterChainProxy        : Secured GET /api/tutors/search?minRating=3
Hibernate: 
    select
        tp1_0.id,
        tp1_0.average_rating,
        tp1_0.bio,
        tp1_0.created_at,
        tp1_0.hourly_rate,
        tp1_0.status,
        tp1_0.subject,
        tp1_0.total_sessions,
        tp1_0.updated_at,
        tp1_0.user_id,
        tp1_0.years_of_experience 
    from
        tutor_profiles tp1_0 
    where
        tp1_0.status='APPROVED' 
        and (
            ? is null 
            or ?='' 
            or tp1_0.subject like ? escape ''
        ) 
        and (
            ? is null 
            or tp1_0.average_rating>=?
        )
Hibernate: 
    select
        u1_0.id,
        u1_0.active,
        u1_0.created_at,
        u1_0.email,
        u1_0.first_name,
        u1_0.last_name,
        u1_0.password,
        u1_0.phone_number,
        u1_0.role,
        u1_0.updated_at,
        u1_0.verified 
    from
        users u1_0 
    where
        u1_0.id=?
Hibernate: 
    select
        tp1_0.id,
        tp1_0.average_rating,
        tp1_0.bio,
        tp1_0.created_at,
        tp1_0.hourly_rate,
        tp1_0.status,
        tp1_0.subject,
        tp1_0.total_sessions,
        tp1_0.updated_at,
        tp1_0.user_id,
        tp1_0.years_of_experience 
    from
        tutor_profiles tp1_0 
    where
        tp1_0.user_id=?
Hibernate: 
    select
        s1_0.tutor_id,
        s1_0.subject_name 
    from
        tutor_subjects s1_0 
    where
        s1_0.tutor_id=?
Hibernate: 
    select
        u1_0.id,
        u1_0.active,
        u1_0.created_at,
        u1_0.email,
        u1_0.first_name,
        u1_0.last_name,
        u1_0.password,
        u1_0.phone_number,
        u1_0.role,
        u1_0.updated_at,
        u1_0.verified 
    from
        users u1_0 
    where
        u1_0.id=?
Hibernate: 
    select
        tp1_0.id,
        tp1_0.average_rating,
        tp1_0.bio,
        tp1_0.created_at,
        tp1_0.hourly_rate,
        tp1_0.status,
        tp1_0.subject,
        tp1_0.total_sessions,
        tp1_0.updated_at,
        tp1_0.user_id,
        tp1_0.years_of_experience 
    from
        tutor_profiles tp1_0 
    where
        tp1_0.user_id=?
Hibernate: 
    select
        s1_0.tutor_id,
        s1_0.subject_name 
    from
        tutor_subjects s1_0 
    where
        s1_0.tutor_id=?
Hibernate: 
    select
        u1_0.id,
        u1_0.active,
        u1_0.created_at,
        u1_0.email,
        u1_0.first_name,
        u1_0.last_name,
        u1_0.password,
        u1_0.phone_number,
        u1_0.role,
        u1_0.updated_at,
        u1_0.verified 
    from
        users u1_0 
    where
        u1_0.id=?
Hibernate: 
    select
        tp1_0.id,
        tp1_0.average_rating,
        tp1_0.bio,
        tp1_0.created_at,
        tp1_0.hourly_rate,
        tp1_0.status,
        tp1_0.subject,
        tp1_0.total_sessions,
        tp1_0.updated_at,
        tp1_0.user_id,
        tp1_0.years_of_experience 
    from
        tutor_profiles tp1_0 
    where
        tp1_0.user_id=?
Hibernate: 
    select
        s1_0.tutor_id,
        s1_0.subject_name 
    from
        tutor_subjects s1_0 
    where
        s1_0.tutor_id=?
Hibernate: 
    select
        u1_0.id,
        u1_0.active,
        u1_0.created_at,
        u1_0.email,
        u1_0.first_name,
        u1_0.last_name,
        u1_0.password,
        u1_0.phone_number,
        u1_0.role,
        u1_0.updated_at,
        u1_0.verified 
    from
        users u1_0 
    where
        u1_0.id=?
Hibernate: 
    select
        tp1_0.id,
        tp1_0.average_rating,
        tp1_0.bio,
        tp1_0.created_at,
        tp1_0.hourly_rate,
        tp1_0.status,
        tp1_0.subject,
        tp1_0.total_sessions,
        tp1_0.updated_at,
        tp1_0.user_id,
        tp1_0.years_of_experience 
    from
        tutor_profiles tp1_0 
    where
        tp1_0.user_id=?
Hibernate: 
    select
        s1_0.tutor_id,
        s1_0.subject_name 
    from
        tutor_subjects s1_0 
    where
        s1_0.tutor_id=?
2026-05-03T15:32:51.977+05:30 DEBUG 75622 --- [peer-tutoring-backend] [nio-8080-exec-4] o.s.security.web.FilterChainProxy        : Securing GET /api/tutors/search?minRating=4
2026-05-03T15:32:51.977+05:30 DEBUG 75622 --- [peer-tutoring-backend] [nio-8080-exec-4] o.s.s.w.a.AnonymousAuthenticationFilter  : Set SecurityContextHolder to anonymous SecurityContext
2026-05-03T15:32:51.980+05:30 DEBUG 75622 --- [peer-tutoring-backend] [nio-8080-exec-4] o.s.security.web.FilterChainProxy        : Secured GET /api/tutors/search?minRating=4
Hibernate: 
    select
        tp1_0.id,
        tp1_0.average_rating,
        tp1_0.bio,
        tp1_0.created_at,
        tp1_0.hourly_rate,
        tp1_0.status,
        tp1_0.subject,
        tp1_0.total_sessions,
        tp1_0.updated_at,
        tp1_0.user_id,
        tp1_0.years_of_experience 
    from
        tutor_profiles tp1_0 
    where
        tp1_0.status='APPROVED' 
        and (
            ? is null 
            or ?='' 
            or tp1_0.subject like ? escape ''
        ) 
        and (
            ? is null 
            or tp1_0.average_rating>=?
        )
Hibernate: 
    select
        u1_0.id,
        u1_0.active,
        u1_0.created_at,
        u1_0.email,
        u1_0.first_name,
        u1_0.last_name,
        u1_0.password,
        u1_0.phone_number,
        u1_0.role,
        u1_0.updated_at,
        u1_0.verified 
    from
        users u1_0 
    where
        u1_0.id=?
Hibernate: 
    select
        tp1_0.id,
        tp1_0.average_rating,
        tp1_0.bio,
        tp1_0.created_at,
        tp1_0.hourly_rate,
        tp1_0.status,
        tp1_0.subject,
        tp1_0.total_sessions,
        tp1_0.updated_at,
        tp1_0.user_id,
        tp1_0.years_of_experience 
    from
        tutor_profiles tp1_0 
    where
        tp1_0.user_id=?
Hibernate: 
    select
        s1_0.tutor_id,
        s1_0.subject_name 
    from
        tutor_subjects s1_0 
    where
        s1_0.tutor_id=?
Hibernate: 
    select
        u1_0.id,
        u1_0.active,
        u1_0.created_at,
        u1_0.email,
        u1_0.first_name,
        u1_0.last_name,
        u1_0.password,
        u1_0.phone_number,
        u1_0.role,
        u1_0.updated_at,
        u1_0.verified 
    from
        users u1_0 
    where
        u1_0.id=?
Hibernate: 
    select
        tp1_0.id,
        tp1_0.average_rating,
        tp1_0.bio,
        tp1_0.created_at,
        tp1_0.hourly_rate,
        tp1_0.status,
        tp1_0.subject,
        tp1_0.total_sessions,
        tp1_0.updated_at,
        tp1_0.user_id,
        tp1_0.years_of_experience 
    from
        tutor_profiles tp1_0 
    where
        tp1_0.user_id=?
Hibernate: 
    select
        s1_0.tutor_id,
        s1_0.subject_name 
    from
        tutor_subjects s1_0 
    where
        s1_0.tutor_id=?
Hibernate: 
    select
        u1_0.id,
        u1_0.active,
        u1_0.created_at,
        u1_0.email,
        u1_0.first_name,
        u1_0.last_name,
        u1_0.password,
        u1_0.phone_number,
        u1_0.role,
        u1_0.updated_at,
        u1_0.verified 
    from
        users u1_0 
    where
        u1_0.id=?
Hibernate: 
    select
        tp1_0.id,
        tp1_0.average_rating,
        tp1_0.bio,
        tp1_0.created_at,
        tp1_0.hourly_rate,
        tp1_0.status,
        tp1_0.subject,
        tp1_0.total_sessions,
        tp1_0.updated_at,
        tp1_0.user_id,
        tp1_0.years_of_experience 
    from
        tutor_profiles tp1_0 
    where
        tp1_0.user_id=?
Hibernate: 
    select
        s1_0.tutor_id,
        s1_0.subject_name 
    from
        tutor_subjects s1_0 
    where
        s1_0.tutor_id=?
2026-05-03T15:33:30.920+05:30 DEBUG 75622 --- [peer-tutoring-backend] [nio-8080-exec-6] o.s.security.web.FilterChainProxy        : Securing GET /api/tutors
2026-05-03T15:33:30.920+05:30 DEBUG 75622 --- [peer-tutoring-backend] [nio-8080-exec-8] o.s.security.web.FilterChainProxy        : Securing GET /favicon.ico
2026-05-03T15:33:30.920+05:30 DEBUG 75622 --- [peer-tutoring-backend] [nio-8080-exec-7] o.s.security.web.FilterChainProxy        : Securing GET /api/sessions/available
2026-05-03T15:33:30.929+05:30 DEBUG 75622 --- [peer-tutoring-backend] [nio-8080-exec-8] o.s.s.w.a.AnonymousAuthenticationFilter  : Set SecurityContextHolder to anonymous SecurityContext
2026-05-03T15:33:30.930+05:30 DEBUG 75622 --- [peer-tutoring-backend] [nio-8080-exec-7] c.t.security.JwtAuthenticationFilter     : JWT Token found: eyJhbGciOiJIUzM4NCJ9...
2026-05-03T15:33:30.929+05:30 DEBUG 75622 --- [peer-tutoring-backend] [nio-8080-exec-6] c.t.security.JwtAuthenticationFilter     : JWT Token found: eyJhbGciOiJIUzM4NCJ9...
2026-05-03T15:33:30.942+05:30 DEBUG 75622 --- [peer-tutoring-backend] [nio-8080-exec-8] o.s.s.w.a.Http403ForbiddenEntryPoint     : Pre-authenticated entry point called. Rejecting access
2026-05-03T15:33:30.947+05:30 DEBUG 75622 --- [peer-tutoring-backend] [nio-8080-exec-8] o.s.security.web.FilterChainProxy        : Securing GET /error
2026-05-03T15:33:30.953+05:30 DEBUG 75622 --- [peer-tutoring-backend] [nio-8080-exec-8] o.s.s.w.a.AnonymousAuthenticationFilter  : Set SecurityContextHolder to anonymous SecurityContext
2026-05-03T15:33:30.953+05:30 DEBUG 75622 --- [peer-tutoring-backend] [nio-8080-exec-8] o.s.s.w.a.Http403ForbiddenEntryPoint     : Pre-authenticated entry point called. Rejecting access
2026-05-03T15:33:31.040+05:30 DEBUG 75622 --- [peer-tutoring-backend] [nio-8080-exec-7] c.t.security.JwtAuthenticationFilter     : JWT valid, email: admin@peertutoring.com
2026-05-03T15:33:31.040+05:30 DEBUG 75622 --- [peer-tutoring-backend] [nio-8080-exec-6] c.t.security.JwtAuthenticationFilter     : JWT valid, email: admin@peertutoring.com
Hibernate: 
    select
        u1_0.id,
        u1_0.active,
        u1_0.created_at,
        u1_0.email,
        u1_0.first_name,
        u1_0.last_name,
        u1_0.password,
        u1_0.phone_number,
        u1_0.role,
        u1_0.updated_at,
        u1_0.verified 
    from
        users u1_0 
    where
        u1_0.email=?
Hibernate: 
    select
        u1_0.id,
        u1_0.active,
        u1_0.created_at,
        u1_0.email,
        u1_0.first_name,
        u1_0.last_name,
        u1_0.password,
        u1_0.phone_number,
        u1_0.role,
        u1_0.updated_at,
        u1_0.verified 
    from
        users u1_0 
    where
        u1_0.email=?
Hibernate: 
    select
        tp1_0.id,
        tp1_0.average_rating,
        tp1_0.bio,
        tp1_0.created_at,
        tp1_0.hourly_rate,
        tp1_0.status,
        tp1_0.subject,
        tp1_0.total_sessions,
        tp1_0.updated_at,
        tp1_0.user_id,
        tp1_0.years_of_experience 
    from
        tutor_profiles tp1_0 
    where
        tp1_0.user_id=?
Hibernate: 
    select
        tp1_0.id,
        tp1_0.average_rating,
        tp1_0.bio,
        tp1_0.created_at,
        tp1_0.hourly_rate,
        tp1_0.status,
        tp1_0.subject,
        tp1_0.total_sessions,
        tp1_0.updated_at,
        tp1_0.user_id,
        tp1_0.years_of_experience 
    from
        tutor_profiles tp1_0 
    where
        tp1_0.user_id=?
2026-05-03T15:33:31.053+05:30 DEBUG 75622 --- [peer-tutoring-backend] [nio-8080-exec-7] c.t.security.JwtAuthenticationFilter     : Authentication set for user: admin@peertutoring.com
2026-05-03T15:33:31.053+05:30 DEBUG 75622 --- [peer-tutoring-backend] [nio-8080-exec-6] c.t.security.JwtAuthenticationFilter     : Authentication set for user: admin@peertutoring.com
2026-05-03T15:33:31.054+05:30 DEBUG 75622 --- [peer-tutoring-backend] [nio-8080-exec-7] o.s.security.web.FilterChainProxy        : Secured GET /api/sessions/available
2026-05-03T15:33:31.054+05:30 DEBUG 75622 --- [peer-tutoring-backend] [nio-8080-exec-6] o.s.security.web.FilterChainProxy        : Secured GET /api/tutors
Hibernate: 
    select
        tp1_0.id,
        tp1_0.average_rating,
        tp1_0.bio,
        tp1_0.created_at,
        tp1_0.hourly_rate,
        tp1_0.status,
        tp1_0.subject,
        tp1_0.total_sessions,
        tp1_0.updated_at,
        tp1_0.user_id,
        tp1_0.years_of_experience 
    from
        tutor_profiles tp1_0 
    where
        tp1_0.status=?
Hibernate: 
    select
        s1_0.id,
        s1_0.created_at,
        s1_0.description,
        s1_0.end_time,
        s1_0.enrolled_students,
        s1_0.max_students,
        s1_0.price,
        s1_0.start_time,
        s1_0.status,
        s1_0.subject,
        s1_0.title,
        s1_0.tutor_id,
        s1_0.type,
        s1_0.updated_at 
    from
        sessions s1_0 
    where
        s1_0.status=?
Hibernate: 
    select
        u1_0.id,
        u1_0.active,
        u1_0.created_at,
        u1_0.email,
        u1_0.first_name,
        u1_0.last_name,
        u1_0.password,
        u1_0.phone_number,
        u1_0.role,
        u1_0.updated_at,
        u1_0.verified 
    from
        users u1_0 
    where
        u1_0.id=?
Hibernate: 
    select
        tp1_0.id,
        tp1_0.average_rating,
        tp1_0.bio,
        tp1_0.created_at,
        tp1_0.hourly_rate,
        tp1_0.status,
        tp1_0.subject,
        tp1_0.total_sessions,
        tp1_0.updated_at,
        tp1_0.user_id,
        tp1_0.years_of_experience 
    from
        tutor_profiles tp1_0 
    where
        tp1_0.user_id=?
Hibernate: 
    select
        s1_0.tutor_id,
        s1_0.subject_name 
    from
        tutor_subjects s1_0 
    where
        s1_0.tutor_id=?
Hibernate: 
    select
        u1_0.id,
        u1_0.active,
        u1_0.created_at,
        u1_0.email,
        u1_0.first_name,
        u1_0.last_name,
        u1_0.password,
        u1_0.phone_number,
        u1_0.role,
        u1_0.updated_at,
        u1_0.verified 
    from
        users u1_0 
    where
        u1_0.id=?
Hibernate: 
    select
        tp1_0.id,
        tp1_0.average_rating,
        tp1_0.bio,
        tp1_0.created_at,
        tp1_0.hourly_rate,
        tp1_0.status,
        tp1_0.subject,
        tp1_0.total_sessions,
        tp1_0.updated_at,
        tp1_0.user_id,
        tp1_0.years_of_experience 
    from
        tutor_profiles tp1_0 
    where
        tp1_0.user_id=?
Hibernate: 
    select
        u1_0.id,
        u1_0.active,
        u1_0.created_at,
        u1_0.email,
        u1_0.first_name,
        u1_0.last_name,
        u1_0.password,
        u1_0.phone_number,
        u1_0.role,
        u1_0.updated_at,
        u1_0.verified 
    from
        users u1_0 
    where
        u1_0.id=?
Hibernate: 
    select
        s1_0.tutor_id,
        s1_0.subject_name 
    from
        tutor_subjects s1_0 
    where
        s1_0.tutor_id=?
Hibernate: 
    select
        tp1_0.id,
        tp1_0.average_rating,
        tp1_0.bio,
        tp1_0.created_at,
        tp1_0.hourly_rate,
        tp1_0.status,
        tp1_0.subject,
        tp1_0.total_sessions,
        tp1_0.updated_at,
        tp1_0.user_id,
        tp1_0.years_of_experience 
    from
        tutor_profiles tp1_0 
    where
        tp1_0.user_id=?
Hibernate: 
    select
        u1_0.id,
        u1_0.active,
        u1_0.created_at,
        u1_0.email,
        u1_0.first_name,
        u1_0.last_name,
        u1_0.password,
        u1_0.phone_number,
        u1_0.role,
        u1_0.updated_at,
        u1_0.verified 
    from
        users u1_0 
    where
        u1_0.id=?
Hibernate: 
    select
        tp1_0.id,
        tp1_0.average_rating,
        tp1_0.bio,
        tp1_0.created_at,
        tp1_0.hourly_rate,
        tp1_0.status,
        tp1_0.subject,
        tp1_0.total_sessions,
        tp1_0.updated_at,
        tp1_0.user_id,
        tp1_0.years_of_experience 
    from
        tutor_profiles tp1_0 
    where
        tp1_0.user_id=?
Hibernate: 
    select
        s1_0.tutor_id,
        s1_0.subject_name 
    from
        tutor_subjects s1_0 
    where
        s1_0.tutor_id=?
Hibernate: 
    select
        u1_0.id,
        u1_0.active,
        u1_0.created_at,
        u1_0.email,
        u1_0.first_name,
        u1_0.last_name,
        u1_0.password,
        u1_0.phone_number,
        u1_0.role,
        u1_0.updated_at,
        u1_0.verified 
    from
        users u1_0 
    where
        u1_0.id=?
Hibernate: 
    select
        u1_0.id,
        u1_0.active,
        u1_0.created_at,
        u1_0.email,
        u1_0.first_name,
        u1_0.last_name,
        u1_0.password,
        u1_0.phone_number,
        u1_0.role,
        u1_0.updated_at,
        u1_0.verified 
    from
        users u1_0 
    where
        u1_0.id=?
Hibernate: 
    select
        tp1_0.id,
        tp1_0.average_rating,
        tp1_0.bio,
        tp1_0.created_at,
        tp1_0.hourly_rate,
        tp1_0.status,
        tp1_0.subject,
        tp1_0.total_sessions,
        tp1_0.updated_at,
        tp1_0.user_id,
        tp1_0.years_of_experience 
    from
        tutor_profiles tp1_0 
    where
        tp1_0.user_id=?
Hibernate: 
    select
        tp1_0.id,
        tp1_0.average_rating,
        tp1_0.bio,
        tp1_0.created_at,
        tp1_0.hourly_rate,
        tp1_0.status,
        tp1_0.subject,
        tp1_0.total_sessions,
        tp1_0.updated_at,
        tp1_0.user_id,
        tp1_0.years_of_experience 
    from
        tutor_profiles tp1_0 
    where
        tp1_0.user_id=?
Hibernate: 
    select
        s1_0.tutor_id,
        s1_0.subject_name 
    from
        tutor_subjects s1_0 
    where
        s1_0.tutor_id=?
Hibernate: 
    select
        u1_0.id,
        u1_0.active,
        u1_0.created_at,
        u1_0.email,
        u1_0.first_name,
        u1_0.last_name,
        u1_0.password,
        u1_0.phone_number,
        u1_0.role,
        u1_0.updated_at,
        u1_0.verified 
    from
        users u1_0 
    where
        u1_0.id=?
Hibernate: 
    select
        tp1_0.id,
        tp1_0.average_rating,
        tp1_0.bio,
        tp1_0.created_at,
        tp1_0.hourly_rate,
        tp1_0.status,
        tp1_0.subject,
        tp1_0.total_sessions,
        tp1_0.updated_at,
        tp1_0.user_id,
        tp1_0.years_of_experience 
    from
        tutor_profiles tp1_0 
    where
        tp1_0.user_id=?
2026-05-03T15:33:31.081+05:30 DEBUG 75622 --- [peer-tutoring-backend] [nio-8080-exec-9] o.s.security.web.FilterChainProxy        : Securing GET /api/tutors
2026-05-03T15:33:31.082+05:30 DEBUG 75622 --- [peer-tutoring-backend] [nio-8080-exec-9] c.t.security.JwtAuthenticationFilter     : JWT Token found: eyJhbGciOiJIUzM4NCJ9...
2026-05-03T15:33:31.084+05:30 DEBUG 75622 --- [peer-tutoring-backend] [nio-8080-exec-9] c.t.security.JwtAuthenticationFilter     : JWT valid, email: admin@peertutoring.com
2026-05-03T15:33:31.084+05:30 DEBUG 75622 --- [peer-tutoring-backend] [io-8080-exec-10] o.s.security.web.FilterChainProxy        : Securing GET /api/sessions/available
2026-05-03T15:33:31.085+05:30 DEBUG 75622 --- [peer-tutoring-backend] [io-8080-exec-10] c.t.security.JwtAuthenticationFilter     : JWT Token found: eyJhbGciOiJIUzM4NCJ9...
Hibernate: 
    select
        u1_0.id,
        u1_0.active,
        u1_0.created_at,
        u1_0.email,
        u1_0.first_name,
        u1_0.last_name,
        u1_0.password,
        u1_0.phone_number,
        u1_0.role,
        u1_0.updated_at,
        u1_0.verified 
    from
        users u1_0 
    where
        u1_0.email=?
2026-05-03T15:33:31.088+05:30 DEBUG 75622 --- [peer-tutoring-backend] [io-8080-exec-10] c.t.security.JwtAuthenticationFilter     : JWT valid, email: admin@peertutoring.com
Hibernate: 
    select
        tp1_0.id,
        tp1_0.average_rating,
        tp1_0.bio,
        tp1_0.created_at,
        tp1_0.hourly_rate,
        tp1_0.status,
        tp1_0.subject,
        tp1_0.total_sessions,
        tp1_0.updated_at,
        tp1_0.user_id,
        tp1_0.years_of_experience 
    from
        tutor_profiles tp1_0 
    where
        tp1_0.user_id=?
Hibernate: 
    select
        u1_0.id,
        u1_0.active,
        u1_0.created_at,
        u1_0.email,
        u1_0.first_name,
        u1_0.last_name,
        u1_0.password,
        u1_0.phone_number,
        u1_0.role,
        u1_0.updated_at,
        u1_0.verified 
    from
        users u1_0 
    where
        u1_0.email=?
2026-05-03T15:33:31.090+05:30 DEBUG 75622 --- [peer-tutoring-backend] [nio-8080-exec-9] c.t.security.JwtAuthenticationFilter     : Authentication set for user: admin@peertutoring.com
Hibernate: 
    select
        tp1_0.id,
        tp1_0.average_rating,
        tp1_0.bio,
        tp1_0.created_at,
        tp1_0.hourly_rate,
        tp1_0.status,
        tp1_0.subject,
        tp1_0.total_sessions,
        tp1_0.updated_at,
        tp1_0.user_id,
        tp1_0.years_of_experience 
    from
        tutor_profiles tp1_0 
    where
        tp1_0.user_id=?
2026-05-03T15:33:31.091+05:30 DEBUG 75622 --- [peer-tutoring-backend] [nio-8080-exec-9] o.s.security.web.FilterChainProxy        : Secured GET /api/tutors
2026-05-03T15:33:31.091+05:30 DEBUG 75622 --- [peer-tutoring-backend] [io-8080-exec-10] c.t.security.JwtAuthenticationFilter     : Authentication set for user: admin@peertutoring.com
2026-05-03T15:33:31.092+05:30 DEBUG 75622 --- [peer-tutoring-backend] [io-8080-exec-10] o.s.security.web.FilterChainProxy        : Secured GET /api/sessions/available
Hibernate: 
    select
        tp1_0.id,
        tp1_0.average_rating,
        tp1_0.bio,
        tp1_0.created_at,
        tp1_0.hourly_rate,
        tp1_0.status,
        tp1_0.subject,
        tp1_0.total_sessions,
        tp1_0.updated_at,
        tp1_0.user_id,
        tp1_0.years_of_experience 
    from
        tutor_profiles tp1_0 
    where
        tp1_0.status=?
Hibernate: 
    select
        s1_0.id,
        s1_0.created_at,
        s1_0.description,
        s1_0.end_time,
        s1_0.enrolled_students,
        s1_0.max_students,
        s1_0.price,
        s1_0.start_time,
        s1_0.status,
        s1_0.subject,
        s1_0.title,
        s1_0.tutor_id,
        s1_0.type,
        s1_0.updated_at 
    from
        sessions s1_0 
    where
        s1_0.status=?
Hibernate: 
    select
        u1_0.id,
        u1_0.active,
        u1_0.created_at,
        u1_0.email,
        u1_0.first_name,
        u1_0.last_name,
        u1_0.password,
        u1_0.phone_number,
        u1_0.role,
        u1_0.updated_at,
        u1_0.verified 
    from
        users u1_0 
    where
        u1_0.id=?
Hibernate: 
    select
        u1_0.id,
        u1_0.active,
        u1_0.created_at,
        u1_0.email,
        u1_0.first_name,
        u1_0.last_name,
        u1_0.password,
        u1_0.phone_number,
        u1_0.role,
        u1_0.updated_at,
        u1_0.verified 
    from
        users u1_0 
    where
        u1_0.id=?
Hibernate: 
    select
        tp1_0.id,
        tp1_0.average_rating,
        tp1_0.bio,
        tp1_0.created_at,
        tp1_0.hourly_rate,
        tp1_0.status,
        tp1_0.subject,
        tp1_0.total_sessions,
        tp1_0.updated_at,
        tp1_0.user_id,
        tp1_0.years_of_experience 
    from
        tutor_profiles tp1_0 
    where
        tp1_0.user_id=?
Hibernate: 
    select
        tp1_0.id,
        tp1_0.average_rating,
        tp1_0.bio,
        tp1_0.created_at,
        tp1_0.hourly_rate,
        tp1_0.status,
        tp1_0.subject,
        tp1_0.total_sessions,
        tp1_0.updated_at,
        tp1_0.user_id,
        tp1_0.years_of_experience 
    from
        tutor_profiles tp1_0 
    where
        tp1_0.user_id=?
Hibernate: 
    select
        u1_0.id,
        u1_0.active,
        u1_0.created_at,
        u1_0.email,
        u1_0.first_name,
        u1_0.last_name,
        u1_0.password,
        u1_0.phone_number,
        u1_0.role,
        u1_0.updated_at,
        u1_0.verified 
    from
        users u1_0 
    where
        u1_0.id=?
Hibernate: 
    select
        s1_0.tutor_id,
        s1_0.subject_name 
    from
        tutor_subjects s1_0 
    where
        s1_0.tutor_id=?
Hibernate: 
    select
        tp1_0.id,
        tp1_0.average_rating,
        tp1_0.bio,
        tp1_0.created_at,
        tp1_0.hourly_rate,
        tp1_0.status,
        tp1_0.subject,
        tp1_0.total_sessions,
        tp1_0.updated_at,
        tp1_0.user_id,
        tp1_0.years_of_experience 
    from
        tutor_profiles tp1_0 
    where
        tp1_0.user_id=?
Hibernate: 
    select
        u1_0.id,
        u1_0.active,
        u1_0.created_at,
        u1_0.email,
        u1_0.first_name,
        u1_0.last_name,
        u1_0.password,
        u1_0.phone_number,
        u1_0.role,
        u1_0.updated_at,
        u1_0.verified 
    from
        users u1_0 
    where
        u1_0.id=?
Hibernate: 
    select
        tp1_0.id,
        tp1_0.average_rating,
        tp1_0.bio,
        tp1_0.created_at,
        tp1_0.hourly_rate,
        tp1_0.status,
        tp1_0.subject,
        tp1_0.total_sessions,
        tp1_0.updated_at,
        tp1_0.user_id,
        tp1_0.years_of_experience 
    from
        tutor_profiles tp1_0 
    where
        tp1_0.user_id=?
Hibernate: 
    select
        u1_0.id,
        u1_0.active,
        u1_0.created_at,
        u1_0.email,
        u1_0.first_name,
        u1_0.last_name,
        u1_0.password,
        u1_0.phone_number,
        u1_0.role,
        u1_0.updated_at,
        u1_0.verified 
    from
        users u1_0 
    where
        u1_0.id=?
Hibernate: 
    select
        tp1_0.id,
        tp1_0.average_rating,
        tp1_0.bio,
        tp1_0.created_at,
        tp1_0.hourly_rate,
        tp1_0.status,
        tp1_0.subject,
        tp1_0.total_sessions,
        tp1_0.updated_at,
        tp1_0.user_id,
        tp1_0.years_of_experience 
    from
        tutor_profiles tp1_0 
    where
        tp1_0.user_id=?
Hibernate: 
    select
        s1_0.tutor_id,
        s1_0.subject_name 
    from
        tutor_subjects s1_0 
    where
        s1_0.tutor_id=?
Hibernate: 
    select
        u1_0.id,
        u1_0.active,
        u1_0.created_at,
        u1_0.email,
        u1_0.first_name,
        u1_0.last_name,
        u1_0.password,
        u1_0.phone_number,
        u1_0.role,
        u1_0.updated_at,
        u1_0.verified 
    from
        users u1_0 
    where
        u1_0.id=?
Hibernate: 
    select
        tp1_0.id,
        tp1_0.average_rating,
        tp1_0.bio,
        tp1_0.created_at,
        tp1_0.hourly_rate,
        tp1_0.status,
        tp1_0.subject,
        tp1_0.total_sessions,
        tp1_0.updated_at,
        tp1_0.user_id,
        tp1_0.years_of_experience 
    from
        tutor_profiles tp1_0 
    where
        tp1_0.user_id=?
Hibernate: 
    select
        s1_0.tutor_id,
        s1_0.subject_name 
    from
        tutor_subjects s1_0 
    where
        s1_0.tutor_id=?
Hibernate: 
    select
        u1_0.id,
        u1_0.active,
        u1_0.created_at,
        u1_0.email,
        u1_0.first_name,
        u1_0.last_name,
        u1_0.password,
        u1_0.phone_number,
        u1_0.role,
        u1_0.updated_at,
        u1_0.verified 
    from
        users u1_0 
    where
        u1_0.id=?
Hibernate: 
    select
        tp1_0.id,
        tp1_0.average_rating,
        tp1_0.bio,
        tp1_0.created_at,
        tp1_0.hourly_rate,
        tp1_0.status,
        tp1_0.subject,
        tp1_0.total_sessions,
        tp1_0.updated_at,
        tp1_0.user_id,
        tp1_0.years_of_experience 
    from
        tutor_profiles tp1_0 
    where
        tp1_0.user_id=?
Hibernate: 
    select
        s1_0.tutor_id,
        s1_0.subject_name 
    from
        tutor_subjects s1_0 
    where
        s1_0.tutor_id=?
2026-05-03T15:33:40.537+05:30 DEBUG 75622 --- [peer-tutoring-backend] [nio-8080-exec-1] o.s.security.web.FilterChainProxy        : Securing GET /api/tutors/search?minRating=4.5
2026-05-03T15:33:40.537+05:30 DEBUG 75622 --- [peer-tutoring-backend] [nio-8080-exec-1] c.t.security.JwtAuthenticationFilter     : JWT Token found: eyJhbGciOiJIUzM4NCJ9...
2026-05-03T15:33:40.539+05:30 DEBUG 75622 --- [peer-tutoring-backend] [nio-8080-exec-1] c.t.security.JwtAuthenticationFilter     : JWT valid, email: admin@peertutoring.com
Hibernate: 
    select
        u1_0.id,
        u1_0.active,
        u1_0.created_at,
        u1_0.email,
        u1_0.first_name,
        u1_0.last_name,
        u1_0.password,
        u1_0.phone_number,
        u1_0.role,
        u1_0.updated_at,
        u1_0.verified 
    from
        users u1_0 
    where
        u1_0.email=?
Hibernate: 
    select
        tp1_0.id,
        tp1_0.average_rating,
        tp1_0.bio,
        tp1_0.created_at,
        tp1_0.hourly_rate,
        tp1_0.status,
        tp1_0.subject,
        tp1_0.total_sessions,
        tp1_0.updated_at,
        tp1_0.user_id,
        tp1_0.years_of_experience 
    from
        tutor_profiles tp1_0 
    where
        tp1_0.user_id=?
2026-05-03T15:33:40.542+05:30 DEBUG 75622 --- [peer-tutoring-backend] [nio-8080-exec-1] c.t.security.JwtAuthenticationFilter     : Authentication set for user: admin@peertutoring.com
2026-05-03T15:33:40.543+05:30 DEBUG 75622 --- [peer-tutoring-backend] [nio-8080-exec-1] o.s.security.web.FilterChainProxy        : Secured GET /api/tutors/search?minRating=4.5
Hibernate: 
    select
        tp1_0.id,
        tp1_0.average_rating,
        tp1_0.bio,
        tp1_0.created_at,
        tp1_0.hourly_rate,
        tp1_0.status,
        tp1_0.subject,
        tp1_0.total_sessions,
        tp1_0.updated_at,
        tp1_0.user_id,
        tp1_0.years_of_experience 
    from
        tutor_profiles tp1_0 
    where
        tp1_0.status='APPROVED' 
        and (
            ? is null 
            or ?='' 
            or tp1_0.subject like ? escape ''
        ) 
        and (
            ? is null 
            or tp1_0.average_rating>=?
        )
Hibernate: 
    select
        u1_0.id,
        u1_0.active,
        u1_0.created_at,
        u1_0.email,
        u1_0.first_name,
        u1_0.last_name,
        u1_0.password,
        u1_0.phone_number,
        u1_0.role,
        u1_0.updated_at,
        u1_0.verified 
    from
        users u1_0 
    where
        u1_0.id=?
Hibernate: 
    select
        tp1_0.id,
        tp1_0.average_rating,
        tp1_0.bio,
        tp1_0.created_at,
        tp1_0.hourly_rate,
        tp1_0.status,
        tp1_0.subject,
        tp1_0.total_sessions,
        tp1_0.updated_at,
        tp1_0.user_id,
        tp1_0.years_of_experience 
    from
        tutor_profiles tp1_0 
    where
        tp1_0.user_id=?
Hibernate: 
    select
        s1_0.tutor_id,
        s1_0.subject_name 
    from
        tutor_subjects s1_0 
    where
        s1_0.tutor_id=?
Hibernate: 
    select
        u1_0.id,
        u1_0.active,
        u1_0.created_at,
        u1_0.email,
        u1_0.first_name,
        u1_0.last_name,
        u1_0.password,
        u1_0.phone_number,
        u1_0.role,
        u1_0.updated_at,
        u1_0.verified 
    from
        users u1_0 
    where
        u1_0.id=?
Hibernate: 
    select
        tp1_0.id,
        tp1_0.average_rating,
        tp1_0.bio,
        tp1_0.created_at,
        tp1_0.hourly_rate,
        tp1_0.status,
        tp1_0.subject,
        tp1_0.total_sessions,
        tp1_0.updated_at,
        tp1_0.user_id,
        tp1_0.years_of_experience 
    from
        tutor_profiles tp1_0 
    where
        tp1_0.user_id=?
Hibernate: 
    select
        s1_0.tutor_id,
        s1_0.subject_name 
    from
        tutor_subjects s1_0 
    where
        s1_0.tutor_id=?
Hibernate: 
    select
        u1_0.id,
        u1_0.active,
        u1_0.created_at,
        u1_0.email,
        u1_0.first_name,
        u1_0.last_name,
        u1_0.password,
        u1_0.phone_number,
        u1_0.role,
        u1_0.updated_at,
        u1_0.verified 
    from
        users u1_0 
    where
        u1_0.id=?
Hibernate: 
    select
        tp1_0.id,
        tp1_0.average_rating,
        tp1_0.bio,
        tp1_0.created_at,
        tp1_0.hourly_rate,
        tp1_0.status,
        tp1_0.subject,
        tp1_0.total_sessions,
        tp1_0.updated_at,
        tp1_0.user_id,
        tp1_0.years_of_experience 
    from
        tutor_profiles tp1_0 
    where
        tp1_0.user_id=?
Hibernate: 
    select
        s1_0.tutor_id,
        s1_0.subject_name 
    from
        tutor_subjects s1_0 
    where
        s1_0.tutor_id=?
2026-05-03T15:33:52.086+05:30 DEBUG 75622 --- [peer-tutoring-backend] [nio-8080-exec-2] o.s.security.web.FilterChainProxy        : Securing GET /api/tutors/search?minRating=4
2026-05-03T15:33:52.087+05:30 DEBUG 75622 --- [peer-tutoring-backend] [nio-8080-exec-2] c.t.security.JwtAuthenticationFilter     : JWT Token found: eyJhbGciOiJIUzM4NCJ9...
2026-05-03T15:33:52.089+05:30 DEBUG 75622 --- [peer-tutoring-backend] [nio-8080-exec-2] c.t.security.JwtAuthenticationFilter     : JWT valid, email: admin@peertutoring.com
Hibernate: 
    select
        u1_0.id,
        u1_0.active,
        u1_0.created_at,
        u1_0.email,
        u1_0.first_name,
        u1_0.last_name,
        u1_0.password,
        u1_0.phone_number,
        u1_0.role,
        u1_0.updated_at,
        u1_0.verified 
    from
        users u1_0 
    where
        u1_0.email=?
Hibernate: 
    select
        tp1_0.id,
        tp1_0.average_rating,
        tp1_0.bio,
        tp1_0.created_at,
        tp1_0.hourly_rate,
        tp1_0.status,
        tp1_0.subject,
        tp1_0.total_sessions,
        tp1_0.updated_at,
        tp1_0.user_id,
        tp1_0.years_of_experience 
    from
        tutor_profiles tp1_0 
    where
        tp1_0.user_id=?
2026-05-03T15:33:52.092+05:30 DEBUG 75622 --- [peer-tutoring-backend] [nio-8080-exec-2] c.t.security.JwtAuthenticationFilter     : Authentication set for user: admin@peertutoring.com
2026-05-03T15:33:52.092+05:30 DEBUG 75622 --- [peer-tutoring-backend] [nio-8080-exec-2] o.s.security.web.FilterChainProxy        : Secured GET /api/tutors/search?minRating=4
Hibernate: 
    select
        tp1_0.id,
        tp1_0.average_rating,
        tp1_0.bio,
        tp1_0.created_at,
        tp1_0.hourly_rate,
        tp1_0.status,
        tp1_0.subject,
        tp1_0.total_sessions,
        tp1_0.updated_at,
        tp1_0.user_id,
        tp1_0.years_of_experience 
    from
        tutor_profiles tp1_0 
    where
        tp1_0.status='APPROVED' 
        and (
            ? is null 
            or ?='' 
            or tp1_0.subject like ? escape ''
        ) 
        and (
            ? is null 
            or tp1_0.average_rating>=?
        )
Hibernate: 
    select
        u1_0.id,
        u1_0.active,
        u1_0.created_at,
        u1_0.email,
        u1_0.first_name,
        u1_0.last_name,
        u1_0.password,
        u1_0.phone_number,
        u1_0.role,
        u1_0.updated_at,
        u1_0.verified 
    from
        users u1_0 
    where
        u1_0.id=?
Hibernate: 
    select
        tp1_0.id,
        tp1_0.average_rating,
        tp1_0.bio,
        tp1_0.created_at,
        tp1_0.hourly_rate,
        tp1_0.status,
        tp1_0.subject,
        tp1_0.total_sessions,
        tp1_0.updated_at,
        tp1_0.user_id,
        tp1_0.years_of_experience 
    from
        tutor_profiles tp1_0 
    where
        tp1_0.user_id=?
Hibernate: 
    select
        s1_0.tutor_id,
        s1_0.subject_name 
    from
        tutor_subjects s1_0 
    where
        s1_0.tutor_id=?
Hibernate: 
    select
        u1_0.id,
        u1_0.active,
        u1_0.created_at,
        u1_0.email,
        u1_0.first_name,
        u1_0.last_name,
        u1_0.password,
        u1_0.phone_number,
        u1_0.role,
        u1_0.updated_at,
        u1_0.verified 
    from
        users u1_0 
    where
        u1_0.id=?
Hibernate: 
    select
        tp1_0.id,
        tp1_0.average_rating,
        tp1_0.bio,
        tp1_0.created_at,
        tp1_0.hourly_rate,
        tp1_0.status,
        tp1_0.subject,
        tp1_0.total_sessions,
        tp1_0.updated_at,
        tp1_0.user_id,
        tp1_0.years_of_experience 
    from
        tutor_profiles tp1_0 
    where
        tp1_0.user_id=?
Hibernate: 
    select
        s1_0.tutor_id,
        s1_0.subject_name 
    from
        tutor_subjects s1_0 
    where
        s1_0.tutor_id=?
Hibernate: 
    select
        u1_0.id,
        u1_0.active,
        u1_0.created_at,
        u1_0.email,
        u1_0.first_name,
        u1_0.last_name,
        u1_0.password,
        u1_0.phone_number,
        u1_0.role,
        u1_0.updated_at,
        u1_0.verified 
    from
        users u1_0 
    where
        u1_0.id=?
Hibernate: 
    select
        tp1_0.id,
        tp1_0.average_rating,
        tp1_0.bio,
        tp1_0.created_at,
        tp1_0.hourly_rate,
        tp1_0.status,
        tp1_0.subject,
        tp1_0.total_sessions,
        tp1_0.updated_at,
        tp1_0.user_id,
        tp1_0.years_of_experience 
    from
        tutor_profiles tp1_0 
    where
        tp1_0.user_id=?
Hibernate: 
    select
        s1_0.tutor_id,
        s1_0.subject_name 
    from
        tutor_subjects s1_0 
    where
        s1_0.tutor_id=?
2026-05-03T15:35:04.643+05:30 DEBUG 75622 --- [peer-tutoring-backend] [nio-8080-exec-4] o.s.security.web.FilterChainProxy        : Securing GET /favicon.ico
2026-05-03T15:35:04.643+05:30 DEBUG 75622 --- [peer-tutoring-backend] [nio-8080-exec-3] o.s.security.web.FilterChainProxy        : Securing GET /api/sessions/available
2026-05-03T15:35:04.649+05:30 DEBUG 75622 --- [peer-tutoring-backend] [nio-8080-exec-4] o.s.s.w.a.AnonymousAuthenticationFilter  : Set SecurityContextHolder to anonymous SecurityContext
2026-05-03T15:35:04.649+05:30 DEBUG 75622 --- [peer-tutoring-backend] [nio-8080-exec-3] o.s.s.w.a.AnonymousAuthenticationFilter  : Set SecurityContextHolder to anonymous SecurityContext
2026-05-03T15:35:04.654+05:30 DEBUG 75622 --- [peer-tutoring-backend] [nio-8080-exec-3] o.s.security.web.FilterChainProxy        : Secured GET /api/sessions/available
2026-05-03T15:35:04.663+05:30 DEBUG 75622 --- [peer-tutoring-backend] [nio-8080-exec-4] o.s.s.w.a.Http403ForbiddenEntryPoint     : Pre-authenticated entry point called. Rejecting access
2026-05-03T15:35:04.664+05:30 DEBUG 75622 --- [peer-tutoring-backend] [nio-8080-exec-4] o.s.security.web.FilterChainProxy        : Securing GET /error
2026-05-03T15:35:04.674+05:30 DEBUG 75622 --- [peer-tutoring-backend] [nio-8080-exec-4] o.s.s.w.a.AnonymousAuthenticationFilter  : Set SecurityContextHolder to anonymous SecurityContext
2026-05-03T15:35:04.674+05:30 DEBUG 75622 --- [peer-tutoring-backend] [nio-8080-exec-4] o.s.s.w.a.Http403ForbiddenEntryPoint     : Pre-authenticated entry point called. Rejecting access
Hibernate: 
    select
        s1_0.id,
        s1_0.created_at,
        s1_0.description,
        s1_0.end_time,
        s1_0.enrolled_students,
        s1_0.max_students,
        s1_0.price,
        s1_0.start_time,
        s1_0.status,
        s1_0.subject,
        s1_0.title,
        s1_0.tutor_id,
        s1_0.type,
        s1_0.updated_at 
    from
        sessions s1_0 
    where
        s1_0.status=?
Hibernate: 
    select
        u1_0.id,
        u1_0.active,
        u1_0.created_at,
        u1_0.email,
        u1_0.first_name,
        u1_0.last_name,
        u1_0.password,
        u1_0.phone_number,
        u1_0.role,
        u1_0.updated_at,
        u1_0.verified 
    from
        users u1_0 
    where
        u1_0.id=?
Hibernate: 
    select
        tp1_0.id,
        tp1_0.average_rating,
        tp1_0.bio,
        tp1_0.created_at,
        tp1_0.hourly_rate,
        tp1_0.status,
        tp1_0.subject,
        tp1_0.total_sessions,
        tp1_0.updated_at,
        tp1_0.user_id,
        tp1_0.years_of_experience 
    from
        tutor_profiles tp1_0 
    where
        tp1_0.user_id=?
Hibernate: 
    select
        u1_0.id,
        u1_0.active,
        u1_0.created_at,
        u1_0.email,
        u1_0.first_name,
        u1_0.last_name,
        u1_0.password,
        u1_0.phone_number,
        u1_0.role,
        u1_0.updated_at,
        u1_0.verified 
    from
        users u1_0 
    where
        u1_0.id=?
Hibernate: 
    select
        tp1_0.id,
        tp1_0.average_rating,
        tp1_0.bio,
        tp1_0.created_at,
        tp1_0.hourly_rate,
        tp1_0.status,
        tp1_0.subject,
        tp1_0.total_sessions,
        tp1_0.updated_at,
        tp1_0.user_id,
        tp1_0.years_of_experience 
    from
        tutor_profiles tp1_0 
    where
        tp1_0.user_id=?
Hibernate: 
    select
        u1_0.id,
        u1_0.active,
        u1_0.created_at,
        u1_0.email,
        u1_0.first_name,
        u1_0.last_name,
        u1_0.password,
        u1_0.phone_number,
        u1_0.role,
        u1_0.updated_at,
        u1_0.verified 
    from
        users u1_0 
    where
        u1_0.id=?
Hibernate: 
    select
        tp1_0.id,
        tp1_0.average_rating,
        tp1_0.bio,
        tp1_0.created_at,
        tp1_0.hourly_rate,
        tp1_0.status,
        tp1_0.subject,
        tp1_0.total_sessions,
        tp1_0.updated_at,
        tp1_0.user_id,
        tp1_0.years_of_experience 
    from
        tutor_profiles tp1_0 
    where
        tp1_0.user_id=?
2026-05-03T15:35:04.729+05:30 DEBUG 75622 --- [peer-tutoring-backend] [nio-8080-exec-5] o.s.security.web.FilterChainProxy        : Securing GET /api/sessions/available
2026-05-03T15:35:04.730+05:30 DEBUG 75622 --- [peer-tutoring-backend] [nio-8080-exec-5] o.s.s.w.a.AnonymousAuthenticationFilter  : Set SecurityContextHolder to anonymous SecurityContext
2026-05-03T15:35:04.731+05:30 DEBUG 75622 --- [peer-tutoring-backend] [nio-8080-exec-5] o.s.security.web.FilterChainProxy        : Secured GET /api/sessions/available
Hibernate: 
    select
        s1_0.id,
        s1_0.created_at,
        s1_0.description,
        s1_0.end_time,
        s1_0.enrolled_students,
        s1_0.max_students,
        s1_0.price,
        s1_0.start_time,
        s1_0.status,
        s1_0.subject,
        s1_0.title,
        s1_0.tutor_id,
        s1_0.type,
        s1_0.updated_at 
    from
        sessions s1_0 
    where
        s1_0.status=?
Hibernate: 
    select
        u1_0.id,
        u1_0.active,
        u1_0.created_at,
        u1_0.email,
        u1_0.first_name,
        u1_0.last_name,
        u1_0.password,
        u1_0.phone_number,
        u1_0.role,
        u1_0.updated_at,
        u1_0.verified 
    from
        users u1_0 
    where
        u1_0.id=?
Hibernate: 
    select
        tp1_0.id,
        tp1_0.average_rating,
        tp1_0.bio,
        tp1_0.created_at,
        tp1_0.hourly_rate,
        tp1_0.status,
        tp1_0.subject,
        tp1_0.total_sessions,
        tp1_0.updated_at,
        tp1_0.user_id,
        tp1_0.years_of_experience 
    from
        tutor_profiles tp1_0 
    where
        tp1_0.user_id=?
Hibernate: 
    select
        u1_0.id,
        u1_0.active,
        u1_0.created_at,
        u1_0.email,
        u1_0.first_name,
        u1_0.last_name,
        u1_0.password,
        u1_0.phone_number,
        u1_0.role,
        u1_0.updated_at,
        u1_0.verified 
    from
        users u1_0 
    where
        u1_0.id=?
Hibernate: 
    select
        tp1_0.id,
        tp1_0.average_rating,
        tp1_0.bio,
        tp1_0.created_at,
        tp1_0.hourly_rate,
        tp1_0.status,
        tp1_0.subject,
        tp1_0.total_sessions,
        tp1_0.updated_at,
        tp1_0.user_id,
        tp1_0.years_of_experience 
    from
        tutor_profiles tp1_0 
    where
        tp1_0.user_id=?
Hibernate: 
    select
        u1_0.id,
        u1_0.active,
        u1_0.created_at,
        u1_0.email,
        u1_0.first_name,
        u1_0.last_name,
        u1_0.password,
        u1_0.phone_number,
        u1_0.role,
        u1_0.updated_at,
        u1_0.verified 
    from
        users u1_0 
    where
        u1_0.id=?
Hibernate: 
    select
        tp1_0.id,
        tp1_0.average_rating,
        tp1_0.bio,
        tp1_0.created_at,
        tp1_0.hourly_rate,
        tp1_0.status,
        tp1_0.subject,
        tp1_0.total_sessions,
        tp1_0.updated_at,
        tp1_0.user_id,
        tp1_0.years_of_experience 
    from
        tutor_profiles tp1_0 
    where
        tp1_0.user_id=?
2026-05-03T15:35:07.268+05:30 DEBUG 75622 --- [peer-tutoring-backend] [nio-8080-exec-6] o.s.security.web.FilterChainProxy        : Securing GET /api/sessions/available
2026-05-03T15:35:07.268+05:30 DEBUG 75622 --- [peer-tutoring-backend] [nio-8080-exec-8] o.s.security.web.FilterChainProxy        : Securing GET /api/tutors
2026-05-03T15:35:07.268+05:30 DEBUG 75622 --- [peer-tutoring-backend] [nio-8080-exec-7] o.s.security.web.FilterChainProxy        : Securing GET /favicon.ico
2026-05-03T15:35:07.268+05:30 DEBUG 75622 --- [peer-tutoring-backend] [nio-8080-exec-8] o.s.s.w.a.AnonymousAuthenticationFilter  : Set SecurityContextHolder to anonymous SecurityContext
2026-05-03T15:35:07.268+05:30 DEBUG 75622 --- [peer-tutoring-backend] [nio-8080-exec-7] o.s.s.w.a.AnonymousAuthenticationFilter  : Set SecurityContextHolder to anonymous SecurityContext
2026-05-03T15:35:07.269+05:30 DEBUG 75622 --- [peer-tutoring-backend] [nio-8080-exec-6] o.s.s.w.a.AnonymousAuthenticationFilter  : Set SecurityContextHolder to anonymous SecurityContext
2026-05-03T15:35:07.269+05:30 DEBUG 75622 --- [peer-tutoring-backend] [nio-8080-exec-6] o.s.security.web.FilterChainProxy        : Secured GET /api/sessions/available
2026-05-03T15:35:07.270+05:30 DEBUG 75622 --- [peer-tutoring-backend] [nio-8080-exec-8] o.s.security.web.FilterChainProxy        : Secured GET /api/tutors
Hibernate: 
    select
        s1_0.id,
        s1_0.created_at,
        s1_0.description,
        s1_0.end_time,
        s1_0.enrolled_students,
        s1_0.max_students,
        s1_0.price,
        s1_0.start_time,
        s1_0.status,
        s1_0.subject,
        s1_0.title,
        s1_0.tutor_id,
        s1_0.type,
        s1_0.updated_at 
    from
        sessions s1_0 
    where
        s1_0.status=?
Hibernate: 
    select
        tp1_0.id,
        tp1_0.average_rating,
        tp1_0.bio,
        tp1_0.created_at,
        tp1_0.hourly_rate,
        tp1_0.status,
        tp1_0.subject,
        tp1_0.total_sessions,
        tp1_0.updated_at,
        tp1_0.user_id,
        tp1_0.years_of_experience 
    from
        tutor_profiles tp1_0 
    where
        tp1_0.status=?
2026-05-03T15:35:07.273+05:30 DEBUG 75622 --- [peer-tutoring-backend] [nio-8080-exec-7] o.s.s.w.a.Http403ForbiddenEntryPoint     : Pre-authenticated entry point called. Rejecting access
2026-05-03T15:35:07.274+05:30 DEBUG 75622 --- [peer-tutoring-backend] [nio-8080-exec-7] o.s.security.web.FilterChainProxy        : Securing GET /error
Hibernate: 
    select
        u1_0.id,
        u1_0.active,
        u1_0.created_at,
        u1_0.email,
        u1_0.first_name,
        u1_0.last_name,
        u1_0.password,
        u1_0.phone_number,
        u1_0.role,
        u1_0.updated_at,
        u1_0.verified 
    from
        users u1_0 
    where
        u1_0.id=?
Hibernate: 
    select
        u1_0.id,
        u1_0.active,
        u1_0.created_at,
        u1_0.email,
        u1_0.first_name,
        u1_0.last_name,
        u1_0.password,
        u1_0.phone_number,
        u1_0.role,
        u1_0.updated_at,
        u1_0.verified 
    from
        users u1_0 
    where
        u1_0.id=?
Hibernate: 
    select
        tp1_0.id,
        tp1_0.average_rating,
        tp1_0.bio,
        tp1_0.created_at,
        tp1_0.hourly_rate,
        tp1_0.status,
        tp1_0.subject,
        tp1_0.total_sessions,
        tp1_0.updated_at,
        tp1_0.user_id,
        tp1_0.years_of_experience 
    from
        tutor_profiles tp1_0 
    where
        tp1_0.user_id=?
Hibernate: 
    select
        tp1_0.id,
        tp1_0.average_rating,
        tp1_0.bio,
        tp1_0.created_at,
        tp1_0.hourly_rate,
        tp1_0.status,
        tp1_0.subject,
        tp1_0.total_sessions,
        tp1_0.updated_at,
        tp1_0.user_id,
        tp1_0.years_of_experience 
    from
        tutor_profiles tp1_0 
    where
        tp1_0.user_id=?
2026-05-03T15:35:07.278+05:30 DEBUG 75622 --- [peer-tutoring-backend] [nio-8080-exec-7] o.s.s.w.a.AnonymousAuthenticationFilter  : Set SecurityContextHolder to anonymous SecurityContext
Hibernate: 
    select
        s1_0.tutor_id,
        s1_0.subject_name 
    from
        tutor_subjects s1_0 
    where
        s1_0.tutor_id=?
2026-05-03T15:35:07.278+05:30 DEBUG 75622 --- [peer-tutoring-backend] [nio-8080-exec-7] o.s.s.w.a.Http403ForbiddenEntryPoint     : Pre-authenticated entry point called. Rejecting access
Hibernate: 
    select
        u1_0.id,
        u1_0.active,
        u1_0.created_at,
        u1_0.email,
        u1_0.first_name,
        u1_0.last_name,
        u1_0.password,
        u1_0.phone_number,
        u1_0.role,
        u1_0.updated_at,
        u1_0.verified 
    from
        users u1_0 
    where
        u1_0.id=?
Hibernate: 
    select
        tp1_0.id,
        tp1_0.average_rating,
        tp1_0.bio,
        tp1_0.created_at,
        tp1_0.hourly_rate,
        tp1_0.status,
        tp1_0.subject,
        tp1_0.total_sessions,
        tp1_0.updated_at,
        tp1_0.user_id,
        tp1_0.years_of_experience 
    from
        tutor_profiles tp1_0 
    where
        tp1_0.user_id=?
Hibernate: 
    select
        u1_0.id,
        u1_0.active,
        u1_0.created_at,
        u1_0.email,
        u1_0.first_name,
        u1_0.last_name,
        u1_0.password,
        u1_0.phone_number,
        u1_0.role,
        u1_0.updated_at,
        u1_0.verified 
    from
        users u1_0 
    where
        u1_0.id=?
Hibernate: 
    select
        tp1_0.id,
        tp1_0.average_rating,
        tp1_0.bio,
        tp1_0.created_at,
        tp1_0.hourly_rate,
        tp1_0.status,
        tp1_0.subject,
        tp1_0.total_sessions,
        tp1_0.updated_at,
        tp1_0.user_id,
        tp1_0.years_of_experience 
    from
        tutor_profiles tp1_0 
    where
        tp1_0.user_id=?
Hibernate: 
    select
        u1_0.id,
        u1_0.active,
        u1_0.created_at,
        u1_0.email,
        u1_0.first_name,
        u1_0.last_name,
        u1_0.password,
        u1_0.phone_number,
        u1_0.role,
        u1_0.updated_at,
        u1_0.verified 
    from
        users u1_0 
    where
        u1_0.id=?
Hibernate: 
    select
        s1_0.tutor_id,
        s1_0.subject_name 
    from
        tutor_subjects s1_0 
    where
        s1_0.tutor_id=?
Hibernate: 
    select
        tp1_0.id,
        tp1_0.average_rating,
        tp1_0.bio,
        tp1_0.created_at,
        tp1_0.hourly_rate,
        tp1_0.status,
        tp1_0.subject,
        tp1_0.total_sessions,
        tp1_0.updated_at,
        tp1_0.user_id,
        tp1_0.years_of_experience 
    from
        tutor_profiles tp1_0 
    where
        tp1_0.user_id=?
Hibernate: 
    select
        u1_0.id,
        u1_0.active,
        u1_0.created_at,
        u1_0.email,
        u1_0.first_name,
        u1_0.last_name,
        u1_0.password,
        u1_0.phone_number,
        u1_0.role,
        u1_0.updated_at,
        u1_0.verified 
    from
        users u1_0 
    where
        u1_0.id=?
Hibernate: 
    select
        tp1_0.id,
        tp1_0.average_rating,
        tp1_0.bio,
        tp1_0.created_at,
        tp1_0.hourly_rate,
        tp1_0.status,
        tp1_0.subject,
        tp1_0.total_sessions,
        tp1_0.updated_at,
        tp1_0.user_id,
        tp1_0.years_of_experience 
    from
        tutor_profiles tp1_0 
    where
        tp1_0.user_id=?
Hibernate: 
    select
        s1_0.tutor_id,
        s1_0.subject_name 
    from
        tutor_subjects s1_0 
    where
        s1_0.tutor_id=?
Hibernate: 
    select
        u1_0.id,
        u1_0.active,
        u1_0.created_at,
        u1_0.email,
        u1_0.first_name,
        u1_0.last_name,
        u1_0.password,
        u1_0.phone_number,
        u1_0.role,
        u1_0.updated_at,
        u1_0.verified 
    from
        users u1_0 
    where
        u1_0.id=?
Hibernate: 
    select
        tp1_0.id,
        tp1_0.average_rating,
        tp1_0.bio,
        tp1_0.created_at,
        tp1_0.hourly_rate,
        tp1_0.status,
        tp1_0.subject,
        tp1_0.total_sessions,
        tp1_0.updated_at,
        tp1_0.user_id,
        tp1_0.years_of_experience 
    from
        tutor_profiles tp1_0 
    where
        tp1_0.user_id=?
Hibernate: 
    select
        s1_0.tutor_id,
        s1_0.subject_name 
    from
        tutor_subjects s1_0 
    where
        s1_0.tutor_id=?
2026-05-03T15:35:07.290+05:30 DEBUG 75622 --- [peer-tutoring-backend] [io-8080-exec-10] o.s.security.web.FilterChainProxy        : Securing GET /api/sessions/available
2026-05-03T15:35:07.291+05:30 DEBUG 75622 --- [peer-tutoring-backend] [io-8080-exec-10] o.s.s.w.a.AnonymousAuthenticationFilter  : Set SecurityContextHolder to anonymous SecurityContext
2026-05-03T15:35:07.292+05:30 DEBUG 75622 --- [peer-tutoring-backend] [io-8080-exec-10] o.s.security.web.FilterChainProxy        : Secured GET /api/sessions/available
2026-05-03T15:35:07.294+05:30 DEBUG 75622 --- [peer-tutoring-backend] [nio-8080-exec-9] o.s.security.web.FilterChainProxy        : Securing GET /api/tutors
Hibernate: 
    select
        s1_0.id,
        s1_0.created_at,
        s1_0.description,
        s1_0.end_time,
        s1_0.enrolled_students,
        s1_0.max_students,
        s1_0.price,
        s1_0.start_time,
        s1_0.status,
        s1_0.subject,
        s1_0.title,
        s1_0.tutor_id,
        s1_0.type,
        s1_0.updated_at 
    from
        sessions s1_0 
    where
        s1_0.status=?
2026-05-03T15:35:07.294+05:30 DEBUG 75622 --- [peer-tutoring-backend] [nio-8080-exec-9] o.s.s.w.a.AnonymousAuthenticationFilter  : Set SecurityContextHolder to anonymous SecurityContext
2026-05-03T15:35:07.295+05:30 DEBUG 75622 --- [peer-tutoring-backend] [nio-8080-exec-9] o.s.security.web.FilterChainProxy        : Secured GET /api/tutors
Hibernate: 
    select
        u1_0.id,
        u1_0.active,
        u1_0.created_at,
        u1_0.email,
        u1_0.first_name,
        u1_0.last_name,
        u1_0.password,
        u1_0.phone_number,
        u1_0.role,
        u1_0.updated_at,
        u1_0.verified 
    from
        users u1_0 
    where
        u1_0.id=?
Hibernate: 
    select
        tp1_0.id,
        tp1_0.average_rating,
        tp1_0.bio,
        tp1_0.created_at,
        tp1_0.hourly_rate,
        tp1_0.status,
        tp1_0.subject,
        tp1_0.total_sessions,
        tp1_0.updated_at,
        tp1_0.user_id,
        tp1_0.years_of_experience 
    from
        tutor_profiles tp1_0 
    where
        tp1_0.user_id=?
Hibernate: 
    select
        tp1_0.id,
        tp1_0.average_rating,
        tp1_0.bio,
        tp1_0.created_at,
        tp1_0.hourly_rate,
        tp1_0.status,
        tp1_0.subject,
        tp1_0.total_sessions,
        tp1_0.updated_at,
        tp1_0.user_id,
        tp1_0.years_of_experience 
    from
        tutor_profiles tp1_0 
    where
        tp1_0.status=?
Hibernate: 
    select
        u1_0.id,
        u1_0.active,
        u1_0.created_at,
        u1_0.email,
        u1_0.first_name,
        u1_0.last_name,
        u1_0.password,
        u1_0.phone_number,
        u1_0.role,
        u1_0.updated_at,
        u1_0.verified 
    from
        users u1_0 
    where
        u1_0.id=?
Hibernate: 
    select
        tp1_0.id,
        tp1_0.average_rating,
        tp1_0.bio,
        tp1_0.created_at,
        tp1_0.hourly_rate,
        tp1_0.status,
        tp1_0.subject,
        tp1_0.total_sessions,
        tp1_0.updated_at,
        tp1_0.user_id,
        tp1_0.years_of_experience 
    from
        tutor_profiles tp1_0 
    where
        tp1_0.user_id=?
Hibernate: 
    select
        u1_0.id,
        u1_0.active,
        u1_0.created_at,
        u1_0.email,
        u1_0.first_name,
        u1_0.last_name,
        u1_0.password,
        u1_0.phone_number,
        u1_0.role,
        u1_0.updated_at,
        u1_0.verified 
    from
        users u1_0 
    where
        u1_0.id=?
Hibernate: 
    select
        u1_0.id,
        u1_0.active,
        u1_0.created_at,
        u1_0.email,
        u1_0.first_name,
        u1_0.last_name,
        u1_0.password,
        u1_0.phone_number,
        u1_0.role,
        u1_0.updated_at,
        u1_0.verified 
    from
        users u1_0 
    where
        u1_0.id=?
Hibernate: 
    select
        tp1_0.id,
        tp1_0.average_rating,
        tp1_0.bio,
        tp1_0.created_at,
        tp1_0.hourly_rate,
        tp1_0.status,
        tp1_0.subject,
        tp1_0.total_sessions,
        tp1_0.updated_at,
        tp1_0.user_id,
        tp1_0.years_of_experience 
    from
        tutor_profiles tp1_0 
    where
        tp1_0.user_id=?
Hibernate: 
    select
        tp1_0.id,
        tp1_0.average_rating,
        tp1_0.bio,
        tp1_0.created_at,
        tp1_0.hourly_rate,
        tp1_0.status,
        tp1_0.subject,
        tp1_0.total_sessions,
        tp1_0.updated_at,
        tp1_0.user_id,
        tp1_0.years_of_experience 
    from
        tutor_profiles tp1_0 
    where
        tp1_0.user_id=?
Hibernate: 
    select
        s1_0.tutor_id,
        s1_0.subject_name 
    from
        tutor_subjects s1_0 
    where
        s1_0.tutor_id=?
Hibernate: 
    select
        u1_0.id,
        u1_0.active,
        u1_0.created_at,
        u1_0.email,
        u1_0.first_name,
        u1_0.last_name,
        u1_0.password,
        u1_0.phone_number,
        u1_0.role,
        u1_0.updated_at,
        u1_0.verified 
    from
        users u1_0 
    where
        u1_0.id=?
Hibernate: 
    select
        tp1_0.id,
        tp1_0.average_rating,
        tp1_0.bio,
        tp1_0.created_at,
        tp1_0.hourly_rate,
        tp1_0.status,
        tp1_0.subject,
        tp1_0.total_sessions,
        tp1_0.updated_at,
        tp1_0.user_id,
        tp1_0.years_of_experience 
    from
        tutor_profiles tp1_0 
    where
        tp1_0.user_id=?
Hibernate: 
    select
        s1_0.tutor_id,
        s1_0.subject_name 
    from
        tutor_subjects s1_0 
    where
        s1_0.tutor_id=?
Hibernate: 
    select
        u1_0.id,
        u1_0.active,
        u1_0.created_at,
        u1_0.email,
        u1_0.first_name,
        u1_0.last_name,
        u1_0.password,
        u1_0.phone_number,
        u1_0.role,
        u1_0.updated_at,
        u1_0.verified 
    from
        users u1_0 
    where
        u1_0.id=?
Hibernate: 
    select
        tp1_0.id,
        tp1_0.average_rating,
        tp1_0.bio,
        tp1_0.created_at,
        tp1_0.hourly_rate,
        tp1_0.status,
        tp1_0.subject,
        tp1_0.total_sessions,
        tp1_0.updated_at,
        tp1_0.user_id,
        tp1_0.years_of_experience 
    from
        tutor_profiles tp1_0 
    where
        tp1_0.user_id=?
Hibernate: 
    select
        s1_0.tutor_id,
        s1_0.subject_name 
    from
        tutor_subjects s1_0 
    where
        s1_0.tutor_id=?
Hibernate: 
    select
        u1_0.id,
        u1_0.active,
        u1_0.created_at,
        u1_0.email,
        u1_0.first_name,
        u1_0.last_name,
        u1_0.password,
        u1_0.phone_number,
        u1_0.role,
        u1_0.updated_at,
        u1_0.verified 
    from
        users u1_0 
    where
        u1_0.id=?
Hibernate: 
    select
        tp1_0.id,
        tp1_0.average_rating,
        tp1_0.bio,
        tp1_0.created_at,
        tp1_0.hourly_rate,
        tp1_0.status,
        tp1_0.subject,
        tp1_0.total_sessions,
        tp1_0.updated_at,
        tp1_0.user_id,
        tp1_0.years_of_experience 
    from
        tutor_profiles tp1_0 
    where
        tp1_0.user_id=?
Hibernate: 
    select
        s1_0.tutor_id,
        s1_0.subject_name 
    from
        tutor_subjects s1_0 
    where
        s1_0.tutor_id=?
2026-05-03T15:35:17.111+05:30 DEBUG 75622 --- [peer-tutoring-backend] [nio-8080-exec-2] o.s.security.web.FilterChainProxy        : Securing GET /favicon.ico
2026-05-03T15:35:17.111+05:30 DEBUG 75622 --- [peer-tutoring-backend] [nio-8080-exec-1] o.s.security.web.FilterChainProxy        : Securing GET /api/sessions/available
2026-05-03T15:35:17.113+05:30 DEBUG 75622 --- [peer-tutoring-backend] [nio-8080-exec-2] o.s.s.w.a.AnonymousAuthenticationFilter  : Set SecurityContextHolder to anonymous SecurityContext
2026-05-03T15:35:17.113+05:30 DEBUG 75622 --- [peer-tutoring-backend] [nio-8080-exec-1] o.s.s.w.a.AnonymousAuthenticationFilter  : Set SecurityContextHolder to anonymous SecurityContext
2026-05-03T15:35:17.115+05:30 DEBUG 75622 --- [peer-tutoring-backend] [nio-8080-exec-1] o.s.security.web.FilterChainProxy        : Secured GET /api/sessions/available
2026-05-03T15:35:17.117+05:30 DEBUG 75622 --- [peer-tutoring-backend] [nio-8080-exec-2] o.s.s.w.a.Http403ForbiddenEntryPoint     : Pre-authenticated entry point called. Rejecting access
2026-05-03T15:35:17.119+05:30 DEBUG 75622 --- [peer-tutoring-backend] [nio-8080-exec-2] o.s.security.web.FilterChainProxy        : Securing GET /error
2026-05-03T15:35:17.121+05:30 DEBUG 75622 --- [peer-tutoring-backend] [nio-8080-exec-2] o.s.s.w.a.AnonymousAuthenticationFilter  : Set SecurityContextHolder to anonymous SecurityContext
2026-05-03T15:35:17.122+05:30 DEBUG 75622 --- [peer-tutoring-backend] [nio-8080-exec-2] o.s.s.w.a.Http403ForbiddenEntryPoint     : Pre-authenticated entry point called. Rejecting access
Hibernate: 
    select
        s1_0.id,
        s1_0.created_at,
        s1_0.description,
        s1_0.end_time,
        s1_0.enrolled_students,
        s1_0.max_students,
        s1_0.price,
        s1_0.start_time,
        s1_0.status,
        s1_0.subject,
        s1_0.title,
        s1_0.tutor_id,
        s1_0.type,
        s1_0.updated_at 
    from
        sessions s1_0 
    where
        s1_0.status=?
Hibernate: 
    select
        u1_0.id,
        u1_0.active,
        u1_0.created_at,
        u1_0.email,
        u1_0.first_name,
        u1_0.last_name,
        u1_0.password,
        u1_0.phone_number,
        u1_0.role,
        u1_0.updated_at,
        u1_0.verified 
    from
        users u1_0 
    where
        u1_0.id=?
Hibernate: 
    select
        tp1_0.id,
        tp1_0.average_rating,
        tp1_0.bio,
        tp1_0.created_at,
        tp1_0.hourly_rate,
        tp1_0.status,
        tp1_0.subject,
        tp1_0.total_sessions,
        tp1_0.updated_at,
        tp1_0.user_id,
        tp1_0.years_of_experience 
    from
        tutor_profiles tp1_0 
    where
        tp1_0.user_id=?
Hibernate: 
    select
        u1_0.id,
        u1_0.active,
        u1_0.created_at,
        u1_0.email,
        u1_0.first_name,
        u1_0.last_name,
        u1_0.password,
        u1_0.phone_number,
        u1_0.role,
        u1_0.updated_at,
        u1_0.verified 
    from
        users u1_0 
    where
        u1_0.id=?
Hibernate: 
    select
        tp1_0.id,
        tp1_0.average_rating,
        tp1_0.bio,
        tp1_0.created_at,
        tp1_0.hourly_rate,
        tp1_0.status,
        tp1_0.subject,
        tp1_0.total_sessions,
        tp1_0.updated_at,
        tp1_0.user_id,
        tp1_0.years_of_experience 
    from
        tutor_profiles tp1_0 
    where
        tp1_0.user_id=?
Hibernate: 
    select
        u1_0.id,
        u1_0.active,
        u1_0.created_at,
        u1_0.email,
        u1_0.first_name,
        u1_0.last_name,
        u1_0.password,
        u1_0.phone_number,
        u1_0.role,
        u1_0.updated_at,
        u1_0.verified 
    from
        users u1_0 
    where
        u1_0.id=?
Hibernate: 
    select
        tp1_0.id,
        tp1_0.average_rating,
        tp1_0.bio,
        tp1_0.created_at,
        tp1_0.hourly_rate,
        tp1_0.status,
        tp1_0.subject,
        tp1_0.total_sessions,
        tp1_0.updated_at,
        tp1_0.user_id,
        tp1_0.years_of_experience 
    from
        tutor_profiles tp1_0 
    where
        tp1_0.user_id=?
2026-05-03T15:35:17.163+05:30 DEBUG 75622 --- [peer-tutoring-backend] [nio-8080-exec-4] o.s.security.web.FilterChainProxy        : Securing GET /api/sessions/available
2026-05-03T15:35:17.163+05:30 DEBUG 75622 --- [peer-tutoring-backend] [nio-8080-exec-4] o.s.s.w.a.AnonymousAuthenticationFilter  : Set SecurityContextHolder to anonymous SecurityContext
2026-05-03T15:35:17.164+05:30 DEBUG 75622 --- [peer-tutoring-backend] [nio-8080-exec-4] o.s.security.web.FilterChainProxy        : Secured GET /api/sessions/available
Hibernate: 
    select
        s1_0.id,
        s1_0.created_at,
        s1_0.description,
        s1_0.end_time,
        s1_0.enrolled_students,
        s1_0.max_students,
        s1_0.price,
        s1_0.start_time,
        s1_0.status,
        s1_0.subject,
        s1_0.title,
        s1_0.tutor_id,
        s1_0.type,
        s1_0.updated_at 
    from
        sessions s1_0 
    where
        s1_0.status=?
Hibernate: 
    select
        u1_0.id,
        u1_0.active,
        u1_0.created_at,
        u1_0.email,
        u1_0.first_name,
        u1_0.last_name,
        u1_0.password,
        u1_0.phone_number,
        u1_0.role,
        u1_0.updated_at,
        u1_0.verified 
    from
        users u1_0 
    where
        u1_0.id=?
Hibernate: 
    select
        tp1_0.id,
        tp1_0.average_rating,
        tp1_0.bio,
        tp1_0.created_at,
        tp1_0.hourly_rate,
        tp1_0.status,
        tp1_0.subject,
        tp1_0.total_sessions,
        tp1_0.updated_at,
        tp1_0.user_id,
        tp1_0.years_of_experience 
    from
        tutor_profiles tp1_0 
    where
        tp1_0.user_id=?
Hibernate: 
    select
        u1_0.id,
        u1_0.active,
        u1_0.created_at,
        u1_0.email,
        u1_0.first_name,
        u1_0.last_name,
        u1_0.password,
        u1_0.phone_number,
        u1_0.role,
        u1_0.updated_at,
        u1_0.verified 
    from
        users u1_0 
    where
        u1_0.id=?
Hibernate: 
    select
        tp1_0.id,
        tp1_0.average_rating,
        tp1_0.bio,
        tp1_0.created_at,
        tp1_0.hourly_rate,
        tp1_0.status,
        tp1_0.subject,
        tp1_0.total_sessions,
        tp1_0.updated_at,
        tp1_0.user_id,
        tp1_0.years_of_experience 
    from
        tutor_profiles tp1_0 
    where
        tp1_0.user_id=?
Hibernate: 
    select
        u1_0.id,
        u1_0.active,
        u1_0.created_at,
        u1_0.email,
        u1_0.first_name,
        u1_0.last_name,
        u1_0.password,
        u1_0.phone_number,
        u1_0.role,
        u1_0.updated_at,
        u1_0.verified 
    from
        users u1_0 
    where
        u1_0.id=?
Hibernate: 
    select
        tp1_0.id,
        tp1_0.average_rating,
        tp1_0.bio,
        tp1_0.created_at,
        tp1_0.hourly_rate,
        tp1_0.status,
        tp1_0.subject,
        tp1_0.total_sessions,
        tp1_0.updated_at,
        tp1_0.user_id,
        tp1_0.years_of_experience 
    from
        tutor_profiles tp1_0 
    where
        tp1_0.user_id=?
2026-05-03T15:35:25.082+05:30 DEBUG 75622 --- [peer-tutoring-backend] [nio-8080-exec-3] o.s.security.web.FilterChainProxy        : Securing GET /favicon.ico
2026-05-03T15:35:25.082+05:30 DEBUG 75622 --- [peer-tutoring-backend] [nio-8080-exec-3] o.s.s.w.a.AnonymousAuthenticationFilter  : Set SecurityContextHolder to anonymous SecurityContext
2026-05-03T15:35:25.084+05:30 DEBUG 75622 --- [peer-tutoring-backend] [nio-8080-exec-3] o.s.s.w.a.Http403ForbiddenEntryPoint     : Pre-authenticated entry point called. Rejecting access
2026-05-03T15:35:25.085+05:30 DEBUG 75622 --- [peer-tutoring-backend] [nio-8080-exec-3] o.s.security.web.FilterChainProxy        : Securing GET /error
2026-05-03T15:35:25.087+05:30 DEBUG 75622 --- [peer-tutoring-backend] [nio-8080-exec-3] o.s.s.w.a.AnonymousAuthenticationFilter  : Set SecurityContextHolder to anonymous SecurityContext
2026-05-03T15:35:25.087+05:30 DEBUG 75622 --- [peer-tutoring-backend] [nio-8080-exec-3] o.s.s.w.a.Http403ForbiddenEntryPoint     : Pre-authenticated entry point called. Rejecting access
2026-05-03T15:35:33.595+05:30 DEBUG 75622 --- [peer-tutoring-backend] [nio-8080-exec-5] o.s.security.web.FilterChainProxy        : Securing POST /api/auth/login
2026-05-03T15:35:33.604+05:30 DEBUG 75622 --- [peer-tutoring-backend] [nio-8080-exec-5] o.s.s.w.a.AnonymousAuthenticationFilter  : Set SecurityContextHolder to anonymous SecurityContext
2026-05-03T15:35:33.605+05:30 DEBUG 75622 --- [peer-tutoring-backend] [nio-8080-exec-5] o.s.security.web.FilterChainProxy        : Secured POST /api/auth/login
Hibernate: 
    select
        u1_0.id,
        u1_0.active,
        u1_0.created_at,
        u1_0.email,
        u1_0.first_name,
        u1_0.last_name,
        u1_0.password,
        u1_0.phone_number,
        u1_0.role,
        u1_0.updated_at,
        u1_0.verified 
    from
        users u1_0 
    where
        u1_0.email=?
Hibernate: 
    select
        tp1_0.id,
        tp1_0.average_rating,
        tp1_0.bio,
        tp1_0.created_at,
        tp1_0.hourly_rate,
        tp1_0.status,
        tp1_0.subject,
        tp1_0.total_sessions,
        tp1_0.updated_at,
        tp1_0.user_id,
        tp1_0.years_of_experience 
    from
        tutor_profiles tp1_0 
    where
        tp1_0.user_id=?
2026-05-03T15:35:33.970+05:30 DEBUG 75622 --- [peer-tutoring-backend] [nio-8080-exec-5] o.s.s.a.dao.DaoAuthenticationProvider    : Authenticated user
2026-05-03T15:35:34.003+05:30 DEBUG 75622 --- [peer-tutoring-backend] [nio-8080-exec-7] o.s.security.web.FilterChainProxy        : Securing GET /api/tutor/bookings
2026-05-03T15:35:34.004+05:30 DEBUG 75622 --- [peer-tutoring-backend] [nio-8080-exec-6] o.s.security.web.FilterChainProxy        : Securing GET /favicon.ico
2026-05-03T15:35:34.004+05:30 DEBUG 75622 --- [peer-tutoring-backend] [nio-8080-exec-6] o.s.s.w.a.AnonymousAuthenticationFilter  : Set SecurityContextHolder to anonymous SecurityContext
2026-05-03T15:35:34.004+05:30 DEBUG 75622 --- [peer-tutoring-backend] [nio-8080-exec-7] c.t.security.JwtAuthenticationFilter     : JWT Token found: eyJhbGciOiJIUzM4NCJ9...
2026-05-03T15:35:34.007+05:30 DEBUG 75622 --- [peer-tutoring-backend] [nio-8080-exec-7] c.t.security.JwtAuthenticationFilter     : JWT valid, email: tutor1@example.com
2026-05-03T15:35:34.007+05:30 DEBUG 75622 --- [peer-tutoring-backend] [nio-8080-exec-6] o.s.s.w.a.Http403ForbiddenEntryPoint     : Pre-authenticated entry point called. Rejecting access
2026-05-03T15:35:34.008+05:30 DEBUG 75622 --- [peer-tutoring-backend] [nio-8080-exec-6] o.s.security.web.FilterChainProxy        : Securing GET /error
Hibernate: 
    select
        u1_0.id,
        u1_0.active,
        u1_0.created_at,
        u1_0.email,
        u1_0.first_name,
        u1_0.last_name,
        u1_0.password,
        u1_0.phone_number,
        u1_0.role,
        u1_0.updated_at,
        u1_0.verified 
    from
        users u1_0 
    where
        u1_0.email=?
2026-05-03T15:35:34.009+05:30 DEBUG 75622 --- [peer-tutoring-backend] [nio-8080-exec-6] o.s.s.w.a.AnonymousAuthenticationFilter  : Set SecurityContextHolder to anonymous SecurityContext
2026-05-03T15:35:34.010+05:30 DEBUG 75622 --- [peer-tutoring-backend] [nio-8080-exec-6] o.s.s.w.a.Http403ForbiddenEntryPoint     : Pre-authenticated entry point called. Rejecting access
Hibernate: 
    select
        tp1_0.id,
        tp1_0.average_rating,
        tp1_0.bio,
        tp1_0.created_at,
        tp1_0.hourly_rate,
        tp1_0.status,
        tp1_0.subject,
        tp1_0.total_sessions,
        tp1_0.updated_at,
        tp1_0.user_id,
        tp1_0.years_of_experience 
    from
        tutor_profiles tp1_0 
    where
        tp1_0.user_id=?
2026-05-03T15:35:34.012+05:30 DEBUG 75622 --- [peer-tutoring-backend] [nio-8080-exec-7] c.t.security.JwtAuthenticationFilter     : Authentication set for user: tutor1@example.com
2026-05-03T15:35:34.013+05:30 DEBUG 75622 --- [peer-tutoring-backend] [nio-8080-exec-7] o.s.security.web.FilterChainProxy        : Secured GET /api/tutor/bookings
2026-05-03T15:35:34.015+05:30 DEBUG 75622 --- [peer-tutoring-backend] [nio-8080-exec-7] horizationManagerBeforeMethodInterceptor : Authorizing method invocation ReflectiveMethodInvocation: public org.springframework.http.ResponseEntity com.tutoring.controller.BookingController.getTutorBookings(com.tutoring.security.UserDetailsImpl); target is of class [com.tutoring.controller.BookingController]
2026-05-03T15:35:34.025+05:30 DEBUG 75622 --- [peer-tutoring-backend] [nio-8080-exec-7] horizationManagerBeforeMethodInterceptor : Authorized method invocation ReflectiveMethodInvocation: public org.springframework.http.ResponseEntity com.tutoring.controller.BookingController.getTutorBookings(com.tutoring.security.UserDetailsImpl); target is of class [com.tutoring.controller.BookingController]
Hibernate: 
    select
        b1_0.id,
        b1_0.amount,
        b1_0.cancelled_at,
        b1_0.completed_at,
        b1_0.confirmed_at,
        b1_0.created_at,
        b1_0.notes,
        b1_0.payment_status,
        b1_0.session_id,
        b1_0.status,
        b1_0.student_id,
        b1_0.updated_at 
    from
        bookings b1_0 
    left join
        sessions s1_0 
            on s1_0.id=b1_0.session_id 
    where
        s1_0.tutor_id=?
Hibernate: 
    select
        r1_0.id,
        r1_0.booking_id,
        r1_0.created_at,
        r1_0.rating,
        r1_0.review,
        r1_0.student_id,
        r1_0.tutor_id,
        r1_0.visible 
    from
        ratings r1_0 
    where
        r1_0.booking_id=?
Hibernate: 
    select
        u1_0.id,
        u1_0.active,
        u1_0.created_at,
        u1_0.email,
        u1_0.first_name,
        u1_0.last_name,
        u1_0.password,
        u1_0.phone_number,
        u1_0.role,
        u1_0.updated_at,
        u1_0.verified 
    from
        users u1_0 
    where
        u1_0.id=?
Hibernate: 
    select
        tp1_0.id,
        tp1_0.average_rating,
        tp1_0.bio,
        tp1_0.created_at,
        tp1_0.hourly_rate,
        tp1_0.status,
        tp1_0.subject,
        tp1_0.total_sessions,
        tp1_0.updated_at,
        tp1_0.user_id,
        tp1_0.years_of_experience 
    from
        tutor_profiles tp1_0 
    where
        tp1_0.user_id=?
Hibernate: 
    select
        s1_0.id,
        s1_0.created_at,
        s1_0.description,
        s1_0.end_time,
        s1_0.enrolled_students,
        s1_0.max_students,
        s1_0.price,
        s1_0.start_time,
        s1_0.status,
        s1_0.subject,
        s1_0.title,
        s1_0.tutor_id,
        s1_0.type,
        s1_0.updated_at 
    from
        sessions s1_0 
    where
        s1_0.id=?
2026-05-03T15:35:34.041+05:30 DEBUG 75622 --- [peer-tutoring-backend] [nio-8080-exec-8] o.s.security.web.FilterChainProxy        : Securing GET /api/tutor/bookings
2026-05-03T15:35:34.042+05:30 DEBUG 75622 --- [peer-tutoring-backend] [nio-8080-exec-8] c.t.security.JwtAuthenticationFilter     : JWT Token found: eyJhbGciOiJIUzM4NCJ9...
2026-05-03T15:35:34.043+05:30 DEBUG 75622 --- [peer-tutoring-backend] [nio-8080-exec-8] c.t.security.JwtAuthenticationFilter     : JWT valid, email: tutor1@example.com
2026-05-03T15:35:34.043+05:30 DEBUG 75622 --- [peer-tutoring-backend] [io-8080-exec-10] o.s.security.web.FilterChainProxy        : Securing GET /api/tutor/profile
2026-05-03T15:35:34.043+05:30 DEBUG 75622 --- [peer-tutoring-backend] [io-8080-exec-10] c.t.security.JwtAuthenticationFilter     : JWT Token found: eyJhbGciOiJIUzM4NCJ9...
Hibernate: 
    select
        u1_0.id,
        u1_0.active,
        u1_0.created_at,
        u1_0.email,
        u1_0.first_name,
        u1_0.last_name,
        u1_0.password,
        u1_0.phone_number,
        u1_0.role,
        u1_0.updated_at,
        u1_0.verified 
    from
        users u1_0 
    where
        u1_0.email=?
2026-05-03T15:35:34.045+05:30 DEBUG 75622 --- [peer-tutoring-backend] [io-8080-exec-10] c.t.security.JwtAuthenticationFilter     : JWT valid, email: tutor1@example.com
Hibernate: 
    select
        tp1_0.id,
        tp1_0.average_rating,
        tp1_0.bio,
        tp1_0.created_at,
        tp1_0.hourly_rate,
        tp1_0.status,
        tp1_0.subject,
        tp1_0.total_sessions,
        tp1_0.updated_at,
        tp1_0.user_id,
        tp1_0.years_of_experience 
    from
        tutor_profiles tp1_0 
    where
        tp1_0.user_id=?
Hibernate: 
    select
        u1_0.id,
        u1_0.active,
        u1_0.created_at,
        u1_0.email,
        u1_0.first_name,
        u1_0.last_name,
        u1_0.password,
        u1_0.phone_number,
        u1_0.role,
        u1_0.updated_at,
        u1_0.verified 
    from
        users u1_0 
    where
        u1_0.email=?
Hibernate: 
    select
        tp1_0.id,
        tp1_0.average_rating,
        tp1_0.bio,
        tp1_0.created_at,
        tp1_0.hourly_rate,
        tp1_0.status,
        tp1_0.subject,
        tp1_0.total_sessions,
        tp1_0.updated_at,
        tp1_0.user_id,
        tp1_0.years_of_experience 
    from
        tutor_profiles tp1_0 
    where
        tp1_0.user_id=?
2026-05-03T15:35:34.046+05:30 DEBUG 75622 --- [peer-tutoring-backend] [nio-8080-exec-8] c.t.security.JwtAuthenticationFilter     : Authentication set for user: tutor1@example.com
2026-05-03T15:35:34.047+05:30 DEBUG 75622 --- [peer-tutoring-backend] [io-8080-exec-10] c.t.security.JwtAuthenticationFilter     : Authentication set for user: tutor1@example.com
2026-05-03T15:35:34.047+05:30 DEBUG 75622 --- [peer-tutoring-backend] [io-8080-exec-10] o.s.security.web.FilterChainProxy        : Secured GET /api/tutor/profile
2026-05-03T15:35:34.047+05:30 DEBUG 75622 --- [peer-tutoring-backend] [nio-8080-exec-8] o.s.security.web.FilterChainProxy        : Secured GET /api/tutor/bookings
2026-05-03T15:35:34.048+05:30 DEBUG 75622 --- [peer-tutoring-backend] [nio-8080-exec-8] horizationManagerBeforeMethodInterceptor : Authorizing method invocation ReflectiveMethodInvocation: public org.springframework.http.ResponseEntity com.tutoring.controller.BookingController.getTutorBookings(com.tutoring.security.UserDetailsImpl); target is of class [com.tutoring.controller.BookingController]
2026-05-03T15:35:34.048+05:30 DEBUG 75622 --- [peer-tutoring-backend] [io-8080-exec-10] horizationManagerBeforeMethodInterceptor : Authorizing method invocation ReflectiveMethodInvocation: public org.springframework.http.ResponseEntity com.tutoring.controller.TutorController.getMyProfile(com.tutoring.security.UserDetailsImpl); target is of class [com.tutoring.controller.TutorController]
2026-05-03T15:35:34.048+05:30 DEBUG 75622 --- [peer-tutoring-backend] [nio-8080-exec-8] horizationManagerBeforeMethodInterceptor : Authorized method invocation ReflectiveMethodInvocation: public org.springframework.http.ResponseEntity com.tutoring.controller.BookingController.getTutorBookings(com.tutoring.security.UserDetailsImpl); target is of class [com.tutoring.controller.BookingController]
2026-05-03T15:35:34.048+05:30 DEBUG 75622 --- [peer-tutoring-backend] [io-8080-exec-10] horizationManagerBeforeMethodInterceptor : Authorized method invocation ReflectiveMethodInvocation: public org.springframework.http.ResponseEntity com.tutoring.controller.TutorController.getMyProfile(com.tutoring.security.UserDetailsImpl); target is of class [com.tutoring.controller.TutorController]
Hibernate: 
    select
        b1_0.id,
        b1_0.amount,
        b1_0.cancelled_at,
        b1_0.completed_at,
        b1_0.confirmed_at,
        b1_0.created_at,
        b1_0.notes,
        b1_0.payment_status,
        b1_0.session_id,
        b1_0.status,
        b1_0.student_id,
        b1_0.updated_at 
    from
        bookings b1_0 
    left join
        sessions s1_0 
            on s1_0.id=b1_0.session_id 
    where
        s1_0.tutor_id=?
Hibernate: 
    select
        tp1_0.id,
        tp1_0.average_rating,
        tp1_0.bio,
        tp1_0.created_at,
        tp1_0.hourly_rate,
        tp1_0.status,
        tp1_0.subject,
        tp1_0.total_sessions,
        tp1_0.updated_at,
        tp1_0.user_id,
        tp1_0.years_of_experience 
    from
        tutor_profiles tp1_0 
    where
        tp1_0.user_id=?
Hibernate: 
    select
        r1_0.id,
        r1_0.booking_id,
        r1_0.created_at,
        r1_0.rating,
        r1_0.review,
        r1_0.student_id,
        r1_0.tutor_id,
        r1_0.visible 
    from
        ratings r1_0 
    where
        r1_0.booking_id=?
Hibernate: 
    select
        u1_0.id,
        u1_0.active,
        u1_0.created_at,
        u1_0.email,
        u1_0.first_name,
        u1_0.last_name,
        u1_0.password,
        u1_0.phone_number,
        u1_0.role,
        u1_0.updated_at,
        u1_0.verified 
    from
        users u1_0 
    where
        u1_0.id=?
Hibernate: 
    select
        tp1_0.id,
        tp1_0.average_rating,
        tp1_0.bio,
        tp1_0.created_at,
        tp1_0.hourly_rate,
        tp1_0.status,
        tp1_0.subject,
        tp1_0.total_sessions,
        tp1_0.updated_at,
        tp1_0.user_id,
        tp1_0.years_of_experience 
    from
        tutor_profiles tp1_0 
    where
        tp1_0.user_id=?
Hibernate: 
    select
        s1_0.id,
        s1_0.created_at,
        s1_0.description,
        s1_0.end_time,
        s1_0.enrolled_students,
        s1_0.max_students,
        s1_0.price,
        s1_0.start_time,
        s1_0.status,
        s1_0.subject,
        s1_0.title,
        s1_0.tutor_id,
        s1_0.type,
        s1_0.updated_at 
    from
        sessions s1_0 
    where
        s1_0.id=?
Hibernate: 
    select
        u1_0.id,
        u1_0.active,
        u1_0.created_at,
        u1_0.email,
        u1_0.first_name,
        u1_0.last_name,
        u1_0.password,
        u1_0.phone_number,
        u1_0.role,
        u1_0.updated_at,
        u1_0.verified 
    from
        users u1_0 
    where
        u1_0.id=?
Hibernate: 
    select
        tp1_0.id,
        tp1_0.average_rating,
        tp1_0.bio,
        tp1_0.created_at,
        tp1_0.hourly_rate,
        tp1_0.status,
        tp1_0.subject,
        tp1_0.total_sessions,
        tp1_0.updated_at,
        tp1_0.user_id,
        tp1_0.years_of_experience 
    from
        tutor_profiles tp1_0 
    where
        tp1_0.user_id=?
Hibernate: 
    select
        s1_0.tutor_id,
        s1_0.subject_name 
    from
        tutor_subjects s1_0 
    where
        s1_0.tutor_id=?
2026-05-03T15:35:34.060+05:30 DEBUG 75622 --- [peer-tutoring-backend] [nio-8080-exec-9] o.s.security.web.FilterChainProxy        : Securing GET /api/tutor/profile
2026-05-03T15:35:34.060+05:30 DEBUG 75622 --- [peer-tutoring-backend] [nio-8080-exec-9] c.t.security.JwtAuthenticationFilter     : JWT Token found: eyJhbGciOiJIUzM4NCJ9...
2026-05-03T15:35:34.061+05:30 DEBUG 75622 --- [peer-tutoring-backend] [nio-8080-exec-9] c.t.security.JwtAuthenticationFilter     : JWT valid, email: tutor1@example.com
Hibernate: 
    select
        u1_0.id,
        u1_0.active,
        u1_0.created_at,
        u1_0.email,
        u1_0.first_name,
        u1_0.last_name,
        u1_0.password,
        u1_0.phone_number,
        u1_0.role,
        u1_0.updated_at,
        u1_0.verified 
    from
        users u1_0 
    where
        u1_0.email=?
Hibernate: 
    select
        tp1_0.id,
        tp1_0.average_rating,
        tp1_0.bio,
        tp1_0.created_at,
        tp1_0.hourly_rate,
        tp1_0.status,
        tp1_0.subject,
        tp1_0.total_sessions,
        tp1_0.updated_at,
        tp1_0.user_id,
        tp1_0.years_of_experience 
    from
        tutor_profiles tp1_0 
    where
        tp1_0.user_id=?
2026-05-03T15:35:34.066+05:30 DEBUG 75622 --- [peer-tutoring-backend] [nio-8080-exec-9] c.t.security.JwtAuthenticationFilter     : Authentication set for user: tutor1@example.com
2026-05-03T15:35:34.066+05:30 DEBUG 75622 --- [peer-tutoring-backend] [nio-8080-exec-9] o.s.security.web.FilterChainProxy        : Secured GET /api/tutor/profile
2026-05-03T15:35:34.067+05:30 DEBUG 75622 --- [peer-tutoring-backend] [nio-8080-exec-9] horizationManagerBeforeMethodInterceptor : Authorizing method invocation ReflectiveMethodInvocation: public org.springframework.http.ResponseEntity com.tutoring.controller.TutorController.getMyProfile(com.tutoring.security.UserDetailsImpl); target is of class [com.tutoring.controller.TutorController]
2026-05-03T15:35:34.067+05:30 DEBUG 75622 --- [peer-tutoring-backend] [nio-8080-exec-9] horizationManagerBeforeMethodInterceptor : Authorized method invocation ReflectiveMethodInvocation: public org.springframework.http.ResponseEntity com.tutoring.controller.TutorController.getMyProfile(com.tutoring.security.UserDetailsImpl); target is of class [com.tutoring.controller.TutorController]
Hibernate: 
    select
        tp1_0.id,
        tp1_0.average_rating,
        tp1_0.bio,
        tp1_0.created_at,
        tp1_0.hourly_rate,
        tp1_0.status,
        tp1_0.subject,
        tp1_0.total_sessions,
        tp1_0.updated_at,
        tp1_0.user_id,
        tp1_0.years_of_experience 
    from
        tutor_profiles tp1_0 
    where
        tp1_0.user_id=?
Hibernate: 
    select
        u1_0.id,
        u1_0.active,
        u1_0.created_at,
        u1_0.email,
        u1_0.first_name,
        u1_0.last_name,
        u1_0.password,
        u1_0.phone_number,
        u1_0.role,
        u1_0.updated_at,
        u1_0.verified 
    from
        users u1_0 
    where
        u1_0.id=?
Hibernate: 
    select
        tp1_0.id,
        tp1_0.average_rating,
        tp1_0.bio,
        tp1_0.created_at,
        tp1_0.hourly_rate,
        tp1_0.status,
        tp1_0.subject,
        tp1_0.total_sessions,
        tp1_0.updated_at,
        tp1_0.user_id,
        tp1_0.years_of_experience 
    from
        tutor_profiles tp1_0 
    where
        tp1_0.user_id=?
Hibernate: 
    select
        s1_0.tutor_id,
        s1_0.subject_name 
    from
        tutor_subjects s1_0 
    where
        s1_0.tutor_id=?
2026-05-03T15:35:52.709+05:30 DEBUG 75622 --- [peer-tutoring-backend] [nio-8080-exec-2] o.s.security.web.FilterChainProxy        : Securing GET /api/sessions/available
2026-05-03T15:35:52.709+05:30 DEBUG 75622 --- [peer-tutoring-backend] [nio-8080-exec-2] c.t.security.JwtAuthenticationFilter     : JWT Token found: eyJhbGciOiJIUzM4NCJ9...
2026-05-03T15:35:52.711+05:30 DEBUG 75622 --- [peer-tutoring-backend] [nio-8080-exec-2] c.t.security.JwtAuthenticationFilter     : JWT valid, email: tutor1@example.com
Hibernate: 
    select
        u1_0.id,
        u1_0.active,
        u1_0.created_at,
        u1_0.email,
        u1_0.first_name,
        u1_0.last_name,
        u1_0.password,
        u1_0.phone_number,
        u1_0.role,
        u1_0.updated_at,
        u1_0.verified 
    from
        users u1_0 
    where
        u1_0.email=?
Hibernate: 
    select
        tp1_0.id,
        tp1_0.average_rating,
        tp1_0.bio,
        tp1_0.created_at,
        tp1_0.hourly_rate,
        tp1_0.status,
        tp1_0.subject,
        tp1_0.total_sessions,
        tp1_0.updated_at,
        tp1_0.user_id,
        tp1_0.years_of_experience 
    from
        tutor_profiles tp1_0 
    where
        tp1_0.user_id=?
2026-05-03T15:35:52.714+05:30 DEBUG 75622 --- [peer-tutoring-backend] [nio-8080-exec-2] c.t.security.JwtAuthenticationFilter     : Authentication set for user: tutor1@example.com
2026-05-03T15:35:52.715+05:30 DEBUG 75622 --- [peer-tutoring-backend] [nio-8080-exec-2] o.s.security.web.FilterChainProxy        : Secured GET /api/sessions/available
Hibernate: 
    select
        s1_0.id,
        s1_0.created_at,
        s1_0.description,
        s1_0.end_time,
        s1_0.enrolled_students,
        s1_0.max_students,
        s1_0.price,
        s1_0.start_time,
        s1_0.status,
        s1_0.subject,
        s1_0.title,
        s1_0.tutor_id,
        s1_0.type,
        s1_0.updated_at 
    from
        sessions s1_0 
    where
        s1_0.status=?
2026-05-03T15:35:52.717+05:30 DEBUG 75622 --- [peer-tutoring-backend] [nio-8080-exec-1] o.s.security.web.FilterChainProxy        : Securing GET /favicon.ico
2026-05-03T15:35:52.717+05:30 DEBUG 75622 --- [peer-tutoring-backend] [nio-8080-exec-1] o.s.s.w.a.AnonymousAuthenticationFilter  : Set SecurityContextHolder to anonymous SecurityContext
Hibernate: 
    select
        u1_0.id,
        u1_0.active,
        u1_0.created_at,
        u1_0.email,
        u1_0.first_name,
        u1_0.last_name,
        u1_0.password,
        u1_0.phone_number,
        u1_0.role,
        u1_0.updated_at,
        u1_0.verified 
    from
        users u1_0 
    where
        u1_0.id=?
2026-05-03T15:35:52.720+05:30 DEBUG 75622 --- [peer-tutoring-backend] [nio-8080-exec-1] o.s.s.w.a.Http403ForbiddenEntryPoint     : Pre-authenticated entry point called. Rejecting access
Hibernate: 
    select
        tp1_0.id,
        tp1_0.average_rating,
        tp1_0.bio,
        tp1_0.created_at,
        tp1_0.hourly_rate,
        tp1_0.status,
        tp1_0.subject,
        tp1_0.total_sessions,
        tp1_0.updated_at,
        tp1_0.user_id,
        tp1_0.years_of_experience 
    from
        tutor_profiles tp1_0 
    where
        tp1_0.user_id=?
2026-05-03T15:35:52.721+05:30 DEBUG 75622 --- [peer-tutoring-backend] [nio-8080-exec-1] o.s.security.web.FilterChainProxy        : Securing GET /error
Hibernate: 
    select
        u1_0.id,
        u1_0.active,
        u1_0.created_at,
        u1_0.email,
        u1_0.first_name,
        u1_0.last_name,
        u1_0.password,
        u1_0.phone_number,
        u1_0.role,
        u1_0.updated_at,
        u1_0.verified 
    from
        users u1_0 
    where
        u1_0.id=?
2026-05-03T15:35:52.722+05:30 DEBUG 75622 --- [peer-tutoring-backend] [nio-8080-exec-1] o.s.s.w.a.AnonymousAuthenticationFilter  : Set SecurityContextHolder to anonymous SecurityContext
2026-05-03T15:35:52.722+05:30 DEBUG 75622 --- [peer-tutoring-backend] [nio-8080-exec-1] o.s.s.w.a.Http403ForbiddenEntryPoint     : Pre-authenticated entry point called. Rejecting access
Hibernate: 
    select
        tp1_0.id,
        tp1_0.average_rating,
        tp1_0.bio,
        tp1_0.created_at,
        tp1_0.hourly_rate,
        tp1_0.status,
        tp1_0.subject,
        tp1_0.total_sessions,
        tp1_0.updated_at,
        tp1_0.user_id,
        tp1_0.years_of_experience 
    from
        tutor_profiles tp1_0 
    where
        tp1_0.user_id=?
Hibernate: 
    select
        u1_0.id,
        u1_0.active,
        u1_0.created_at,
        u1_0.email,
        u1_0.first_name,
        u1_0.last_name,
        u1_0.password,
        u1_0.phone_number,
        u1_0.role,
        u1_0.updated_at,
        u1_0.verified 
    from
        users u1_0 
    where
        u1_0.id=?
Hibernate: 
    select
        tp1_0.id,
        tp1_0.average_rating,
        tp1_0.bio,
        tp1_0.created_at,
        tp1_0.hourly_rate,
        tp1_0.status,
        tp1_0.subject,
        tp1_0.total_sessions,
        tp1_0.updated_at,
        tp1_0.user_id,
        tp1_0.years_of_experience 
    from
        tutor_profiles tp1_0 
    where
        tp1_0.user_id=?
2026-05-03T15:35:52.732+05:30 DEBUG 75622 --- [peer-tutoring-backend] [nio-8080-exec-4] o.s.security.web.FilterChainProxy        : Securing GET /api/sessions/available
2026-05-03T15:35:52.732+05:30 DEBUG 75622 --- [peer-tutoring-backend] [nio-8080-exec-4] c.t.security.JwtAuthenticationFilter     : JWT Token found: eyJhbGciOiJIUzM4NCJ9...
2026-05-03T15:35:52.734+05:30 DEBUG 75622 --- [peer-tutoring-backend] [nio-8080-exec-4] c.t.security.JwtAuthenticationFilter     : JWT valid, email: tutor1@example.com
Hibernate: 
    select
        u1_0.id,
        u1_0.active,
        u1_0.created_at,
        u1_0.email,
        u1_0.first_name,
        u1_0.last_name,
        u1_0.password,
        u1_0.phone_number,
        u1_0.role,
        u1_0.updated_at,
        u1_0.verified 
    from
        users u1_0 
    where
        u1_0.email=?
Hibernate: 
    select
        tp1_0.id,
        tp1_0.average_rating,
        tp1_0.bio,
        tp1_0.created_at,
        tp1_0.hourly_rate,
        tp1_0.status,
        tp1_0.subject,
        tp1_0.total_sessions,
        tp1_0.updated_at,
        tp1_0.user_id,
        tp1_0.years_of_experience 
    from
        tutor_profiles tp1_0 
    where
        tp1_0.user_id=?
2026-05-03T15:35:52.738+05:30 DEBUG 75622 --- [peer-tutoring-backend] [nio-8080-exec-4] c.t.security.JwtAuthenticationFilter     : Authentication set for user: tutor1@example.com
2026-05-03T15:35:52.739+05:30 DEBUG 75622 --- [peer-tutoring-backend] [nio-8080-exec-4] o.s.security.web.FilterChainProxy        : Secured GET /api/sessions/available
Hibernate: 
    select
        s1_0.id,
        s1_0.created_at,
        s1_0.description,
        s1_0.end_time,
        s1_0.enrolled_students,
        s1_0.max_students,
        s1_0.price,
        s1_0.start_time,
        s1_0.status,
        s1_0.subject,
        s1_0.title,
        s1_0.tutor_id,
        s1_0.type,
        s1_0.updated_at 
    from
        sessions s1_0 
    where
        s1_0.status=?
Hibernate: 
    select
        u1_0.id,
        u1_0.active,
        u1_0.created_at,
        u1_0.email,
        u1_0.first_name,
        u1_0.last_name,
        u1_0.password,
        u1_0.phone_number,
        u1_0.role,
        u1_0.updated_at,
        u1_0.verified 
    from
        users u1_0 
    where
        u1_0.id=?
Hibernate: 
    select
        tp1_0.id,
        tp1_0.average_rating,
        tp1_0.bio,
        tp1_0.created_at,
        tp1_0.hourly_rate,
        tp1_0.status,
        tp1_0.subject,
        tp1_0.total_sessions,
        tp1_0.updated_at,
        tp1_0.user_id,
        tp1_0.years_of_experience 
    from
        tutor_profiles tp1_0 
    where
        tp1_0.user_id=?
Hibernate: 
    select
        u1_0.id,
        u1_0.active,
        u1_0.created_at,
        u1_0.email,
        u1_0.first_name,
        u1_0.last_name,
        u1_0.password,
        u1_0.phone_number,
        u1_0.role,
        u1_0.updated_at,
        u1_0.verified 
    from
        users u1_0 
    where
        u1_0.id=?
Hibernate: 
    select
        tp1_0.id,
        tp1_0.average_rating,
        tp1_0.bio,
        tp1_0.created_at,
        tp1_0.hourly_rate,
        tp1_0.status,
        tp1_0.subject,
        tp1_0.total_sessions,
        tp1_0.updated_at,
        tp1_0.user_id,
        tp1_0.years_of_experience 
    from
        tutor_profiles tp1_0 
    where
        tp1_0.user_id=?
Hibernate: 
    select
        u1_0.id,
        u1_0.active,
        u1_0.created_at,
        u1_0.email,
        u1_0.first_name,
        u1_0.last_name,
        u1_0.password,
        u1_0.phone_number,
        u1_0.role,
        u1_0.updated_at,
        u1_0.verified 
    from
        users u1_0 
    where
        u1_0.id=?
Hibernate: 
    select
        tp1_0.id,
        tp1_0.average_rating,
        tp1_0.bio,
        tp1_0.created_at,
        tp1_0.hourly_rate,
        tp1_0.status,
        tp1_0.subject,
        tp1_0.total_sessions,
        tp1_0.updated_at,
        tp1_0.user_id,
        tp1_0.years_of_experience 
    from
        tutor_profiles tp1_0 
    where
        tp1_0.user_id=?
2026-05-03T15:36:19.456+05:30 DEBUG 75622 --- [peer-tutoring-backend] [nio-8080-exec-5] o.s.security.web.FilterChainProxy        : Securing GET /favicon.ico
2026-05-03T15:36:19.456+05:30 DEBUG 75622 --- [peer-tutoring-backend] [nio-8080-exec-3] o.s.security.web.FilterChainProxy        : Securing GET /api/tutors
2026-05-03T15:36:19.456+05:30 DEBUG 75622 --- [peer-tutoring-backend] [nio-8080-exec-6] o.s.security.web.FilterChainProxy        : Securing GET /api/sessions/available
2026-05-03T15:36:19.458+05:30 DEBUG 75622 --- [peer-tutoring-backend] [nio-8080-exec-6] c.t.security.JwtAuthenticationFilter     : JWT Token found: eyJhbGciOiJIUzM4NCJ9...
2026-05-03T15:36:19.458+05:30 DEBUG 75622 --- [peer-tutoring-backend] [nio-8080-exec-3] c.t.security.JwtAuthenticationFilter     : JWT Token found: eyJhbGciOiJIUzM4NCJ9...
2026-05-03T15:36:19.459+05:30 DEBUG 75622 --- [peer-tutoring-backend] [nio-8080-exec-5] o.s.s.w.a.AnonymousAuthenticationFilter  : Set SecurityContextHolder to anonymous SecurityContext
2026-05-03T15:36:19.462+05:30 DEBUG 75622 --- [peer-tutoring-backend] [nio-8080-exec-3] c.t.security.JwtAuthenticationFilter     : JWT valid, email: tutor1@example.com
2026-05-03T15:36:19.462+05:30 DEBUG 75622 --- [peer-tutoring-backend] [nio-8080-exec-6] c.t.security.JwtAuthenticationFilter     : JWT valid, email: tutor1@example.com
2026-05-03T15:36:19.463+05:30 DEBUG 75622 --- [peer-tutoring-backend] [nio-8080-exec-5] o.s.s.w.a.Http403ForbiddenEntryPoint     : Pre-authenticated entry point called. Rejecting access
2026-05-03T15:36:19.464+05:30 DEBUG 75622 --- [peer-tutoring-backend] [nio-8080-exec-5] o.s.security.web.FilterChainProxy        : Securing GET /error
2026-05-03T15:36:19.467+05:30 DEBUG 75622 --- [peer-tutoring-backend] [nio-8080-exec-5] o.s.s.w.a.AnonymousAuthenticationFilter  : Set SecurityContextHolder to anonymous SecurityContext
2026-05-03T15:36:19.467+05:30 DEBUG 75622 --- [peer-tutoring-backend] [nio-8080-exec-5] o.s.s.w.a.Http403ForbiddenEntryPoint     : Pre-authenticated entry point called. Rejecting access
Hibernate: 
    select
        u1_0.id,
        u1_0.active,
        u1_0.created_at,
        u1_0.email,
        u1_0.first_name,
        u1_0.last_name,
        u1_0.password,
        u1_0.phone_number,
        u1_0.role,
        u1_0.updated_at,
        u1_0.verified 
    from
        users u1_0 
    where
        u1_0.email=?
Hibernate: 
    select
        u1_0.id,
        u1_0.active,
        u1_0.created_at,
        u1_0.email,
        u1_0.first_name,
        u1_0.last_name,
        u1_0.password,
        u1_0.phone_number,
        u1_0.role,
        u1_0.updated_at,
        u1_0.verified 
    from
        users u1_0 
    where
        u1_0.email=?
Hibernate: 
    select
        tp1_0.id,
        tp1_0.average_rating,
        tp1_0.bio,
        tp1_0.created_at,
        tp1_0.hourly_rate,
        tp1_0.status,
        tp1_0.subject,
        tp1_0.total_sessions,
        tp1_0.updated_at,
        tp1_0.user_id,
        tp1_0.years_of_experience 
    from
        tutor_profiles tp1_0 
    where
        tp1_0.user_id=?
Hibernate: 
    select
        tp1_0.id,
        tp1_0.average_rating,
        tp1_0.bio,
        tp1_0.created_at,
        tp1_0.hourly_rate,
        tp1_0.status,
        tp1_0.subject,
        tp1_0.total_sessions,
        tp1_0.updated_at,
        tp1_0.user_id,
        tp1_0.years_of_experience 
    from
        tutor_profiles tp1_0 
    where
        tp1_0.user_id=?
2026-05-03T15:36:19.495+05:30 DEBUG 75622 --- [peer-tutoring-backend] [nio-8080-exec-6] c.t.security.JwtAuthenticationFilter     : Authentication set for user: tutor1@example.com
2026-05-03T15:36:19.495+05:30 DEBUG 75622 --- [peer-tutoring-backend] [nio-8080-exec-3] c.t.security.JwtAuthenticationFilter     : Authentication set for user: tutor1@example.com
2026-05-03T15:36:19.496+05:30 DEBUG 75622 --- [peer-tutoring-backend] [nio-8080-exec-3] o.s.security.web.FilterChainProxy        : Secured GET /api/tutors
2026-05-03T15:36:19.496+05:30 DEBUG 75622 --- [peer-tutoring-backend] [nio-8080-exec-6] o.s.security.web.FilterChainProxy        : Secured GET /api/sessions/available
Hibernate: 
    select
        s1_0.id,
        s1_0.created_at,
        s1_0.description,
        s1_0.end_time,
        s1_0.enrolled_students,
        s1_0.max_students,
        s1_0.price,
        s1_0.start_time,
        s1_0.status,
        s1_0.subject,
        s1_0.title,
        s1_0.tutor_id,
        s1_0.type,
        s1_0.updated_at 
    from
        sessions s1_0 
    where
        s1_0.status=?
Hibernate: 
    select
        tp1_0.id,
        tp1_0.average_rating,
        tp1_0.bio,
        tp1_0.created_at,
        tp1_0.hourly_rate,
        tp1_0.status,
        tp1_0.subject,
        tp1_0.total_sessions,
        tp1_0.updated_at,
        tp1_0.user_id,
        tp1_0.years_of_experience 
    from
        tutor_profiles tp1_0 
    where
        tp1_0.status=?
Hibernate: 
    select
        u1_0.id,
        u1_0.active,
        u1_0.created_at,
        u1_0.email,
        u1_0.first_name,
        u1_0.last_name,
        u1_0.password,
        u1_0.phone_number,
        u1_0.role,
        u1_0.updated_at,
        u1_0.verified 
    from
        users u1_0 
    where
        u1_0.id=?
Hibernate: 
    select
        u1_0.id,
        u1_0.active,
        u1_0.created_at,
        u1_0.email,
        u1_0.first_name,
        u1_0.last_name,
        u1_0.password,
        u1_0.phone_number,
        u1_0.role,
        u1_0.updated_at,
        u1_0.verified 
    from
        users u1_0 
    where
        u1_0.id=?
Hibernate: 
    select
        tp1_0.id,
        tp1_0.average_rating,
        tp1_0.bio,
        tp1_0.created_at,
        tp1_0.hourly_rate,
        tp1_0.status,
        tp1_0.subject,
        tp1_0.total_sessions,
        tp1_0.updated_at,
        tp1_0.user_id,
        tp1_0.years_of_experience 
    from
        tutor_profiles tp1_0 
    where
        tp1_0.user_id=?
Hibernate: 
    select
        tp1_0.id,
        tp1_0.average_rating,
        tp1_0.bio,
        tp1_0.created_at,
        tp1_0.hourly_rate,
        tp1_0.status,
        tp1_0.subject,
        tp1_0.total_sessions,
        tp1_0.updated_at,
        tp1_0.user_id,
        tp1_0.years_of_experience 
    from
        tutor_profiles tp1_0 
    where
        tp1_0.user_id=?
Hibernate: 
    select
        u1_0.id,
        u1_0.active,
        u1_0.created_at,
        u1_0.email,
        u1_0.first_name,
        u1_0.last_name,
        u1_0.password,
        u1_0.phone_number,
        u1_0.role,
        u1_0.updated_at,
        u1_0.verified 
    from
        users u1_0 
    where
        u1_0.id=?
Hibernate: 
    select
        s1_0.tutor_id,
        s1_0.subject_name 
    from
        tutor_subjects s1_0 
    where
        s1_0.tutor_id=?
Hibernate: 
    select
        tp1_0.id,
        tp1_0.average_rating,
        tp1_0.bio,
        tp1_0.created_at,
        tp1_0.hourly_rate,
        tp1_0.status,
        tp1_0.subject,
        tp1_0.total_sessions,
        tp1_0.updated_at,
        tp1_0.user_id,
        tp1_0.years_of_experience 
    from
        tutor_profiles tp1_0 
    where
        tp1_0.user_id=?
Hibernate: 
    select
        u1_0.id,
        u1_0.active,
        u1_0.created_at,
        u1_0.email,
        u1_0.first_name,
        u1_0.last_name,
        u1_0.password,
        u1_0.phone_number,
        u1_0.role,
        u1_0.updated_at,
        u1_0.verified 
    from
        users u1_0 
    where
        u1_0.id=?
Hibernate: 
    select
        tp1_0.id,
        tp1_0.average_rating,
        tp1_0.bio,
        tp1_0.created_at,
        tp1_0.hourly_rate,
        tp1_0.status,
        tp1_0.subject,
        tp1_0.total_sessions,
        tp1_0.updated_at,
        tp1_0.user_id,
        tp1_0.years_of_experience 
    from
        tutor_profiles tp1_0 
    where
        tp1_0.user_id=?
Hibernate: 
    select
        s1_0.tutor_id,
        s1_0.subject_name 
    from
        tutor_subjects s1_0 
    where
        s1_0.tutor_id=?
Hibernate: 
    select
        u1_0.id,
        u1_0.active,
        u1_0.created_at,
        u1_0.email,
        u1_0.first_name,
        u1_0.last_name,
        u1_0.password,
        u1_0.phone_number,
        u1_0.role,
        u1_0.updated_at,
        u1_0.verified 
    from
        users u1_0 
    where
        u1_0.id=?
Hibernate: 
    select
        tp1_0.id,
        tp1_0.average_rating,
        tp1_0.bio,
        tp1_0.created_at,
        tp1_0.hourly_rate,
        tp1_0.status,
        tp1_0.subject,
        tp1_0.total_sessions,
        tp1_0.updated_at,
        tp1_0.user_id,
        tp1_0.years_of_experience 
    from
        tutor_profiles tp1_0 
    where
        tp1_0.user_id=?
Hibernate: 
    select
        u1_0.id,
        u1_0.active,
        u1_0.created_at,
        u1_0.email,
        u1_0.first_name,
        u1_0.last_name,
        u1_0.password,
        u1_0.phone_number,
        u1_0.role,
        u1_0.updated_at,
        u1_0.verified 
    from
        users u1_0 
    where
        u1_0.id=?
Hibernate: 
    select
        s1_0.tutor_id,
        s1_0.subject_name 
    from
        tutor_subjects s1_0 
    where
        s1_0.tutor_id=?
Hibernate: 
    select
        tp1_0.id,
        tp1_0.average_rating,
        tp1_0.bio,
        tp1_0.created_at,
        tp1_0.hourly_rate,
        tp1_0.status,
        tp1_0.subject,
        tp1_0.total_sessions,
        tp1_0.updated_at,
        tp1_0.user_id,
        tp1_0.years_of_experience 
    from
        tutor_profiles tp1_0 
    where
        tp1_0.user_id=?
Hibernate: 
    select
        u1_0.id,
        u1_0.active,
        u1_0.created_at,
        u1_0.email,
        u1_0.first_name,
        u1_0.last_name,
        u1_0.password,
        u1_0.phone_number,
        u1_0.role,
        u1_0.updated_at,
        u1_0.verified 
    from
        users u1_0 
    where
        u1_0.id=?
Hibernate: 
    select
        tp1_0.id,
        tp1_0.average_rating,
        tp1_0.bio,
        tp1_0.created_at,
        tp1_0.hourly_rate,
        tp1_0.status,
        tp1_0.subject,
        tp1_0.total_sessions,
        tp1_0.updated_at,
        tp1_0.user_id,
        tp1_0.years_of_experience 
    from
        tutor_profiles tp1_0 
    where
        tp1_0.user_id=?
Hibernate: 
    select
        s1_0.tutor_id,
        s1_0.subject_name 
    from
        tutor_subjects s1_0 
    where
        s1_0.tutor_id=?
2026-05-03T15:36:19.512+05:30 DEBUG 75622 --- [peer-tutoring-backend] [nio-8080-exec-8] o.s.security.web.FilterChainProxy        : Securing GET /api/tutors
2026-05-03T15:36:19.512+05:30 DEBUG 75622 --- [peer-tutoring-backend] [nio-8080-exec-7] o.s.security.web.FilterChainProxy        : Securing GET /api/sessions/available
2026-05-03T15:36:19.512+05:30 DEBUG 75622 --- [peer-tutoring-backend] [nio-8080-exec-8] c.t.security.JwtAuthenticationFilter     : JWT Token found: eyJhbGciOiJIUzM4NCJ9...
2026-05-03T15:36:19.512+05:30 DEBUG 75622 --- [peer-tutoring-backend] [nio-8080-exec-7] c.t.security.JwtAuthenticationFilter     : JWT Token found: eyJhbGciOiJIUzM4NCJ9...
2026-05-03T15:36:19.514+05:30 DEBUG 75622 --- [peer-tutoring-backend] [nio-8080-exec-8] c.t.security.JwtAuthenticationFilter     : JWT valid, email: tutor1@example.com
2026-05-03T15:36:19.514+05:30 DEBUG 75622 --- [peer-tutoring-backend] [nio-8080-exec-7] c.t.security.JwtAuthenticationFilter     : JWT valid, email: tutor1@example.com
Hibernate: 
    select
        u1_0.id,
        u1_0.active,
        u1_0.created_at,
        u1_0.email,
        u1_0.first_name,
        u1_0.last_name,
        u1_0.password,
        u1_0.phone_number,
        u1_0.role,
        u1_0.updated_at,
        u1_0.verified 
    from
        users u1_0 
    where
        u1_0.email=?
Hibernate: 
    select
        u1_0.id,
        u1_0.active,
        u1_0.created_at,
        u1_0.email,
        u1_0.first_name,
        u1_0.last_name,
        u1_0.password,
        u1_0.phone_number,
        u1_0.role,
        u1_0.updated_at,
        u1_0.verified 
    from
        users u1_0 
    where
        u1_0.email=?
Hibernate: 
    select
        tp1_0.id,
        tp1_0.average_rating,
        tp1_0.bio,
        tp1_0.created_at,
        tp1_0.hourly_rate,
        tp1_0.status,
        tp1_0.subject,
        tp1_0.total_sessions,
        tp1_0.updated_at,
        tp1_0.user_id,
        tp1_0.years_of_experience 
    from
        tutor_profiles tp1_0 
    where
        tp1_0.user_id=?
Hibernate: 
    select
        tp1_0.id,
        tp1_0.average_rating,
        tp1_0.bio,
        tp1_0.created_at,
        tp1_0.hourly_rate,
        tp1_0.status,
        tp1_0.subject,
        tp1_0.total_sessions,
        tp1_0.updated_at,
        tp1_0.user_id,
        tp1_0.years_of_experience 
    from
        tutor_profiles tp1_0 
    where
        tp1_0.user_id=?
2026-05-03T15:36:19.517+05:30 DEBUG 75622 --- [peer-tutoring-backend] [nio-8080-exec-8] c.t.security.JwtAuthenticationFilter     : Authentication set for user: tutor1@example.com
2026-05-03T15:36:19.517+05:30 DEBUG 75622 --- [peer-tutoring-backend] [nio-8080-exec-7] c.t.security.JwtAuthenticationFilter     : Authentication set for user: tutor1@example.com
2026-05-03T15:36:19.548+05:30 DEBUG 75622 --- [peer-tutoring-backend] [nio-8080-exec-8] o.s.security.web.FilterChainProxy        : Secured GET /api/tutors
2026-05-03T15:36:19.548+05:30 DEBUG 75622 --- [peer-tutoring-backend] [nio-8080-exec-7] o.s.security.web.FilterChainProxy        : Secured GET /api/sessions/available
Hibernate: 
    select
        tp1_0.id,
        tp1_0.average_rating,
        tp1_0.bio,
        tp1_0.created_at,
        tp1_0.hourly_rate,
        tp1_0.status,
        tp1_0.subject,
        tp1_0.total_sessions,
        tp1_0.updated_at,
        tp1_0.user_id,
        tp1_0.years_of_experience 
    from
        tutor_profiles tp1_0 
    where
        tp1_0.status=?
Hibernate: 
    select
        s1_0.id,
        s1_0.created_at,
        s1_0.description,
        s1_0.end_time,
        s1_0.enrolled_students,
        s1_0.max_students,
        s1_0.price,
        s1_0.start_time,
        s1_0.status,
        s1_0.subject,
        s1_0.title,
        s1_0.tutor_id,
        s1_0.type,
        s1_0.updated_at 
    from
        sessions s1_0 
    where
        s1_0.status=?
Hibernate: 
    select
        u1_0.id,
        u1_0.active,
        u1_0.created_at,
        u1_0.email,
        u1_0.first_name,
        u1_0.last_name,
        u1_0.password,
        u1_0.phone_number,
        u1_0.role,
        u1_0.updated_at,
        u1_0.verified 
    from
        users u1_0 
    where
        u1_0.id=?
Hibernate: 
    select
        u1_0.id,
        u1_0.active,
        u1_0.created_at,
        u1_0.email,
        u1_0.first_name,
        u1_0.last_name,
        u1_0.password,
        u1_0.phone_number,
        u1_0.role,
        u1_0.updated_at,
        u1_0.verified 
    from
        users u1_0 
    where
        u1_0.id=?
Hibernate: 
    select
        tp1_0.id,
        tp1_0.average_rating,
        tp1_0.bio,
        tp1_0.created_at,
        tp1_0.hourly_rate,
        tp1_0.status,
        tp1_0.subject,
        tp1_0.total_sessions,
        tp1_0.updated_at,
        tp1_0.user_id,
        tp1_0.years_of_experience 
    from
        tutor_profiles tp1_0 
    where
        tp1_0.user_id=?
Hibernate: 
    select
        s1_0.tutor_id,
        s1_0.subject_name 
    from
        tutor_subjects s1_0 
    where
        s1_0.tutor_id=?
Hibernate: 
    select
        tp1_0.id,
        tp1_0.average_rating,
        tp1_0.bio,
        tp1_0.created_at,
        tp1_0.hourly_rate,
        tp1_0.status,
        tp1_0.subject,
        tp1_0.total_sessions,
        tp1_0.updated_at,
        tp1_0.user_id,
        tp1_0.years_of_experience 
    from
        tutor_profiles tp1_0 
    where
        tp1_0.user_id=?
Hibernate: 
    select
        u1_0.id,
        u1_0.active,
        u1_0.created_at,
        u1_0.email,
        u1_0.first_name,
        u1_0.last_name,
        u1_0.password,
        u1_0.phone_number,
        u1_0.role,
        u1_0.updated_at,
        u1_0.verified 
    from
        users u1_0 
    where
        u1_0.id=?
Hibernate: 
    select
        tp1_0.id,
        tp1_0.average_rating,
        tp1_0.bio,
        tp1_0.created_at,
        tp1_0.hourly_rate,
        tp1_0.status,
        tp1_0.subject,
        tp1_0.total_sessions,
        tp1_0.updated_at,
        tp1_0.user_id,
        tp1_0.years_of_experience 
    from
        tutor_profiles tp1_0 
    where
        tp1_0.user_id=?
Hibernate: 
    select
        u1_0.id,
        u1_0.active,
        u1_0.created_at,
        u1_0.email,
        u1_0.first_name,
        u1_0.last_name,
        u1_0.password,
        u1_0.phone_number,
        u1_0.role,
        u1_0.updated_at,
        u1_0.verified 
    from
        users u1_0 
    where
        u1_0.id=?
Hibernate: 
    select
        s1_0.tutor_id,
        s1_0.subject_name 
    from
        tutor_subjects s1_0 
    where
        s1_0.tutor_id=?
Hibernate: 
    select
        tp1_0.id,
        tp1_0.average_rating,
        tp1_0.bio,
        tp1_0.created_at,
        tp1_0.hourly_rate,
        tp1_0.status,
        tp1_0.subject,
        tp1_0.total_sessions,
        tp1_0.updated_at,
        tp1_0.user_id,
        tp1_0.years_of_experience 
    from
        tutor_profiles tp1_0 
    where
        tp1_0.user_id=?
Hibernate: 
    select
        u1_0.id,
        u1_0.active,
        u1_0.created_at,
        u1_0.email,
        u1_0.first_name,
        u1_0.last_name,
        u1_0.password,
        u1_0.phone_number,
        u1_0.role,
        u1_0.updated_at,
        u1_0.verified 
    from
        users u1_0 
    where
        u1_0.id=?
Hibernate: 
    select
        u1_0.id,
        u1_0.active,
        u1_0.created_at,
        u1_0.email,
        u1_0.first_name,
        u1_0.last_name,
        u1_0.password,
        u1_0.phone_number,
        u1_0.role,
        u1_0.updated_at,
        u1_0.verified 
    from
        users u1_0 
    where
        u1_0.id=?
Hibernate: 
    select
        tp1_0.id,
        tp1_0.average_rating,
        tp1_0.bio,
        tp1_0.created_at,
        tp1_0.hourly_rate,
        tp1_0.status,
        tp1_0.subject,
        tp1_0.total_sessions,
        tp1_0.updated_at,
        tp1_0.user_id,
        tp1_0.years_of_experience 
    from
        tutor_profiles tp1_0 
    where
        tp1_0.user_id=?
Hibernate: 
    select
        tp1_0.id,
        tp1_0.average_rating,
        tp1_0.bio,
        tp1_0.created_at,
        tp1_0.hourly_rate,
        tp1_0.status,
        tp1_0.subject,
        tp1_0.total_sessions,
        tp1_0.updated_at,
        tp1_0.user_id,
        tp1_0.years_of_experience 
    from
        tutor_profiles tp1_0 
    where
        tp1_0.user_id=?
Hibernate: 
    select
        s1_0.tutor_id,
        s1_0.subject_name 
    from
        tutor_subjects s1_0 
    where
        s1_0.tutor_id=?
Hibernate: 
    select
        u1_0.id,
        u1_0.active,
        u1_0.created_at,
        u1_0.email,
        u1_0.first_name,
        u1_0.last_name,
        u1_0.password,
        u1_0.phone_number,
        u1_0.role,
        u1_0.updated_at,
        u1_0.verified 
    from
        users u1_0 
    where
        u1_0.id=?
Hibernate: 
    select
        tp1_0.id,
        tp1_0.average_rating,
        tp1_0.bio,
        tp1_0.created_at,
        tp1_0.hourly_rate,
        tp1_0.status,
        tp1_0.subject,
        tp1_0.total_sessions,
        tp1_0.updated_at,
        tp1_0.user_id,
        tp1_0.years_of_experience 
    from
        tutor_profiles tp1_0 
    where
        tp1_0.user_id=?
Hibernate: 
    select
        s1_0.tutor_id,
        s1_0.subject_name 
    from
        tutor_subjects s1_0 
    where
        s1_0.tutor_id=?
2026-05-03T15:36:30.037+05:30 DEBUG 75622 --- [peer-tutoring-backend] [io-8080-exec-10] o.s.security.web.FilterChainProxy        : Securing GET /api/tutors/search?minRating=3
2026-05-03T15:36:30.038+05:30 DEBUG 75622 --- [peer-tutoring-backend] [io-8080-exec-10] c.t.security.JwtAuthenticationFilter     : JWT Token found: eyJhbGciOiJIUzM4NCJ9...
2026-05-03T15:36:30.039+05:30 DEBUG 75622 --- [peer-tutoring-backend] [io-8080-exec-10] c.t.security.JwtAuthenticationFilter     : JWT valid, email: tutor1@example.com
Hibernate: 
    select
        u1_0.id,
        u1_0.active,
        u1_0.created_at,
        u1_0.email,
        u1_0.first_name,
        u1_0.last_name,
        u1_0.password,
        u1_0.phone_number,
        u1_0.role,
        u1_0.updated_at,
        u1_0.verified 
    from
        users u1_0 
    where
        u1_0.email=?
Hibernate: 
    select
        tp1_0.id,
        tp1_0.average_rating,
        tp1_0.bio,
        tp1_0.created_at,
        tp1_0.hourly_rate,
        tp1_0.status,
        tp1_0.subject,
        tp1_0.total_sessions,
        tp1_0.updated_at,
        tp1_0.user_id,
        tp1_0.years_of_experience 
    from
        tutor_profiles tp1_0 
    where
        tp1_0.user_id=?
2026-05-03T15:36:30.043+05:30 DEBUG 75622 --- [peer-tutoring-backend] [io-8080-exec-10] c.t.security.JwtAuthenticationFilter     : Authentication set for user: tutor1@example.com
2026-05-03T15:36:30.043+05:30 DEBUG 75622 --- [peer-tutoring-backend] [io-8080-exec-10] o.s.security.web.FilterChainProxy        : Secured GET /api/tutors/search?minRating=3
Hibernate: 
    select
        tp1_0.id,
        tp1_0.average_rating,
        tp1_0.bio,
        tp1_0.created_at,
        tp1_0.hourly_rate,
        tp1_0.status,
        tp1_0.subject,
        tp1_0.total_sessions,
        tp1_0.updated_at,
        tp1_0.user_id,
        tp1_0.years_of_experience 
    from
        tutor_profiles tp1_0 
    where
        tp1_0.status='APPROVED' 
        and (
            ? is null 
            or ?='' 
            or tp1_0.subject like ? escape ''
        ) 
        and (
            ? is null 
            or tp1_0.average_rating>=?
        )
Hibernate: 
    select
        u1_0.id,
        u1_0.active,
        u1_0.created_at,
        u1_0.email,
        u1_0.first_name,
        u1_0.last_name,
        u1_0.password,
        u1_0.phone_number,
        u1_0.role,
        u1_0.updated_at,
        u1_0.verified 
    from
        users u1_0 
    where
        u1_0.id=?
Hibernate: 
    select
        tp1_0.id,
        tp1_0.average_rating,
        tp1_0.bio,
        tp1_0.created_at,
        tp1_0.hourly_rate,
        tp1_0.status,
        tp1_0.subject,
        tp1_0.total_sessions,
        tp1_0.updated_at,
        tp1_0.user_id,
        tp1_0.years_of_experience 
    from
        tutor_profiles tp1_0 
    where
        tp1_0.user_id=?
Hibernate: 
    select
        s1_0.tutor_id,
        s1_0.subject_name 
    from
        tutor_subjects s1_0 
    where
        s1_0.tutor_id=?
Hibernate: 
    select
        u1_0.id,
        u1_0.active,
        u1_0.created_at,
        u1_0.email,
        u1_0.first_name,
        u1_0.last_name,
        u1_0.password,
        u1_0.phone_number,
        u1_0.role,
        u1_0.updated_at,
        u1_0.verified 
    from
        users u1_0 
    where
        u1_0.id=?
Hibernate: 
    select
        tp1_0.id,
        tp1_0.average_rating,
        tp1_0.bio,
        tp1_0.created_at,
        tp1_0.hourly_rate,
        tp1_0.status,
        tp1_0.subject,
        tp1_0.total_sessions,
        tp1_0.updated_at,
        tp1_0.user_id,
        tp1_0.years_of_experience 
    from
        tutor_profiles tp1_0 
    where
        tp1_0.user_id=?
Hibernate: 
    select
        s1_0.tutor_id,
        s1_0.subject_name 
    from
        tutor_subjects s1_0 
    where
        s1_0.tutor_id=?
Hibernate: 
    select
        u1_0.id,
        u1_0.active,
        u1_0.created_at,
        u1_0.email,
        u1_0.first_name,
        u1_0.last_name,
        u1_0.password,
        u1_0.phone_number,
        u1_0.role,
        u1_0.updated_at,
        u1_0.verified 
    from
        users u1_0 
    where
        u1_0.id=?
Hibernate: 
    select
        tp1_0.id,
        tp1_0.average_rating,
        tp1_0.bio,
        tp1_0.created_at,
        tp1_0.hourly_rate,
        tp1_0.status,
        tp1_0.subject,
        tp1_0.total_sessions,
        tp1_0.updated_at,
        tp1_0.user_id,
        tp1_0.years_of_experience 
    from
        tutor_profiles tp1_0 
    where
        tp1_0.user_id=?
Hibernate: 
    select
        s1_0.tutor_id,
        s1_0.subject_name 
    from
        tutor_subjects s1_0 
    where
        s1_0.tutor_id=?
Hibernate: 
    select
        u1_0.id,
        u1_0.active,
        u1_0.created_at,
        u1_0.email,
        u1_0.first_name,
        u1_0.last_name,
        u1_0.password,
        u1_0.phone_number,
        u1_0.role,
        u1_0.updated_at,
        u1_0.verified 
    from
        users u1_0 
    where
        u1_0.id=?
Hibernate: 
    select
        tp1_0.id,
        tp1_0.average_rating,
        tp1_0.bio,
        tp1_0.created_at,
        tp1_0.hourly_rate,
        tp1_0.status,
        tp1_0.subject,
        tp1_0.total_sessions,
        tp1_0.updated_at,
        tp1_0.user_id,
        tp1_0.years_of_experience 
    from
        tutor_profiles tp1_0 
    where
        tp1_0.user_id=?
Hibernate: 
    select
        s1_0.tutor_id,
        s1_0.subject_name 
    from
        tutor_subjects s1_0 
    where
        s1_0.tutor_id=?
2026-05-03T15:36:37.246+05:30 DEBUG 75622 --- [peer-tutoring-backend] [nio-8080-exec-9] o.s.security.web.FilterChainProxy        : Securing GET /api/sessions/available
2026-05-03T15:36:37.247+05:30 DEBUG 75622 --- [peer-tutoring-backend] [nio-8080-exec-9] c.t.security.JwtAuthenticationFilter     : JWT Token found: eyJhbGciOiJIUzM4NCJ9...
2026-05-03T15:36:37.249+05:30 DEBUG 75622 --- [peer-tutoring-backend] [nio-8080-exec-9] c.t.security.JwtAuthenticationFilter     : JWT valid, email: tutor1@example.com
2026-05-03T15:36:37.250+05:30 DEBUG 75622 --- [peer-tutoring-backend] [nio-8080-exec-1] o.s.security.web.FilterChainProxy        : Securing GET /favicon.ico
2026-05-03T15:36:37.251+05:30 DEBUG 75622 --- [peer-tutoring-backend] [nio-8080-exec-1] o.s.s.w.a.AnonymousAuthenticationFilter  : Set SecurityContextHolder to anonymous SecurityContext
Hibernate: 
    select
        u1_0.id,
        u1_0.active,
        u1_0.created_at,
        u1_0.email,
        u1_0.first_name,
        u1_0.last_name,
        u1_0.password,
        u1_0.phone_number,
        u1_0.role,
        u1_0.updated_at,
        u1_0.verified 
    from
        users u1_0 
    where
        u1_0.email=?
Hibernate: 
    select
        tp1_0.id,
        tp1_0.average_rating,
        tp1_0.bio,
        tp1_0.created_at,
        tp1_0.hourly_rate,
        tp1_0.status,
        tp1_0.subject,
        tp1_0.total_sessions,
        tp1_0.updated_at,
        tp1_0.user_id,
        tp1_0.years_of_experience 
    from
        tutor_profiles tp1_0 
    where
        tp1_0.user_id=?
2026-05-03T15:36:37.254+05:30 DEBUG 75622 --- [peer-tutoring-backend] [nio-8080-exec-1] o.s.s.w.a.Http403ForbiddenEntryPoint     : Pre-authenticated entry point called. Rejecting access
2026-05-03T15:36:37.255+05:30 DEBUG 75622 --- [peer-tutoring-backend] [nio-8080-exec-1] o.s.security.web.FilterChainProxy        : Securing GET /error
2026-05-03T15:36:37.256+05:30 DEBUG 75622 --- [peer-tutoring-backend] [nio-8080-exec-9] c.t.security.JwtAuthenticationFilter     : Authentication set for user: tutor1@example.com
2026-05-03T15:36:37.256+05:30 DEBUG 75622 --- [peer-tutoring-backend] [nio-8080-exec-9] o.s.security.web.FilterChainProxy        : Secured GET /api/sessions/available
2026-05-03T15:36:37.257+05:30 DEBUG 75622 --- [peer-tutoring-backend] [nio-8080-exec-1] o.s.s.w.a.AnonymousAuthenticationFilter  : Set SecurityContextHolder to anonymous SecurityContext
2026-05-03T15:36:37.257+05:30 DEBUG 75622 --- [peer-tutoring-backend] [nio-8080-exec-1] o.s.s.w.a.Http403ForbiddenEntryPoint     : Pre-authenticated entry point called. Rejecting access
Hibernate: 
    select
        s1_0.id,
        s1_0.created_at,
        s1_0.description,
        s1_0.end_time,
        s1_0.enrolled_students,
        s1_0.max_students,
        s1_0.price,
        s1_0.start_time,
        s1_0.status,
        s1_0.subject,
        s1_0.title,
        s1_0.tutor_id,
        s1_0.type,
        s1_0.updated_at 
    from
        sessions s1_0 
    where
        s1_0.status=?
Hibernate: 
    select
        u1_0.id,
        u1_0.active,
        u1_0.created_at,
        u1_0.email,
        u1_0.first_name,
        u1_0.last_name,
        u1_0.password,
        u1_0.phone_number,
        u1_0.role,
        u1_0.updated_at,
        u1_0.verified 
    from
        users u1_0 
    where
        u1_0.id=?
Hibernate: 
    select
        tp1_0.id,
        tp1_0.average_rating,
        tp1_0.bio,
        tp1_0.created_at,
        tp1_0.hourly_rate,
        tp1_0.status,
        tp1_0.subject,
        tp1_0.total_sessions,
        tp1_0.updated_at,
        tp1_0.user_id,
        tp1_0.years_of_experience 
    from
        tutor_profiles tp1_0 
    where
        tp1_0.user_id=?
Hibernate: 
    select
        u1_0.id,
        u1_0.active,
        u1_0.created_at,
        u1_0.email,
        u1_0.first_name,
        u1_0.last_name,
        u1_0.password,
        u1_0.phone_number,
        u1_0.role,
        u1_0.updated_at,
        u1_0.verified 
    from
        users u1_0 
    where
        u1_0.id=?
Hibernate: 
    select
        tp1_0.id,
        tp1_0.average_rating,
        tp1_0.bio,
        tp1_0.created_at,
        tp1_0.hourly_rate,
        tp1_0.status,
        tp1_0.subject,
        tp1_0.total_sessions,
        tp1_0.updated_at,
        tp1_0.user_id,
        tp1_0.years_of_experience 
    from
        tutor_profiles tp1_0 
    where
        tp1_0.user_id=?
Hibernate: 
    select
        u1_0.id,
        u1_0.active,
        u1_0.created_at,
        u1_0.email,
        u1_0.first_name,
        u1_0.last_name,
        u1_0.password,
        u1_0.phone_number,
        u1_0.role,
        u1_0.updated_at,
        u1_0.verified 
    from
        users u1_0 
    where
        u1_0.id=?
Hibernate: 
    select
        tp1_0.id,
        tp1_0.average_rating,
        tp1_0.bio,
        tp1_0.created_at,
        tp1_0.hourly_rate,
        tp1_0.status,
        tp1_0.subject,
        tp1_0.total_sessions,
        tp1_0.updated_at,
        tp1_0.user_id,
        tp1_0.years_of_experience 
    from
        tutor_profiles tp1_0 
    where
        tp1_0.user_id=?
2026-05-03T15:36:37.274+05:30 DEBUG 75622 --- [peer-tutoring-backend] [nio-8080-exec-2] o.s.security.web.FilterChainProxy        : Securing GET /api/sessions/available
2026-05-03T15:36:37.274+05:30 DEBUG 75622 --- [peer-tutoring-backend] [nio-8080-exec-2] c.t.security.JwtAuthenticationFilter     : JWT Token found: eyJhbGciOiJIUzM4NCJ9...
2026-05-03T15:36:37.276+05:30 DEBUG 75622 --- [peer-tutoring-backend] [nio-8080-exec-2] c.t.security.JwtAuthenticationFilter     : JWT valid, email: tutor1@example.com
Hibernate: 
    select
        u1_0.id,
        u1_0.active,
        u1_0.created_at,
        u1_0.email,
        u1_0.first_name,
        u1_0.last_name,
        u1_0.password,
        u1_0.phone_number,
        u1_0.role,
        u1_0.updated_at,
        u1_0.verified 
    from
        users u1_0 
    where
        u1_0.email=?
Hibernate: 
    select
        tp1_0.id,
        tp1_0.average_rating,
        tp1_0.bio,
        tp1_0.created_at,
        tp1_0.hourly_rate,
        tp1_0.status,
        tp1_0.subject,
        tp1_0.total_sessions,
        tp1_0.updated_at,
        tp1_0.user_id,
        tp1_0.years_of_experience 
    from
        tutor_profiles tp1_0 
    where
        tp1_0.user_id=?
2026-05-03T15:36:37.279+05:30 DEBUG 75622 --- [peer-tutoring-backend] [nio-8080-exec-2] c.t.security.JwtAuthenticationFilter     : Authentication set for user: tutor1@example.com
2026-05-03T15:36:37.279+05:30 DEBUG 75622 --- [peer-tutoring-backend] [nio-8080-exec-2] o.s.security.web.FilterChainProxy        : Secured GET /api/sessions/available
Hibernate: 
    select
        s1_0.id,
        s1_0.created_at,
        s1_0.description,
        s1_0.end_time,
        s1_0.enrolled_students,
        s1_0.max_students,
        s1_0.price,
        s1_0.start_time,
        s1_0.status,
        s1_0.subject,
        s1_0.title,
        s1_0.tutor_id,
        s1_0.type,
        s1_0.updated_at 
    from
        sessions s1_0 
    where
        s1_0.status=?
Hibernate: 
    select
        u1_0.id,
        u1_0.active,
        u1_0.created_at,
        u1_0.email,
        u1_0.first_name,
        u1_0.last_name,
        u1_0.password,
        u1_0.phone_number,
        u1_0.role,
        u1_0.updated_at,
        u1_0.verified 
    from
        users u1_0 
    where
        u1_0.id=?
Hibernate: 
    select
        tp1_0.id,
        tp1_0.average_rating,
        tp1_0.bio,
        tp1_0.created_at,
        tp1_0.hourly_rate,
        tp1_0.status,
        tp1_0.subject,
        tp1_0.total_sessions,
        tp1_0.updated_at,
        tp1_0.user_id,
        tp1_0.years_of_experience 
    from
        tutor_profiles tp1_0 
    where
        tp1_0.user_id=?
Hibernate: 
    select
        u1_0.id,
        u1_0.active,
        u1_0.created_at,
        u1_0.email,
        u1_0.first_name,
        u1_0.last_name,
        u1_0.password,
        u1_0.phone_number,
        u1_0.role,
        u1_0.updated_at,
        u1_0.verified 
    from
        users u1_0 
    where
        u1_0.id=?
Hibernate: 
    select
        tp1_0.id,
        tp1_0.average_rating,
        tp1_0.bio,
        tp1_0.created_at,
        tp1_0.hourly_rate,
        tp1_0.status,
        tp1_0.subject,
        tp1_0.total_sessions,
        tp1_0.updated_at,
        tp1_0.user_id,
        tp1_0.years_of_experience 
    from
        tutor_profiles tp1_0 
    where
        tp1_0.user_id=?
Hibernate: 
    select
        u1_0.id,
        u1_0.active,
        u1_0.created_at,
        u1_0.email,
        u1_0.first_name,
        u1_0.last_name,
        u1_0.password,
        u1_0.phone_number,
        u1_0.role,
        u1_0.updated_at,
        u1_0.verified 
    from
        users u1_0 
    where
        u1_0.id=?
Hibernate: 
    select
        tp1_0.id,
        tp1_0.average_rating,
        tp1_0.bio,
        tp1_0.created_at,
        tp1_0.hourly_rate,
        tp1_0.status,
        tp1_0.subject,
        tp1_0.total_sessions,
        tp1_0.updated_at,
        tp1_0.user_id,
        tp1_0.years_of_experience 
    from
        tutor_profiles tp1_0 
    where
        tp1_0.user_id=?
2026-05-03T15:43:40.468+05:30 DEBUG 75622 --- [peer-tutoring-backend] [nio-8080-exec-6] o.s.security.web.FilterChainProxy        : Securing GET /favicon.ico
2026-05-03T15:43:40.468+05:30 DEBUG 75622 --- [peer-tutoring-backend] [nio-8080-exec-4] o.s.security.web.FilterChainProxy        : Securing GET /api/sessions/available
2026-05-03T15:43:40.468+05:30 DEBUG 75622 --- [peer-tutoring-backend] [nio-8080-exec-5] o.s.security.web.FilterChainProxy        : Securing GET /api/tutors
2026-05-03T15:43:40.473+05:30 DEBUG 75622 --- [peer-tutoring-backend] [nio-8080-exec-4] c.t.security.JwtAuthenticationFilter     : JWT Token found: eyJhbGciOiJIUzM4NCJ9...
2026-05-03T15:43:40.473+05:30 DEBUG 75622 --- [peer-tutoring-backend] [nio-8080-exec-5] c.t.security.JwtAuthenticationFilter     : JWT Token found: eyJhbGciOiJIUzM4NCJ9...
2026-05-03T15:43:40.473+05:30 DEBUG 75622 --- [peer-tutoring-backend] [nio-8080-exec-6] o.s.s.w.a.AnonymousAuthenticationFilter  : Set SecurityContextHolder to anonymous SecurityContext
2026-05-03T15:43:40.476+05:30 DEBUG 75622 --- [peer-tutoring-backend] [nio-8080-exec-4] c.t.security.JwtAuthenticationFilter     : JWT valid, email: tutor1@example.com
2026-05-03T15:43:40.476+05:30 DEBUG 75622 --- [peer-tutoring-backend] [nio-8080-exec-5] c.t.security.JwtAuthenticationFilter     : JWT valid, email: tutor1@example.com
2026-05-03T15:43:40.477+05:30 DEBUG 75622 --- [peer-tutoring-backend] [nio-8080-exec-6] o.s.s.w.a.Http403ForbiddenEntryPoint     : Pre-authenticated entry point called. Rejecting access
2026-05-03T15:43:40.478+05:30 DEBUG 75622 --- [peer-tutoring-backend] [nio-8080-exec-6] o.s.security.web.FilterChainProxy        : Securing GET /error
2026-05-03T15:43:40.480+05:30 DEBUG 75622 --- [peer-tutoring-backend] [nio-8080-exec-6] o.s.s.w.a.AnonymousAuthenticationFilter  : Set SecurityContextHolder to anonymous SecurityContext
2026-05-03T15:43:40.480+05:30 DEBUG 75622 --- [peer-tutoring-backend] [nio-8080-exec-6] o.s.s.w.a.Http403ForbiddenEntryPoint     : Pre-authenticated entry point called. Rejecting access
Hibernate: 
    select
        u1_0.id,
        u1_0.active,
        u1_0.created_at,
        u1_0.email,
        u1_0.first_name,
        u1_0.last_name,
        u1_0.password,
        u1_0.phone_number,
        u1_0.role,
        u1_0.updated_at,
        u1_0.verified 
    from
        users u1_0 
    where
        u1_0.email=?
Hibernate: 
    select
        u1_0.id,
        u1_0.active,
        u1_0.created_at,
        u1_0.email,
        u1_0.first_name,
        u1_0.last_name,
        u1_0.password,
        u1_0.phone_number,
        u1_0.role,
        u1_0.updated_at,
        u1_0.verified 
    from
        users u1_0 
    where
        u1_0.email=?
Hibernate: 
    select
        tp1_0.id,
        tp1_0.average_rating,
        tp1_0.bio,
        tp1_0.created_at,
        tp1_0.hourly_rate,
        tp1_0.status,
        tp1_0.subject,
        tp1_0.total_sessions,
        tp1_0.updated_at,
        tp1_0.user_id,
        tp1_0.years_of_experience 
    from
        tutor_profiles tp1_0 
    where
        tp1_0.user_id=?
Hibernate: 
    select
        tp1_0.id,
        tp1_0.average_rating,
        tp1_0.bio,
        tp1_0.created_at,
        tp1_0.hourly_rate,
        tp1_0.status,
        tp1_0.subject,
        tp1_0.total_sessions,
        tp1_0.updated_at,
        tp1_0.user_id,
        tp1_0.years_of_experience 
    from
        tutor_profiles tp1_0 
    where
        tp1_0.user_id=?
2026-05-03T15:43:40.494+05:30 DEBUG 75622 --- [peer-tutoring-backend] [nio-8080-exec-4] c.t.security.JwtAuthenticationFilter     : Authentication set for user: tutor1@example.com
2026-05-03T15:43:40.494+05:30 DEBUG 75622 --- [peer-tutoring-backend] [nio-8080-exec-5] c.t.security.JwtAuthenticationFilter     : Authentication set for user: tutor1@example.com
2026-05-03T15:43:40.495+05:30 DEBUG 75622 --- [peer-tutoring-backend] [nio-8080-exec-5] o.s.security.web.FilterChainProxy        : Secured GET /api/tutors
2026-05-03T15:43:40.495+05:30 DEBUG 75622 --- [peer-tutoring-backend] [nio-8080-exec-4] o.s.security.web.FilterChainProxy        : Secured GET /api/sessions/available
Hibernate: 
    select
        tp1_0.id,
        tp1_0.average_rating,
        tp1_0.bio,
        tp1_0.created_at,
        tp1_0.hourly_rate,
        tp1_0.status,
        tp1_0.subject,
        tp1_0.total_sessions,
        tp1_0.updated_at,
        tp1_0.user_id,
        tp1_0.years_of_experience 
    from
        tutor_profiles tp1_0 
    where
        tp1_0.status=?
Hibernate: 
    select
        s1_0.id,
        s1_0.created_at,
        s1_0.description,
        s1_0.end_time,
        s1_0.enrolled_students,
        s1_0.max_students,
        s1_0.price,
        s1_0.start_time,
        s1_0.status,
        s1_0.subject,
        s1_0.title,
        s1_0.tutor_id,
        s1_0.type,
        s1_0.updated_at 
    from
        sessions s1_0 
    where
        s1_0.status=?
Hibernate: 
    select
        u1_0.id,
        u1_0.active,
        u1_0.created_at,
        u1_0.email,
        u1_0.first_name,
        u1_0.last_name,
        u1_0.password,
        u1_0.phone_number,
        u1_0.role,
        u1_0.updated_at,
        u1_0.verified 
    from
        users u1_0 
    where
        u1_0.id=?
Hibernate: 
    select
        u1_0.id,
        u1_0.active,
        u1_0.created_at,
        u1_0.email,
        u1_0.first_name,
        u1_0.last_name,
        u1_0.password,
        u1_0.phone_number,
        u1_0.role,
        u1_0.updated_at,
        u1_0.verified 
    from
        users u1_0 
    where
        u1_0.id=?
Hibernate: 
    select
        tp1_0.id,
        tp1_0.average_rating,
        tp1_0.bio,
        tp1_0.created_at,
        tp1_0.hourly_rate,
        tp1_0.status,
        tp1_0.subject,
        tp1_0.total_sessions,
        tp1_0.updated_at,
        tp1_0.user_id,
        tp1_0.years_of_experience 
    from
        tutor_profiles tp1_0 
    where
        tp1_0.user_id=?
Hibernate: 
    select
        tp1_0.id,
        tp1_0.average_rating,
        tp1_0.bio,
        tp1_0.created_at,
        tp1_0.hourly_rate,
        tp1_0.status,
        tp1_0.subject,
        tp1_0.total_sessions,
        tp1_0.updated_at,
        tp1_0.user_id,
        tp1_0.years_of_experience 
    from
        tutor_profiles tp1_0 
    where
        tp1_0.user_id=?
Hibernate: 
    select
        s1_0.tutor_id,
        s1_0.subject_name 
    from
        tutor_subjects s1_0 
    where
        s1_0.tutor_id=?
Hibernate: 
    select
        u1_0.id,
        u1_0.active,
        u1_0.created_at,
        u1_0.email,
        u1_0.first_name,
        u1_0.last_name,
        u1_0.password,
        u1_0.phone_number,
        u1_0.role,
        u1_0.updated_at,
        u1_0.verified 
    from
        users u1_0 
    where
        u1_0.id=?
Hibernate: 
    select
        u1_0.id,
        u1_0.active,
        u1_0.created_at,
        u1_0.email,
        u1_0.first_name,
        u1_0.last_name,
        u1_0.password,
        u1_0.phone_number,
        u1_0.role,
        u1_0.updated_at,
        u1_0.verified 
    from
        users u1_0 
    where
        u1_0.id=?
Hibernate: 
    select
        tp1_0.id,
        tp1_0.average_rating,
        tp1_0.bio,
        tp1_0.created_at,
        tp1_0.hourly_rate,
        tp1_0.status,
        tp1_0.subject,
        tp1_0.total_sessions,
        tp1_0.updated_at,
        tp1_0.user_id,
        tp1_0.years_of_experience 
    from
        tutor_profiles tp1_0 
    where
        tp1_0.user_id=?
Hibernate: 
    select
        tp1_0.id,
        tp1_0.average_rating,
        tp1_0.bio,
        tp1_0.created_at,
        tp1_0.hourly_rate,
        tp1_0.status,
        tp1_0.subject,
        tp1_0.total_sessions,
        tp1_0.updated_at,
        tp1_0.user_id,
        tp1_0.years_of_experience 
    from
        tutor_profiles tp1_0 
    where
        tp1_0.user_id=?
Hibernate: 
    select
        s1_0.tutor_id,
        s1_0.subject_name 
    from
        tutor_subjects s1_0 
    where
        s1_0.tutor_id=?
Hibernate: 
    select
        u1_0.id,
        u1_0.active,
        u1_0.created_at,
        u1_0.email,
        u1_0.first_name,
        u1_0.last_name,
        u1_0.password,
        u1_0.phone_number,
        u1_0.role,
        u1_0.updated_at,
        u1_0.verified 
    from
        users u1_0 
    where
        u1_0.id=?
Hibernate: 
    select
        u1_0.id,
        u1_0.active,
        u1_0.created_at,
        u1_0.email,
        u1_0.first_name,
        u1_0.last_name,
        u1_0.password,
        u1_0.phone_number,
        u1_0.role,
        u1_0.updated_at,
        u1_0.verified 
    from
        users u1_0 
    where
        u1_0.id=?
Hibernate: 
    select
        tp1_0.id,
        tp1_0.average_rating,
        tp1_0.bio,
        tp1_0.created_at,
        tp1_0.hourly_rate,
        tp1_0.status,
        tp1_0.subject,
        tp1_0.total_sessions,
        tp1_0.updated_at,
        tp1_0.user_id,
        tp1_0.years_of_experience 
    from
        tutor_profiles tp1_0 
    where
        tp1_0.user_id=?
Hibernate: 
    select
        tp1_0.id,
        tp1_0.average_rating,
        tp1_0.bio,
        tp1_0.created_at,
        tp1_0.hourly_rate,
        tp1_0.status,
        tp1_0.subject,
        tp1_0.total_sessions,
        tp1_0.updated_at,
        tp1_0.user_id,
        tp1_0.years_of_experience 
    from
        tutor_profiles tp1_0 
    where
        tp1_0.user_id=?
Hibernate: 
    select
        s1_0.tutor_id,
        s1_0.subject_name 
    from
        tutor_subjects s1_0 
    where
        s1_0.tutor_id=?
Hibernate: 
    select
        u1_0.id,
        u1_0.active,
        u1_0.created_at,
        u1_0.email,
        u1_0.first_name,
        u1_0.last_name,
        u1_0.password,
        u1_0.phone_number,
        u1_0.role,
        u1_0.updated_at,
        u1_0.verified 
    from
        users u1_0 
    where
        u1_0.id=?
Hibernate: 
    select
        tp1_0.id,
        tp1_0.average_rating,
        tp1_0.bio,
        tp1_0.created_at,
        tp1_0.hourly_rate,
        tp1_0.status,
        tp1_0.subject,
        tp1_0.total_sessions,
        tp1_0.updated_at,
        tp1_0.user_id,
        tp1_0.years_of_experience 
    from
        tutor_profiles tp1_0 
    where
        tp1_0.user_id=?
Hibernate: 
    select
        s1_0.tutor_id,
        s1_0.subject_name 
    from
        tutor_subjects s1_0 
    where
        s1_0.tutor_id=?
2026-05-03T15:43:40.530+05:30 DEBUG 75622 --- [peer-tutoring-backend] [nio-8080-exec-3] o.s.security.web.FilterChainProxy        : Securing GET /api/sessions/available
2026-05-03T15:43:40.530+05:30 DEBUG 75622 --- [peer-tutoring-backend] [nio-8080-exec-3] c.t.security.JwtAuthenticationFilter     : JWT Token found: eyJhbGciOiJIUzM4NCJ9...
2026-05-03T15:43:40.531+05:30 DEBUG 75622 --- [peer-tutoring-backend] [nio-8080-exec-7] o.s.security.web.FilterChainProxy        : Securing GET /api/tutors
2026-05-03T15:43:40.531+05:30 DEBUG 75622 --- [peer-tutoring-backend] [nio-8080-exec-7] c.t.security.JwtAuthenticationFilter     : JWT Token found: eyJhbGciOiJIUzM4NCJ9...
2026-05-03T15:43:40.531+05:30 DEBUG 75622 --- [peer-tutoring-backend] [nio-8080-exec-3] c.t.security.JwtAuthenticationFilter     : JWT valid, email: tutor1@example.com
2026-05-03T15:43:40.532+05:30 DEBUG 75622 --- [peer-tutoring-backend] [nio-8080-exec-7] c.t.security.JwtAuthenticationFilter     : JWT valid, email: tutor1@example.com
Hibernate: 
    select
        u1_0.id,
        u1_0.active,
        u1_0.created_at,
        u1_0.email,
        u1_0.first_name,
        u1_0.last_name,
        u1_0.password,
        u1_0.phone_number,
        u1_0.role,
        u1_0.updated_at,
        u1_0.verified 
    from
        users u1_0 
    where
        u1_0.email=?
Hibernate: 
    select
        u1_0.id,
        u1_0.active,
        u1_0.created_at,
        u1_0.email,
        u1_0.first_name,
        u1_0.last_name,
        u1_0.password,
        u1_0.phone_number,
        u1_0.role,
        u1_0.updated_at,
        u1_0.verified 
    from
        users u1_0 
    where
        u1_0.email=?
Hibernate: 
    select
        tp1_0.id,
        tp1_0.average_rating,
        tp1_0.bio,
        tp1_0.created_at,
        tp1_0.hourly_rate,
        tp1_0.status,
        tp1_0.subject,
        tp1_0.total_sessions,
        tp1_0.updated_at,
        tp1_0.user_id,
        tp1_0.years_of_experience 
    from
        tutor_profiles tp1_0 
    where
        tp1_0.user_id=?
Hibernate: 
    select
        tp1_0.id,
        tp1_0.average_rating,
        tp1_0.bio,
        tp1_0.created_at,
        tp1_0.hourly_rate,
        tp1_0.status,
        tp1_0.subject,
        tp1_0.total_sessions,
        tp1_0.updated_at,
        tp1_0.user_id,
        tp1_0.years_of_experience 
    from
        tutor_profiles tp1_0 
    where
        tp1_0.user_id=?
2026-05-03T15:43:40.535+05:30 DEBUG 75622 --- [peer-tutoring-backend] [nio-8080-exec-3] c.t.security.JwtAuthenticationFilter     : Authentication set for user: tutor1@example.com
2026-05-03T15:43:40.535+05:30 DEBUG 75622 --- [peer-tutoring-backend] [nio-8080-exec-7] c.t.security.JwtAuthenticationFilter     : Authentication set for user: tutor1@example.com
2026-05-03T15:43:40.535+05:30 DEBUG 75622 --- [peer-tutoring-backend] [nio-8080-exec-3] o.s.security.web.FilterChainProxy        : Secured GET /api/sessions/available
2026-05-03T15:43:40.535+05:30 DEBUG 75622 --- [peer-tutoring-backend] [nio-8080-exec-7] o.s.security.web.FilterChainProxy        : Secured GET /api/tutors
Hibernate: 
    select
        tp1_0.id,
        tp1_0.average_rating,
        tp1_0.bio,
        tp1_0.created_at,
        tp1_0.hourly_rate,
        tp1_0.status,
        tp1_0.subject,
        tp1_0.total_sessions,
        tp1_0.updated_at,
        tp1_0.user_id,
        tp1_0.years_of_experience 
    from
        tutor_profiles tp1_0 
    where
        tp1_0.status=?
Hibernate: 
    select
        s1_0.id,
        s1_0.created_at,
        s1_0.description,
        s1_0.end_time,
        s1_0.enrolled_students,
        s1_0.max_students,
        s1_0.price,
        s1_0.start_time,
        s1_0.status,
        s1_0.subject,
        s1_0.title,
        s1_0.tutor_id,
        s1_0.type,
        s1_0.updated_at 
    from
        sessions s1_0 
    where
        s1_0.status=?
Hibernate: 
    select
        u1_0.id,
        u1_0.active,
        u1_0.created_at,
        u1_0.email,
        u1_0.first_name,
        u1_0.last_name,
        u1_0.password,
        u1_0.phone_number,
        u1_0.role,
        u1_0.updated_at,
        u1_0.verified 
    from
        users u1_0 
    where
        u1_0.id=?
Hibernate: 
    select
        u1_0.id,
        u1_0.active,
        u1_0.created_at,
        u1_0.email,
        u1_0.first_name,
        u1_0.last_name,
        u1_0.password,
        u1_0.phone_number,
        u1_0.role,
        u1_0.updated_at,
        u1_0.verified 
    from
        users u1_0 
    where
        u1_0.id=?
Hibernate: 
    select
        tp1_0.id,
        tp1_0.average_rating,
        tp1_0.bio,
        tp1_0.created_at,
        tp1_0.hourly_rate,
        tp1_0.status,
        tp1_0.subject,
        tp1_0.total_sessions,
        tp1_0.updated_at,
        tp1_0.user_id,
        tp1_0.years_of_experience 
    from
        tutor_profiles tp1_0 
    where
        tp1_0.user_id=?
Hibernate: 
    select
        tp1_0.id,
        tp1_0.average_rating,
        tp1_0.bio,
        tp1_0.created_at,
        tp1_0.hourly_rate,
        tp1_0.status,
        tp1_0.subject,
        tp1_0.total_sessions,
        tp1_0.updated_at,
        tp1_0.user_id,
        tp1_0.years_of_experience 
    from
        tutor_profiles tp1_0 
    where
        tp1_0.user_id=?
Hibernate: 
    select
        s1_0.tutor_id,
        s1_0.subject_name 
    from
        tutor_subjects s1_0 
    where
        s1_0.tutor_id=?
Hibernate: 
    select
        u1_0.id,
        u1_0.active,
        u1_0.created_at,
        u1_0.email,
        u1_0.first_name,
        u1_0.last_name,
        u1_0.password,
        u1_0.phone_number,
        u1_0.role,
        u1_0.updated_at,
        u1_0.verified 
    from
        users u1_0 
    where
        u1_0.id=?
Hibernate: 
    select
        u1_0.id,
        u1_0.active,
        u1_0.created_at,
        u1_0.email,
        u1_0.first_name,
        u1_0.last_name,
        u1_0.password,
        u1_0.phone_number,
        u1_0.role,
        u1_0.updated_at,
        u1_0.verified 
    from
        users u1_0 
    where
        u1_0.id=?
Hibernate: 
    select
        tp1_0.id,
        tp1_0.average_rating,
        tp1_0.bio,
        tp1_0.created_at,
        tp1_0.hourly_rate,
        tp1_0.status,
        tp1_0.subject,
        tp1_0.total_sessions,
        tp1_0.updated_at,
        tp1_0.user_id,
        tp1_0.years_of_experience 
    from
        tutor_profiles tp1_0 
    where
        tp1_0.user_id=?
Hibernate: 
    select
        tp1_0.id,
        tp1_0.average_rating,
        tp1_0.bio,
        tp1_0.created_at,
        tp1_0.hourly_rate,
        tp1_0.status,
        tp1_0.subject,
        tp1_0.total_sessions,
        tp1_0.updated_at,
        tp1_0.user_id,
        tp1_0.years_of_experience 
    from
        tutor_profiles tp1_0 
    where
        tp1_0.user_id=?
Hibernate: 
    select
        s1_0.tutor_id,
        s1_0.subject_name 
    from
        tutor_subjects s1_0 
    where
        s1_0.tutor_id=?
Hibernate: 
    select
        u1_0.id,
        u1_0.active,
        u1_0.created_at,
        u1_0.email,
        u1_0.first_name,
        u1_0.last_name,
        u1_0.password,
        u1_0.phone_number,
        u1_0.role,
        u1_0.updated_at,
        u1_0.verified 
    from
        users u1_0 
    where
        u1_0.id=?
Hibernate: 
    select
        u1_0.id,
        u1_0.active,
        u1_0.created_at,
        u1_0.email,
        u1_0.first_name,
        u1_0.last_name,
        u1_0.password,
        u1_0.phone_number,
        u1_0.role,
        u1_0.updated_at,
        u1_0.verified 
    from
        users u1_0 
    where
        u1_0.id=?
Hibernate: 
    select
        tp1_0.id,
        tp1_0.average_rating,
        tp1_0.bio,
        tp1_0.created_at,
        tp1_0.hourly_rate,
        tp1_0.status,
        tp1_0.subject,
        tp1_0.total_sessions,
        tp1_0.updated_at,
        tp1_0.user_id,
        tp1_0.years_of_experience 
    from
        tutor_profiles tp1_0 
    where
        tp1_0.user_id=?
Hibernate: 
    select
        tp1_0.id,
        tp1_0.average_rating,
        tp1_0.bio,
        tp1_0.created_at,
        tp1_0.hourly_rate,
        tp1_0.status,
        tp1_0.subject,
        tp1_0.total_sessions,
        tp1_0.updated_at,
        tp1_0.user_id,
        tp1_0.years_of_experience 
    from
        tutor_profiles tp1_0 
    where
        tp1_0.user_id=?
Hibernate: 
    select
        s1_0.tutor_id,
        s1_0.subject_name 
    from
        tutor_subjects s1_0 
    where
        s1_0.tutor_id=?
Hibernate: 
    select
        u1_0.id,
        u1_0.active,
        u1_0.created_at,
        u1_0.email,
        u1_0.first_name,
        u1_0.last_name,
        u1_0.password,
        u1_0.phone_number,
        u1_0.role,
        u1_0.updated_at,
        u1_0.verified 
    from
        users u1_0 
    where
        u1_0.id=?
Hibernate: 
    select
        tp1_0.id,
        tp1_0.average_rating,
        tp1_0.bio,
        tp1_0.created_at,
        tp1_0.hourly_rate,
        tp1_0.status,
        tp1_0.subject,
        tp1_0.total_sessions,
        tp1_0.updated_at,
        tp1_0.user_id,
        tp1_0.years_of_experience 
    from
        tutor_profiles tp1_0 
    where
        tp1_0.user_id=?
Hibernate: 
    select
        s1_0.tutor_id,
        s1_0.subject_name 
    from
        tutor_subjects s1_0 
    where
        s1_0.tutor_id=?
2026-05-03T15:43:57.095+05:30 DEBUG 75622 --- [peer-tutoring-backend] [nio-8080-exec-8] o.s.security.web.FilterChainProxy        : Securing GET /api/tutor/bookings
2026-05-03T15:43:57.095+05:30 DEBUG 75622 --- [peer-tutoring-backend] [io-8080-exec-10] o.s.security.web.FilterChainProxy        : Securing GET /favicon.ico
2026-05-03T15:43:57.095+05:30 DEBUG 75622 --- [peer-tutoring-backend] [nio-8080-exec-8] c.t.security.JwtAuthenticationFilter     : JWT Token found: eyJhbGciOiJIUzM4NCJ9...
2026-05-03T15:43:57.096+05:30 DEBUG 75622 --- [peer-tutoring-backend] [io-8080-exec-10] o.s.s.w.a.AnonymousAuthenticationFilter  : Set SecurityContextHolder to anonymous SecurityContext
2026-05-03T15:43:57.097+05:30 DEBUG 75622 --- [peer-tutoring-backend] [nio-8080-exec-8] c.t.security.JwtAuthenticationFilter     : JWT valid, email: tutor1@example.com
2026-05-03T15:43:57.098+05:30 DEBUG 75622 --- [peer-tutoring-backend] [io-8080-exec-10] o.s.s.w.a.Http403ForbiddenEntryPoint     : Pre-authenticated entry point called. Rejecting access
2026-05-03T15:43:57.098+05:30 DEBUG 75622 --- [peer-tutoring-backend] [io-8080-exec-10] o.s.security.web.FilterChainProxy        : Securing GET /error
Hibernate: 
    select
        u1_0.id,
        u1_0.active,
        u1_0.created_at,
        u1_0.email,
        u1_0.first_name,
        u1_0.last_name,
        u1_0.password,
        u1_0.phone_number,
        u1_0.role,
        u1_0.updated_at,
        u1_0.verified 
    from
        users u1_0 
    where
        u1_0.email=?
2026-05-03T15:43:57.099+05:30 DEBUG 75622 --- [peer-tutoring-backend] [io-8080-exec-10] o.s.s.w.a.AnonymousAuthenticationFilter  : Set SecurityContextHolder to anonymous SecurityContext
2026-05-03T15:43:57.099+05:30 DEBUG 75622 --- [peer-tutoring-backend] [io-8080-exec-10] o.s.s.w.a.Http403ForbiddenEntryPoint     : Pre-authenticated entry point called. Rejecting access
Hibernate: 
    select
        tp1_0.id,
        tp1_0.average_rating,
        tp1_0.bio,
        tp1_0.created_at,
        tp1_0.hourly_rate,
        tp1_0.status,
        tp1_0.subject,
        tp1_0.total_sessions,
        tp1_0.updated_at,
        tp1_0.user_id,
        tp1_0.years_of_experience 
    from
        tutor_profiles tp1_0 
    where
        tp1_0.user_id=?
2026-05-03T15:43:57.102+05:30 DEBUG 75622 --- [peer-tutoring-backend] [nio-8080-exec-8] c.t.security.JwtAuthenticationFilter     : Authentication set for user: tutor1@example.com
2026-05-03T15:43:57.103+05:30 DEBUG 75622 --- [peer-tutoring-backend] [nio-8080-exec-8] o.s.security.web.FilterChainProxy        : Secured GET /api/tutor/bookings
2026-05-03T15:43:57.104+05:30 DEBUG 75622 --- [peer-tutoring-backend] [nio-8080-exec-8] horizationManagerBeforeMethodInterceptor : Authorizing method invocation ReflectiveMethodInvocation: public org.springframework.http.ResponseEntity com.tutoring.controller.BookingController.getTutorBookings(com.tutoring.security.UserDetailsImpl); target is of class [com.tutoring.controller.BookingController]
2026-05-03T15:43:57.104+05:30 DEBUG 75622 --- [peer-tutoring-backend] [nio-8080-exec-8] horizationManagerBeforeMethodInterceptor : Authorized method invocation ReflectiveMethodInvocation: public org.springframework.http.ResponseEntity com.tutoring.controller.BookingController.getTutorBookings(com.tutoring.security.UserDetailsImpl); target is of class [com.tutoring.controller.BookingController]
Hibernate: 
    select
        b1_0.id,
        b1_0.amount,
        b1_0.cancelled_at,
        b1_0.completed_at,
        b1_0.confirmed_at,
        b1_0.created_at,
        b1_0.notes,
        b1_0.payment_status,
        b1_0.session_id,
        b1_0.status,
        b1_0.student_id,
        b1_0.updated_at 
    from
        bookings b1_0 
    left join
        sessions s1_0 
            on s1_0.id=b1_0.session_id 
    where
        s1_0.tutor_id=?
Hibernate: 
    select
        r1_0.id,
        r1_0.booking_id,
        r1_0.created_at,
        r1_0.rating,
        r1_0.review,
        r1_0.student_id,
        r1_0.tutor_id,
        r1_0.visible 
    from
        ratings r1_0 
    where
        r1_0.booking_id=?
Hibernate: 
    select
        u1_0.id,
        u1_0.active,
        u1_0.created_at,
        u1_0.email,
        u1_0.first_name,
        u1_0.last_name,
        u1_0.password,
        u1_0.phone_number,
        u1_0.role,
        u1_0.updated_at,
        u1_0.verified 
    from
        users u1_0 
    where
        u1_0.id=?
Hibernate: 
    select
        tp1_0.id,
        tp1_0.average_rating,
        tp1_0.bio,
        tp1_0.created_at,
        tp1_0.hourly_rate,
        tp1_0.status,
        tp1_0.subject,
        tp1_0.total_sessions,
        tp1_0.updated_at,
        tp1_0.user_id,
        tp1_0.years_of_experience 
    from
        tutor_profiles tp1_0 
    where
        tp1_0.user_id=?
Hibernate: 
    select
        s1_0.id,
        s1_0.created_at,
        s1_0.description,
        s1_0.end_time,
        s1_0.enrolled_students,
        s1_0.max_students,
        s1_0.price,
        s1_0.start_time,
        s1_0.status,
        s1_0.subject,
        s1_0.title,
        s1_0.tutor_id,
        s1_0.type,
        s1_0.updated_at 
    from
        sessions s1_0 
    where
        s1_0.id=?
2026-05-03T15:43:57.114+05:30 DEBUG 75622 --- [peer-tutoring-backend] [nio-8080-exec-1] o.s.security.web.FilterChainProxy        : Securing GET /api/tutor/bookings
2026-05-03T15:43:57.115+05:30 DEBUG 75622 --- [peer-tutoring-backend] [nio-8080-exec-1] c.t.security.JwtAuthenticationFilter     : JWT Token found: eyJhbGciOiJIUzM4NCJ9...
2026-05-03T15:43:57.115+05:30 DEBUG 75622 --- [peer-tutoring-backend] [nio-8080-exec-9] o.s.security.web.FilterChainProxy        : Securing GET /api/tutor/profile
2026-05-03T15:43:57.115+05:30 DEBUG 75622 --- [peer-tutoring-backend] [nio-8080-exec-9] c.t.security.JwtAuthenticationFilter     : JWT Token found: eyJhbGciOiJIUzM4NCJ9...
2026-05-03T15:43:57.116+05:30 DEBUG 75622 --- [peer-tutoring-backend] [nio-8080-exec-1] c.t.security.JwtAuthenticationFilter     : JWT valid, email: tutor1@example.com
2026-05-03T15:43:57.116+05:30 DEBUG 75622 --- [peer-tutoring-backend] [nio-8080-exec-9] c.t.security.JwtAuthenticationFilter     : JWT valid, email: tutor1@example.com
Hibernate: 
    select
        u1_0.id,
        u1_0.active,
        u1_0.created_at,
        u1_0.email,
        u1_0.first_name,
        u1_0.last_name,
        u1_0.password,
        u1_0.phone_number,
        u1_0.role,
        u1_0.updated_at,
        u1_0.verified 
    from
        users u1_0 
    where
        u1_0.email=?
Hibernate: 
    select
        tp1_0.id,
        tp1_0.average_rating,
        tp1_0.bio,
        tp1_0.created_at,
        tp1_0.hourly_rate,
        tp1_0.status,
        tp1_0.subject,
        tp1_0.total_sessions,
        tp1_0.updated_at,
        tp1_0.user_id,
        tp1_0.years_of_experience 
    from
        tutor_profiles tp1_0 
    where
        tp1_0.user_id=?
Hibernate: 
    select
        u1_0.id,
        u1_0.active,
        u1_0.created_at,
        u1_0.email,
        u1_0.first_name,
        u1_0.last_name,
        u1_0.password,
        u1_0.phone_number,
        u1_0.role,
        u1_0.updated_at,
        u1_0.verified 
    from
        users u1_0 
    where
        u1_0.email=?
Hibernate: 
    select
        tp1_0.id,
        tp1_0.average_rating,
        tp1_0.bio,
        tp1_0.created_at,
        tp1_0.hourly_rate,
        tp1_0.status,
        tp1_0.subject,
        tp1_0.total_sessions,
        tp1_0.updated_at,
        tp1_0.user_id,
        tp1_0.years_of_experience 
    from
        tutor_profiles tp1_0 
    where
        tp1_0.user_id=?
2026-05-03T15:43:57.119+05:30 DEBUG 75622 --- [peer-tutoring-backend] [nio-8080-exec-1] c.t.security.JwtAuthenticationFilter     : Authentication set for user: tutor1@example.com
2026-05-03T15:43:57.120+05:30 DEBUG 75622 --- [peer-tutoring-backend] [nio-8080-exec-1] o.s.security.web.FilterChainProxy        : Secured GET /api/tutor/bookings
2026-05-03T15:43:57.120+05:30 DEBUG 75622 --- [peer-tutoring-backend] [nio-8080-exec-9] c.t.security.JwtAuthenticationFilter     : Authentication set for user: tutor1@example.com
2026-05-03T15:43:57.121+05:30 DEBUG 75622 --- [peer-tutoring-backend] [nio-8080-exec-9] o.s.security.web.FilterChainProxy        : Secured GET /api/tutor/profile
2026-05-03T15:43:57.121+05:30 DEBUG 75622 --- [peer-tutoring-backend] [nio-8080-exec-1] horizationManagerBeforeMethodInterceptor : Authorizing method invocation ReflectiveMethodInvocation: public org.springframework.http.ResponseEntity com.tutoring.controller.BookingController.getTutorBookings(com.tutoring.security.UserDetailsImpl); target is of class [com.tutoring.controller.BookingController]
2026-05-03T15:43:57.121+05:30 DEBUG 75622 --- [peer-tutoring-backend] [nio-8080-exec-1] horizationManagerBeforeMethodInterceptor : Authorized method invocation ReflectiveMethodInvocation: public org.springframework.http.ResponseEntity com.tutoring.controller.BookingController.getTutorBookings(com.tutoring.security.UserDetailsImpl); target is of class [com.tutoring.controller.BookingController]
2026-05-03T15:43:57.121+05:30 DEBUG 75622 --- [peer-tutoring-backend] [nio-8080-exec-9] horizationManagerBeforeMethodInterceptor : Authorizing method invocation ReflectiveMethodInvocation: public org.springframework.http.ResponseEntity com.tutoring.controller.TutorController.getMyProfile(com.tutoring.security.UserDetailsImpl); target is of class [com.tutoring.controller.TutorController]
2026-05-03T15:43:57.121+05:30 DEBUG 75622 --- [peer-tutoring-backend] [nio-8080-exec-9] horizationManagerBeforeMethodInterceptor : Authorized method invocation ReflectiveMethodInvocation: public org.springframework.http.ResponseEntity com.tutoring.controller.TutorController.getMyProfile(com.tutoring.security.UserDetailsImpl); target is of class [com.tutoring.controller.TutorController]
Hibernate: 
    select
        b1_0.id,
        b1_0.amount,
        b1_0.cancelled_at,
        b1_0.completed_at,
        b1_0.confirmed_at,
        b1_0.created_at,
        b1_0.notes,
        b1_0.payment_status,
        b1_0.session_id,
        b1_0.status,
        b1_0.student_id,
        b1_0.updated_at 
    from
        bookings b1_0 
    left join
        sessions s1_0 
            on s1_0.id=b1_0.session_id 
    where
        s1_0.tutor_id=?
Hibernate: 
    select
        tp1_0.id,
        tp1_0.average_rating,
        tp1_0.bio,
        tp1_0.created_at,
        tp1_0.hourly_rate,
        tp1_0.status,
        tp1_0.subject,
        tp1_0.total_sessions,
        tp1_0.updated_at,
        tp1_0.user_id,
        tp1_0.years_of_experience 
    from
        tutor_profiles tp1_0 
    where
        tp1_0.user_id=?
Hibernate: 
    select
        r1_0.id,
        r1_0.booking_id,
        r1_0.created_at,
        r1_0.rating,
        r1_0.review,
        r1_0.student_id,
        r1_0.tutor_id,
        r1_0.visible 
    from
        ratings r1_0 
    where
        r1_0.booking_id=?
Hibernate: 
    select
        u1_0.id,
        u1_0.active,
        u1_0.created_at,
        u1_0.email,
        u1_0.first_name,
        u1_0.last_name,
        u1_0.password,
        u1_0.phone_number,
        u1_0.role,
        u1_0.updated_at,
        u1_0.verified 
    from
        users u1_0 
    where
        u1_0.id=?
Hibernate: 
    select
        u1_0.id,
        u1_0.active,
        u1_0.created_at,
        u1_0.email,
        u1_0.first_name,
        u1_0.last_name,
        u1_0.password,
        u1_0.phone_number,
        u1_0.role,
        u1_0.updated_at,
        u1_0.verified 
    from
        users u1_0 
    where
        u1_0.id=?
Hibernate: 
    select
        tp1_0.id,
        tp1_0.average_rating,
        tp1_0.bio,
        tp1_0.created_at,
        tp1_0.hourly_rate,
        tp1_0.status,
        tp1_0.subject,
        tp1_0.total_sessions,
        tp1_0.updated_at,
        tp1_0.user_id,
        tp1_0.years_of_experience 
    from
        tutor_profiles tp1_0 
    where
        tp1_0.user_id=?
Hibernate: 
    select
        tp1_0.id,
        tp1_0.average_rating,
        tp1_0.bio,
        tp1_0.created_at,
        tp1_0.hourly_rate,
        tp1_0.status,
        tp1_0.subject,
        tp1_0.total_sessions,
        tp1_0.updated_at,
        tp1_0.user_id,
        tp1_0.years_of_experience 
    from
        tutor_profiles tp1_0 
    where
        tp1_0.user_id=?
Hibernate: 
    select
        s1_0.id,
        s1_0.created_at,
        s1_0.description,
        s1_0.end_time,
        s1_0.enrolled_students,
        s1_0.max_students,
        s1_0.price,
        s1_0.start_time,
        s1_0.status,
        s1_0.subject,
        s1_0.title,
        s1_0.tutor_id,
        s1_0.type,
        s1_0.updated_at 
    from
        sessions s1_0 
    where
        s1_0.id=?
Hibernate: 
    select
        s1_0.tutor_id,
        s1_0.subject_name 
    from
        tutor_subjects s1_0 
    where
        s1_0.tutor_id=?
2026-05-03T15:43:57.133+05:30 DEBUG 75622 --- [peer-tutoring-backend] [nio-8080-exec-2] o.s.security.web.FilterChainProxy        : Securing GET /api/tutor/profile
2026-05-03T15:43:57.133+05:30 DEBUG 75622 --- [peer-tutoring-backend] [nio-8080-exec-2] c.t.security.JwtAuthenticationFilter     : JWT Token found: eyJhbGciOiJIUzM4NCJ9...
2026-05-03T15:43:57.135+05:30 DEBUG 75622 --- [peer-tutoring-backend] [nio-8080-exec-2] c.t.security.JwtAuthenticationFilter     : JWT valid, email: tutor1@example.com
Hibernate: 
    select
        u1_0.id,
        u1_0.active,
        u1_0.created_at,
        u1_0.email,
        u1_0.first_name,
        u1_0.last_name,
        u1_0.password,
        u1_0.phone_number,
        u1_0.role,
        u1_0.updated_at,
        u1_0.verified 
    from
        users u1_0 
    where
        u1_0.email=?
Hibernate: 
    select
        tp1_0.id,
        tp1_0.average_rating,
        tp1_0.bio,
        tp1_0.created_at,
        tp1_0.hourly_rate,
        tp1_0.status,
        tp1_0.subject,
        tp1_0.total_sessions,
        tp1_0.updated_at,
        tp1_0.user_id,
        tp1_0.years_of_experience 
    from
        tutor_profiles tp1_0 
    where
        tp1_0.user_id=?
2026-05-03T15:43:57.138+05:30 DEBUG 75622 --- [peer-tutoring-backend] [nio-8080-exec-2] c.t.security.JwtAuthenticationFilter     : Authentication set for user: tutor1@example.com
2026-05-03T15:43:57.139+05:30 DEBUG 75622 --- [peer-tutoring-backend] [nio-8080-exec-2] o.s.security.web.FilterChainProxy        : Secured GET /api/tutor/profile
2026-05-03T15:43:57.139+05:30 DEBUG 75622 --- [peer-tutoring-backend] [nio-8080-exec-2] horizationManagerBeforeMethodInterceptor : Authorizing method invocation ReflectiveMethodInvocation: public org.springframework.http.ResponseEntity com.tutoring.controller.TutorController.getMyProfile(com.tutoring.security.UserDetailsImpl); target is of class [com.tutoring.controller.TutorController]
2026-05-03T15:43:57.140+05:30 DEBUG 75622 --- [peer-tutoring-backend] [nio-8080-exec-2] horizationManagerBeforeMethodInterceptor : Authorized method invocation ReflectiveMethodInvocation: public org.springframework.http.ResponseEntity com.tutoring.controller.TutorController.getMyProfile(com.tutoring.security.UserDetailsImpl); target is of class [com.tutoring.controller.TutorController]
Hibernate: 
    select
        tp1_0.id,
        tp1_0.average_rating,
        tp1_0.bio,
        tp1_0.created_at,
        tp1_0.hourly_rate,
        tp1_0.status,
        tp1_0.subject,
        tp1_0.total_sessions,
        tp1_0.updated_at,
        tp1_0.user_id,
        tp1_0.years_of_experience 
    from
        tutor_profiles tp1_0 
    where
        tp1_0.user_id=?
Hibernate: 
    select
        u1_0.id,
        u1_0.active,
        u1_0.created_at,
        u1_0.email,
        u1_0.first_name,
        u1_0.last_name,
        u1_0.password,
        u1_0.phone_number,
        u1_0.role,
        u1_0.updated_at,
        u1_0.verified 
    from
        users u1_0 
    where
        u1_0.id=?
Hibernate: 
    select
        tp1_0.id,
        tp1_0.average_rating,
        tp1_0.bio,
        tp1_0.created_at,
        tp1_0.hourly_rate,
        tp1_0.status,
        tp1_0.subject,
        tp1_0.total_sessions,
        tp1_0.updated_at,
        tp1_0.user_id,
        tp1_0.years_of_experience 
    from
        tutor_profiles tp1_0 
    where
        tp1_0.user_id=?
Hibernate: 
    select
        s1_0.tutor_id,
        s1_0.subject_name 
    from
        tutor_subjects s1_0 
    where
        s1_0.tutor_id=?
2026-05-03T15:47:43.895+05:30 DEBUG 75622 --- [peer-tutoring-backend] [nio-8080-exec-4] o.s.security.web.FilterChainProxy        : Securing GET /favicon.ico
2026-05-03T15:47:43.895+05:30 DEBUG 75622 --- [peer-tutoring-backend] [nio-8080-exec-6] o.s.security.web.FilterChainProxy        : Securing GET /api/tutor/bookings
2026-05-03T15:47:43.897+05:30 DEBUG 75622 --- [peer-tutoring-backend] [nio-8080-exec-6] c.t.security.JwtAuthenticationFilter     : JWT Token found: eyJhbGciOiJIUzM4NCJ9...
2026-05-03T15:47:43.897+05:30 DEBUG 75622 --- [peer-tutoring-backend] [nio-8080-exec-4] o.s.s.w.a.AnonymousAuthenticationFilter  : Set SecurityContextHolder to anonymous SecurityContext
2026-05-03T15:47:43.899+05:30 DEBUG 75622 --- [peer-tutoring-backend] [nio-8080-exec-6] c.t.security.JwtAuthenticationFilter     : JWT valid, email: tutor1@example.com
2026-05-03T15:47:43.900+05:30 DEBUG 75622 --- [peer-tutoring-backend] [nio-8080-exec-4] o.s.s.w.a.Http403ForbiddenEntryPoint     : Pre-authenticated entry point called. Rejecting access
2026-05-03T15:47:43.900+05:30 DEBUG 75622 --- [peer-tutoring-backend] [nio-8080-exec-4] o.s.security.web.FilterChainProxy        : Securing GET /error
2026-05-03T15:47:43.902+05:30 DEBUG 75622 --- [peer-tutoring-backend] [nio-8080-exec-4] o.s.s.w.a.AnonymousAuthenticationFilter  : Set SecurityContextHolder to anonymous SecurityContext
2026-05-03T15:47:43.903+05:30 DEBUG 75622 --- [peer-tutoring-backend] [nio-8080-exec-4] o.s.s.w.a.Http403ForbiddenEntryPoint     : Pre-authenticated entry point called. Rejecting access
Hibernate: 
    select
        u1_0.id,
        u1_0.active,
        u1_0.created_at,
        u1_0.email,
        u1_0.first_name,
        u1_0.last_name,
        u1_0.password,
        u1_0.phone_number,
        u1_0.role,
        u1_0.updated_at,
        u1_0.verified 
    from
        users u1_0 
    where
        u1_0.email=?
Hibernate: 
    select
        tp1_0.id,
        tp1_0.average_rating,
        tp1_0.bio,
        tp1_0.created_at,
        tp1_0.hourly_rate,
        tp1_0.status,
        tp1_0.subject,
        tp1_0.total_sessions,
        tp1_0.updated_at,
        tp1_0.user_id,
        tp1_0.years_of_experience 
    from
        tutor_profiles tp1_0 
    where
        tp1_0.user_id=?
2026-05-03T15:47:43.911+05:30 DEBUG 75622 --- [peer-tutoring-backend] [nio-8080-exec-6] c.t.security.JwtAuthenticationFilter     : Authentication set for user: tutor1@example.com
2026-05-03T15:47:43.911+05:30 DEBUG 75622 --- [peer-tutoring-backend] [nio-8080-exec-6] o.s.security.web.FilterChainProxy        : Secured GET /api/tutor/bookings
2026-05-03T15:47:43.912+05:30 DEBUG 75622 --- [peer-tutoring-backend] [nio-8080-exec-6] horizationManagerBeforeMethodInterceptor : Authorizing method invocation ReflectiveMethodInvocation: public org.springframework.http.ResponseEntity com.tutoring.controller.BookingController.getTutorBookings(com.tutoring.security.UserDetailsImpl); target is of class [com.tutoring.controller.BookingController]
2026-05-03T15:47:43.913+05:30 DEBUG 75622 --- [peer-tutoring-backend] [nio-8080-exec-6] horizationManagerBeforeMethodInterceptor : Authorized method invocation ReflectiveMethodInvocation: public org.springframework.http.ResponseEntity com.tutoring.controller.BookingController.getTutorBookings(com.tutoring.security.UserDetailsImpl); target is of class [com.tutoring.controller.BookingController]
Hibernate: 
    select
        b1_0.id,
        b1_0.amount,
        b1_0.cancelled_at,
        b1_0.completed_at,
        b1_0.confirmed_at,
        b1_0.created_at,
        b1_0.notes,
        b1_0.payment_status,
        b1_0.session_id,
        b1_0.status,
        b1_0.student_id,
        b1_0.updated_at 
    from
        bookings b1_0 
    left join
        sessions s1_0 
            on s1_0.id=b1_0.session_id 
    where
        s1_0.tutor_id=?
Hibernate: 
    select
        r1_0.id,
        r1_0.booking_id,
        r1_0.created_at,
        r1_0.rating,
        r1_0.review,
        r1_0.student_id,
        r1_0.tutor_id,
        r1_0.visible 
    from
        ratings r1_0 
    where
        r1_0.booking_id=?
Hibernate: 
    select
        u1_0.id,
        u1_0.active,
        u1_0.created_at,
        u1_0.email,
        u1_0.first_name,
        u1_0.last_name,
        u1_0.password,
        u1_0.phone_number,
        u1_0.role,
        u1_0.updated_at,
        u1_0.verified 
    from
        users u1_0 
    where
        u1_0.id=?
Hibernate: 
    select
        tp1_0.id,
        tp1_0.average_rating,
        tp1_0.bio,
        tp1_0.created_at,
        tp1_0.hourly_rate,
        tp1_0.status,
        tp1_0.subject,
        tp1_0.total_sessions,
        tp1_0.updated_at,
        tp1_0.user_id,
        tp1_0.years_of_experience 
    from
        tutor_profiles tp1_0 
    where
        tp1_0.user_id=?
Hibernate: 
    select
        s1_0.id,
        s1_0.created_at,
        s1_0.description,
        s1_0.end_time,
        s1_0.enrolled_students,
        s1_0.max_students,
        s1_0.price,
        s1_0.start_time,
        s1_0.status,
        s1_0.subject,
        s1_0.title,
        s1_0.tutor_id,
        s1_0.type,
        s1_0.updated_at 
    from
        sessions s1_0 
    where
        s1_0.id=?
2026-05-03T15:47:43.924+05:30 DEBUG 75622 --- [peer-tutoring-backend] [nio-8080-exec-5] o.s.security.web.FilterChainProxy        : Securing GET /api/tutor/bookings
2026-05-03T15:47:43.924+05:30 DEBUG 75622 --- [peer-tutoring-backend] [nio-8080-exec-5] c.t.security.JwtAuthenticationFilter     : JWT Token found: eyJhbGciOiJIUzM4NCJ9...
2026-05-03T15:47:43.926+05:30 DEBUG 75622 --- [peer-tutoring-backend] [nio-8080-exec-3] o.s.security.web.FilterChainProxy        : Securing GET /api/tutor/profile
2026-05-03T15:47:43.926+05:30 DEBUG 75622 --- [peer-tutoring-backend] [nio-8080-exec-5] c.t.security.JwtAuthenticationFilter     : JWT valid, email: tutor1@example.com
2026-05-03T15:47:43.926+05:30 DEBUG 75622 --- [peer-tutoring-backend] [nio-8080-exec-3] c.t.security.JwtAuthenticationFilter     : JWT Token found: eyJhbGciOiJIUzM4NCJ9...
2026-05-03T15:47:43.926+05:30 DEBUG 75622 --- [peer-tutoring-backend] [nio-8080-exec-3] c.t.security.JwtAuthenticationFilter     : JWT valid, email: tutor1@example.com
Hibernate: 
    select
        u1_0.id,
        u1_0.active,
        u1_0.created_at,
        u1_0.email,
        u1_0.first_name,
        u1_0.last_name,
        u1_0.password,
        u1_0.phone_number,
        u1_0.role,
        u1_0.updated_at,
        u1_0.verified 
    from
        users u1_0 
    where
        u1_0.email=?
Hibernate: 
    select
        tp1_0.id,
        tp1_0.average_rating,
        tp1_0.bio,
        tp1_0.created_at,
        tp1_0.hourly_rate,
        tp1_0.status,
        tp1_0.subject,
        tp1_0.total_sessions,
        tp1_0.updated_at,
        tp1_0.user_id,
        tp1_0.years_of_experience 
    from
        tutor_profiles tp1_0 
    where
        tp1_0.user_id=?
Hibernate: 
    select
        u1_0.id,
        u1_0.active,
        u1_0.created_at,
        u1_0.email,
        u1_0.first_name,
        u1_0.last_name,
        u1_0.password,
        u1_0.phone_number,
        u1_0.role,
        u1_0.updated_at,
        u1_0.verified 
    from
        users u1_0 
    where
        u1_0.email=?
Hibernate: 
    select
        tp1_0.id,
        tp1_0.average_rating,
        tp1_0.bio,
        tp1_0.created_at,
        tp1_0.hourly_rate,
        tp1_0.status,
        tp1_0.subject,
        tp1_0.total_sessions,
        tp1_0.updated_at,
        tp1_0.user_id,
        tp1_0.years_of_experience 
    from
        tutor_profiles tp1_0 
    where
        tp1_0.user_id=?
2026-05-03T15:47:43.929+05:30 DEBUG 75622 --- [peer-tutoring-backend] [nio-8080-exec-5] c.t.security.JwtAuthenticationFilter     : Authentication set for user: tutor1@example.com
2026-05-03T15:47:43.929+05:30 DEBUG 75622 --- [peer-tutoring-backend] [nio-8080-exec-3] c.t.security.JwtAuthenticationFilter     : Authentication set for user: tutor1@example.com
2026-05-03T15:47:43.929+05:30 DEBUG 75622 --- [peer-tutoring-backend] [nio-8080-exec-3] o.s.security.web.FilterChainProxy        : Secured GET /api/tutor/profile
2026-05-03T15:47:43.929+05:30 DEBUG 75622 --- [peer-tutoring-backend] [nio-8080-exec-5] o.s.security.web.FilterChainProxy        : Secured GET /api/tutor/bookings
2026-05-03T15:47:43.930+05:30 DEBUG 75622 --- [peer-tutoring-backend] [nio-8080-exec-5] horizationManagerBeforeMethodInterceptor : Authorizing method invocation ReflectiveMethodInvocation: public org.springframework.http.ResponseEntity com.tutoring.controller.BookingController.getTutorBookings(com.tutoring.security.UserDetailsImpl); target is of class [com.tutoring.controller.BookingController]
2026-05-03T15:47:43.930+05:30 DEBUG 75622 --- [peer-tutoring-backend] [nio-8080-exec-3] horizationManagerBeforeMethodInterceptor : Authorizing method invocation ReflectiveMethodInvocation: public org.springframework.http.ResponseEntity com.tutoring.controller.TutorController.getMyProfile(com.tutoring.security.UserDetailsImpl); target is of class [com.tutoring.controller.TutorController]
2026-05-03T15:47:43.930+05:30 DEBUG 75622 --- [peer-tutoring-backend] [nio-8080-exec-5] horizationManagerBeforeMethodInterceptor : Authorized method invocation ReflectiveMethodInvocation: public org.springframework.http.ResponseEntity com.tutoring.controller.BookingController.getTutorBookings(com.tutoring.security.UserDetailsImpl); target is of class [com.tutoring.controller.BookingController]
2026-05-03T15:47:43.930+05:30 DEBUG 75622 --- [peer-tutoring-backend] [nio-8080-exec-3] horizationManagerBeforeMethodInterceptor : Authorized method invocation ReflectiveMethodInvocation: public org.springframework.http.ResponseEntity com.tutoring.controller.TutorController.getMyProfile(com.tutoring.security.UserDetailsImpl); target is of class [com.tutoring.controller.TutorController]
Hibernate: 
    select
        tp1_0.id,
        tp1_0.average_rating,
        tp1_0.bio,
        tp1_0.created_at,
        tp1_0.hourly_rate,
        tp1_0.status,
        tp1_0.subject,
        tp1_0.total_sessions,
        tp1_0.updated_at,
        tp1_0.user_id,
        tp1_0.years_of_experience 
    from
        tutor_profiles tp1_0 
    where
        tp1_0.user_id=?
Hibernate: 
    select
        b1_0.id,
        b1_0.amount,
        b1_0.cancelled_at,
        b1_0.completed_at,
        b1_0.confirmed_at,
        b1_0.created_at,
        b1_0.notes,
        b1_0.payment_status,
        b1_0.session_id,
        b1_0.status,
        b1_0.student_id,
        b1_0.updated_at 
    from
        bookings b1_0 
    left join
        sessions s1_0 
            on s1_0.id=b1_0.session_id 
    where
        s1_0.tutor_id=?
Hibernate: 
    select
        r1_0.id,
        r1_0.booking_id,
        r1_0.created_at,
        r1_0.rating,
        r1_0.review,
        r1_0.student_id,
        r1_0.tutor_id,
        r1_0.visible 
    from
        ratings r1_0 
    where
        r1_0.booking_id=?
Hibernate: 
    select
        u1_0.id,
        u1_0.active,
        u1_0.created_at,
        u1_0.email,
        u1_0.first_name,
        u1_0.last_name,
        u1_0.password,
        u1_0.phone_number,
        u1_0.role,
        u1_0.updated_at,
        u1_0.verified 
    from
        users u1_0 
    where
        u1_0.id=?
Hibernate: 
    select
        tp1_0.id,
        tp1_0.average_rating,
        tp1_0.bio,
        tp1_0.created_at,
        tp1_0.hourly_rate,
        tp1_0.status,
        tp1_0.subject,
        tp1_0.total_sessions,
        tp1_0.updated_at,
        tp1_0.user_id,
        tp1_0.years_of_experience 
    from
        tutor_profiles tp1_0 
    where
        tp1_0.user_id=?
Hibernate: 
    select
        u1_0.id,
        u1_0.active,
        u1_0.created_at,
        u1_0.email,
        u1_0.first_name,
        u1_0.last_name,
        u1_0.password,
        u1_0.phone_number,
        u1_0.role,
        u1_0.updated_at,
        u1_0.verified 
    from
        users u1_0 
    where
        u1_0.id=?
Hibernate: 
    select
        tp1_0.id,
        tp1_0.average_rating,
        tp1_0.bio,
        tp1_0.created_at,
        tp1_0.hourly_rate,
        tp1_0.status,
        tp1_0.subject,
        tp1_0.total_sessions,
        tp1_0.updated_at,
        tp1_0.user_id,
        tp1_0.years_of_experience 
    from
        tutor_profiles tp1_0 
    where
        tp1_0.user_id=?
Hibernate: 
    select
        s1_0.tutor_id,
        s1_0.subject_name 
    from
        tutor_subjects s1_0 
    where
        s1_0.tutor_id=?
Hibernate: 
    select
        s1_0.id,
        s1_0.created_at,
        s1_0.description,
        s1_0.end_time,
        s1_0.enrolled_students,
        s1_0.max_students,
        s1_0.price,
        s1_0.start_time,
        s1_0.status,
        s1_0.subject,
        s1_0.title,
        s1_0.tutor_id,
        s1_0.type,
        s1_0.updated_at 
    from
        sessions s1_0 
    where
        s1_0.id=?
2026-05-03T15:47:43.943+05:30 DEBUG 75622 --- [peer-tutoring-backend] [nio-8080-exec-7] o.s.security.web.FilterChainProxy        : Securing GET /api/tutor/profile
2026-05-03T15:47:43.943+05:30 DEBUG 75622 --- [peer-tutoring-backend] [nio-8080-exec-7] c.t.security.JwtAuthenticationFilter     : JWT Token found: eyJhbGciOiJIUzM4NCJ9...
2026-05-03T15:47:43.944+05:30 DEBUG 75622 --- [peer-tutoring-backend] [nio-8080-exec-7] c.t.security.JwtAuthenticationFilter     : JWT valid, email: tutor1@example.com
Hibernate: 
    select
        u1_0.id,
        u1_0.active,
        u1_0.created_at,
        u1_0.email,
        u1_0.first_name,
        u1_0.last_name,
        u1_0.password,
        u1_0.phone_number,
        u1_0.role,
        u1_0.updated_at,
        u1_0.verified 
    from
        users u1_0 
    where
        u1_0.email=?
Hibernate: 
    select
        tp1_0.id,
        tp1_0.average_rating,
        tp1_0.bio,
        tp1_0.created_at,
        tp1_0.hourly_rate,
        tp1_0.status,
        tp1_0.subject,
        tp1_0.total_sessions,
        tp1_0.updated_at,
        tp1_0.user_id,
        tp1_0.years_of_experience 
    from
        tutor_profiles tp1_0 
    where
        tp1_0.user_id=?
2026-05-03T15:47:43.947+05:30 DEBUG 75622 --- [peer-tutoring-backend] [nio-8080-exec-7] c.t.security.JwtAuthenticationFilter     : Authentication set for user: tutor1@example.com
2026-05-03T15:47:43.948+05:30 DEBUG 75622 --- [peer-tutoring-backend] [nio-8080-exec-7] o.s.security.web.FilterChainProxy        : Secured GET /api/tutor/profile
2026-05-03T15:47:43.948+05:30 DEBUG 75622 --- [peer-tutoring-backend] [nio-8080-exec-7] horizationManagerBeforeMethodInterceptor : Authorizing method invocation ReflectiveMethodInvocation: public org.springframework.http.ResponseEntity com.tutoring.controller.TutorController.getMyProfile(com.tutoring.security.UserDetailsImpl); target is of class [com.tutoring.controller.TutorController]
2026-05-03T15:47:43.948+05:30 DEBUG 75622 --- [peer-tutoring-backend] [nio-8080-exec-7] horizationManagerBeforeMethodInterceptor : Authorized method invocation ReflectiveMethodInvocation: public org.springframework.http.ResponseEntity com.tutoring.controller.TutorController.getMyProfile(com.tutoring.security.UserDetailsImpl); target is of class [com.tutoring.controller.TutorController]
Hibernate: 
    select
        tp1_0.id,
        tp1_0.average_rating,
        tp1_0.bio,
        tp1_0.created_at,
        tp1_0.hourly_rate,
        tp1_0.status,
        tp1_0.subject,
        tp1_0.total_sessions,
        tp1_0.updated_at,
        tp1_0.user_id,
        tp1_0.years_of_experience 
    from
        tutor_profiles tp1_0 
    where
        tp1_0.user_id=?
Hibernate: 
    select
        u1_0.id,
        u1_0.active,
        u1_0.created_at,
        u1_0.email,
        u1_0.first_name,
        u1_0.last_name,
        u1_0.password,
        u1_0.phone_number,
        u1_0.role,
        u1_0.updated_at,
        u1_0.verified 
    from
        users u1_0 
    where
        u1_0.id=?
Hibernate: 
    select
        tp1_0.id,
        tp1_0.average_rating,
        tp1_0.bio,
        tp1_0.created_at,
        tp1_0.hourly_rate,
        tp1_0.status,
        tp1_0.subject,
        tp1_0.total_sessions,
        tp1_0.updated_at,
        tp1_0.user_id,
        tp1_0.years_of_experience 
    from
        tutor_profiles tp1_0 
    where
        tp1_0.user_id=?
Hibernate: 
    select
        s1_0.tutor_id,
        s1_0.subject_name 
    from
        tutor_subjects s1_0 
    where
        s1_0.tutor_id=?
2026-05-03T15:47:46.381+05:30 DEBUG 75622 --- [peer-tutoring-backend] [io-8080-exec-10] o.s.security.web.FilterChainProxy        : Securing GET /api/tutors
2026-05-03T15:47:46.381+05:30 DEBUG 75622 --- [peer-tutoring-backend] [io-8080-exec-10] c.t.security.JwtAuthenticationFilter     : JWT Token found: eyJhbGciOiJIUzM4NCJ9...
2026-05-03T15:47:46.381+05:30 DEBUG 75622 --- [peer-tutoring-backend] [nio-8080-exec-8] o.s.security.web.FilterChainProxy        : Securing GET /api/sessions/available
2026-05-03T15:47:46.381+05:30 DEBUG 75622 --- [peer-tutoring-backend] [nio-8080-exec-8] c.t.security.JwtAuthenticationFilter     : JWT Token found: eyJhbGciOiJIUzM4NCJ9...
2026-05-03T15:47:46.382+05:30 DEBUG 75622 --- [peer-tutoring-backend] [io-8080-exec-10] c.t.security.JwtAuthenticationFilter     : JWT valid, email: tutor1@example.com
2026-05-03T15:47:46.383+05:30 DEBUG 75622 --- [peer-tutoring-backend] [nio-8080-exec-8] c.t.security.JwtAuthenticationFilter     : JWT valid, email: tutor1@example.com
2026-05-03T15:47:46.383+05:30 DEBUG 75622 --- [peer-tutoring-backend] [nio-8080-exec-9] o.s.security.web.FilterChainProxy        : Securing GET /favicon.ico
2026-05-03T15:47:46.383+05:30 DEBUG 75622 --- [peer-tutoring-backend] [nio-8080-exec-9] o.s.s.w.a.AnonymousAuthenticationFilter  : Set SecurityContextHolder to anonymous SecurityContext
Hibernate: 
    select
        u1_0.id,
        u1_0.active,
        u1_0.created_at,
        u1_0.email,
        u1_0.first_name,
        u1_0.last_name,
        u1_0.password,
        u1_0.phone_number,
        u1_0.role,
        u1_0.updated_at,
        u1_0.verified 
    from
        users u1_0 
    where
        u1_0.email=?
Hibernate: 
    select
        tp1_0.id,
        tp1_0.average_rating,
        tp1_0.bio,
        tp1_0.created_at,
        tp1_0.hourly_rate,
        tp1_0.status,
        tp1_0.subject,
        tp1_0.total_sessions,
        tp1_0.updated_at,
        tp1_0.user_id,
        tp1_0.years_of_experience 
    from
        tutor_profiles tp1_0 
    where
        tp1_0.user_id=?
Hibernate: 
    select
        u1_0.id,
        u1_0.active,
        u1_0.created_at,
        u1_0.email,
        u1_0.first_name,
        u1_0.last_name,
        u1_0.password,
        u1_0.phone_number,
        u1_0.role,
        u1_0.updated_at,
        u1_0.verified 
    from
        users u1_0 
    where
        u1_0.email=?
Hibernate: 
    select
        tp1_0.id,
        tp1_0.average_rating,
        tp1_0.bio,
        tp1_0.created_at,
        tp1_0.hourly_rate,
        tp1_0.status,
        tp1_0.subject,
        tp1_0.total_sessions,
        tp1_0.updated_at,
        tp1_0.user_id,
        tp1_0.years_of_experience 
    from
        tutor_profiles tp1_0 
    where
        tp1_0.user_id=?
2026-05-03T15:47:46.385+05:30 DEBUG 75622 --- [peer-tutoring-backend] [nio-8080-exec-9] o.s.s.w.a.Http403ForbiddenEntryPoint     : Pre-authenticated entry point called. Rejecting access
2026-05-03T15:47:46.385+05:30 DEBUG 75622 --- [peer-tutoring-backend] [nio-8080-exec-9] o.s.security.web.FilterChainProxy        : Securing GET /error
2026-05-03T15:47:46.385+05:30 DEBUG 75622 --- [peer-tutoring-backend] [nio-8080-exec-8] c.t.security.JwtAuthenticationFilter     : Authentication set for user: tutor1@example.com
2026-05-03T15:47:46.385+05:30 DEBUG 75622 --- [peer-tutoring-backend] [io-8080-exec-10] c.t.security.JwtAuthenticationFilter     : Authentication set for user: tutor1@example.com
2026-05-03T15:47:46.386+05:30 DEBUG 75622 --- [peer-tutoring-backend] [io-8080-exec-10] o.s.security.web.FilterChainProxy        : Secured GET /api/tutors
2026-05-03T15:47:46.386+05:30 DEBUG 75622 --- [peer-tutoring-backend] [nio-8080-exec-8] o.s.security.web.FilterChainProxy        : Secured GET /api/sessions/available
2026-05-03T15:47:46.386+05:30 DEBUG 75622 --- [peer-tutoring-backend] [nio-8080-exec-9] o.s.s.w.a.AnonymousAuthenticationFilter  : Set SecurityContextHolder to anonymous SecurityContext
2026-05-03T15:47:46.386+05:30 DEBUG 75622 --- [peer-tutoring-backend] [nio-8080-exec-9] o.s.s.w.a.Http403ForbiddenEntryPoint     : Pre-authenticated entry point called. Rejecting access
Hibernate: 
    select
        tp1_0.id,
        tp1_0.average_rating,
        tp1_0.bio,
        tp1_0.created_at,
        tp1_0.hourly_rate,
        tp1_0.status,
        tp1_0.subject,
        tp1_0.total_sessions,
        tp1_0.updated_at,
        tp1_0.user_id,
        tp1_0.years_of_experience 
    from
        tutor_profiles tp1_0 
    where
        tp1_0.status=?
Hibernate: 
    select
        s1_0.id,
        s1_0.created_at,
        s1_0.description,
        s1_0.end_time,
        s1_0.enrolled_students,
        s1_0.max_students,
        s1_0.price,
        s1_0.start_time,
        s1_0.status,
        s1_0.subject,
        s1_0.title,
        s1_0.tutor_id,
        s1_0.type,
        s1_0.updated_at 
    from
        sessions s1_0 
    where
        s1_0.status=?
Hibernate: 
    select
        u1_0.id,
        u1_0.active,
        u1_0.created_at,
        u1_0.email,
        u1_0.first_name,
        u1_0.last_name,
        u1_0.password,
        u1_0.phone_number,
        u1_0.role,
        u1_0.updated_at,
        u1_0.verified 
    from
        users u1_0 
    where
        u1_0.id=?
Hibernate: 
    select
        u1_0.id,
        u1_0.active,
        u1_0.created_at,
        u1_0.email,
        u1_0.first_name,
        u1_0.last_name,
        u1_0.password,
        u1_0.phone_number,
        u1_0.role,
        u1_0.updated_at,
        u1_0.verified 
    from
        users u1_0 
    where
        u1_0.id=?
Hibernate: 
    select
        tp1_0.id,
        tp1_0.average_rating,
        tp1_0.bio,
        tp1_0.created_at,
        tp1_0.hourly_rate,
        tp1_0.status,
        tp1_0.subject,
        tp1_0.total_sessions,
        tp1_0.updated_at,
        tp1_0.user_id,
        tp1_0.years_of_experience 
    from
        tutor_profiles tp1_0 
    where
        tp1_0.user_id=?
Hibernate: 
    select
        tp1_0.id,
        tp1_0.average_rating,
        tp1_0.bio,
        tp1_0.created_at,
        tp1_0.hourly_rate,
        tp1_0.status,
        tp1_0.subject,
        tp1_0.total_sessions,
        tp1_0.updated_at,
        tp1_0.user_id,
        tp1_0.years_of_experience 
    from
        tutor_profiles tp1_0 
    where
        tp1_0.user_id=?
Hibernate: 
    select
        u1_0.id,
        u1_0.active,
        u1_0.created_at,
        u1_0.email,
        u1_0.first_name,
        u1_0.last_name,
        u1_0.password,
        u1_0.phone_number,
        u1_0.role,
        u1_0.updated_at,
        u1_0.verified 
    from
        users u1_0 
    where
        u1_0.id=?
Hibernate: 
    select
        s1_0.tutor_id,
        s1_0.subject_name 
    from
        tutor_subjects s1_0 
    where
        s1_0.tutor_id=?
Hibernate: 
    select
        tp1_0.id,
        tp1_0.average_rating,
        tp1_0.bio,
        tp1_0.created_at,
        tp1_0.hourly_rate,
        tp1_0.status,
        tp1_0.subject,
        tp1_0.total_sessions,
        tp1_0.updated_at,
        tp1_0.user_id,
        tp1_0.years_of_experience 
    from
        tutor_profiles tp1_0 
    where
        tp1_0.user_id=?
Hibernate: 
    select
        u1_0.id,
        u1_0.active,
        u1_0.created_at,
        u1_0.email,
        u1_0.first_name,
        u1_0.last_name,
        u1_0.password,
        u1_0.phone_number,
        u1_0.role,
        u1_0.updated_at,
        u1_0.verified 
    from
        users u1_0 
    where
        u1_0.id=?
Hibernate: 
    select
        tp1_0.id,
        tp1_0.average_rating,
        tp1_0.bio,
        tp1_0.created_at,
        tp1_0.hourly_rate,
        tp1_0.status,
        tp1_0.subject,
        tp1_0.total_sessions,
        tp1_0.updated_at,
        tp1_0.user_id,
        tp1_0.years_of_experience 
    from
        tutor_profiles tp1_0 
    where
        tp1_0.user_id=?
Hibernate: 
    select
        u1_0.id,
        u1_0.active,
        u1_0.created_at,
        u1_0.email,
        u1_0.first_name,
        u1_0.last_name,
        u1_0.password,
        u1_0.phone_number,
        u1_0.role,
        u1_0.updated_at,
        u1_0.verified 
    from
        users u1_0 
    where
        u1_0.id=?
Hibernate: 
    select
        s1_0.tutor_id,
        s1_0.subject_name 
    from
        tutor_subjects s1_0 
    where
        s1_0.tutor_id=?
Hibernate: 
    select
        tp1_0.id,
        tp1_0.average_rating,
        tp1_0.bio,
        tp1_0.created_at,
        tp1_0.hourly_rate,
        tp1_0.status,
        tp1_0.subject,
        tp1_0.total_sessions,
        tp1_0.updated_at,
        tp1_0.user_id,
        tp1_0.years_of_experience 
    from
        tutor_profiles tp1_0 
    where
        tp1_0.user_id=?
Hibernate: 
    select
        u1_0.id,
        u1_0.active,
        u1_0.created_at,
        u1_0.email,
        u1_0.first_name,
        u1_0.last_name,
        u1_0.password,
        u1_0.phone_number,
        u1_0.role,
        u1_0.updated_at,
        u1_0.verified 
    from
        users u1_0 
    where
        u1_0.id=?
Hibernate: 
    select
        tp1_0.id,
        tp1_0.average_rating,
        tp1_0.bio,
        tp1_0.created_at,
        tp1_0.hourly_rate,
        tp1_0.status,
        tp1_0.subject,
        tp1_0.total_sessions,
        tp1_0.updated_at,
        tp1_0.user_id,
        tp1_0.years_of_experience 
    from
        tutor_profiles tp1_0 
    where
        tp1_0.user_id=?
Hibernate: 
    select
        s1_0.tutor_id,
        s1_0.subject_name 
    from
        tutor_subjects s1_0 
    where
        s1_0.tutor_id=?
Hibernate: 
    select
        u1_0.id,
        u1_0.active,
        u1_0.created_at,
        u1_0.email,
        u1_0.first_name,
        u1_0.last_name,
        u1_0.password,
        u1_0.phone_number,
        u1_0.role,
        u1_0.updated_at,
        u1_0.verified 
    from
        users u1_0 
    where
        u1_0.id=?
Hibernate: 
    select
        tp1_0.id,
        tp1_0.average_rating,
        tp1_0.bio,
        tp1_0.created_at,
        tp1_0.hourly_rate,
        tp1_0.status,
        tp1_0.subject,
        tp1_0.total_sessions,
        tp1_0.updated_at,
        tp1_0.user_id,
        tp1_0.years_of_experience 
    from
        tutor_profiles tp1_0 
    where
        tp1_0.user_id=?
Hibernate: 
    select
        s1_0.tutor_id,
        s1_0.subject_name 
    from
        tutor_subjects s1_0 
    where
        s1_0.tutor_id=?
2026-05-03T15:47:46.398+05:30 DEBUG 75622 --- [peer-tutoring-backend] [nio-8080-exec-1] o.s.security.web.FilterChainProxy        : Securing GET /api/sessions/available
2026-05-03T15:47:46.398+05:30 DEBUG 75622 --- [peer-tutoring-backend] [nio-8080-exec-1] c.t.security.JwtAuthenticationFilter     : JWT Token found: eyJhbGciOiJIUzM4NCJ9...
2026-05-03T15:47:46.399+05:30 DEBUG 75622 --- [peer-tutoring-backend] [nio-8080-exec-1] c.t.security.JwtAuthenticationFilter     : JWT valid, email: tutor1@example.com
2026-05-03T15:47:46.400+05:30 DEBUG 75622 --- [peer-tutoring-backend] [nio-8080-exec-2] o.s.security.web.FilterChainProxy        : Securing GET /api/tutors
2026-05-03T15:47:46.400+05:30 DEBUG 75622 --- [peer-tutoring-backend] [nio-8080-exec-2] c.t.security.JwtAuthenticationFilter     : JWT Token found: eyJhbGciOiJIUzM4NCJ9...
Hibernate: 
    select
        u1_0.id,
        u1_0.active,
        u1_0.created_at,
        u1_0.email,
        u1_0.first_name,
        u1_0.last_name,
        u1_0.password,
        u1_0.phone_number,
        u1_0.role,
        u1_0.updated_at,
        u1_0.verified 
    from
        users u1_0 
    where
        u1_0.email=?
2026-05-03T15:47:46.401+05:30 DEBUG 75622 --- [peer-tutoring-backend] [nio-8080-exec-2] c.t.security.JwtAuthenticationFilter     : JWT valid, email: tutor1@example.com
Hibernate: 
    select
        tp1_0.id,
        tp1_0.average_rating,
        tp1_0.bio,
        tp1_0.created_at,
        tp1_0.hourly_rate,
        tp1_0.status,
        tp1_0.subject,
        tp1_0.total_sessions,
        tp1_0.updated_at,
        tp1_0.user_id,
        tp1_0.years_of_experience 
    from
        tutor_profiles tp1_0 
    where
        tp1_0.user_id=?
Hibernate: 
    select
        u1_0.id,
        u1_0.active,
        u1_0.created_at,
        u1_0.email,
        u1_0.first_name,
        u1_0.last_name,
        u1_0.password,
        u1_0.phone_number,
        u1_0.role,
        u1_0.updated_at,
        u1_0.verified 
    from
        users u1_0 
    where
        u1_0.email=?
2026-05-03T15:47:46.402+05:30 DEBUG 75622 --- [peer-tutoring-backend] [nio-8080-exec-1] c.t.security.JwtAuthenticationFilter     : Authentication set for user: tutor1@example.com
2026-05-03T15:47:46.402+05:30 DEBUG 75622 --- [peer-tutoring-backend] [nio-8080-exec-1] o.s.security.web.FilterChainProxy        : Secured GET /api/sessions/available
Hibernate: 
    select
        tp1_0.id,
        tp1_0.average_rating,
        tp1_0.bio,
        tp1_0.created_at,
        tp1_0.hourly_rate,
        tp1_0.status,
        tp1_0.subject,
        tp1_0.total_sessions,
        tp1_0.updated_at,
        tp1_0.user_id,
        tp1_0.years_of_experience 
    from
        tutor_profiles tp1_0 
    where
        tp1_0.user_id=?
2026-05-03T15:47:46.403+05:30 DEBUG 75622 --- [peer-tutoring-backend] [nio-8080-exec-2] c.t.security.JwtAuthenticationFilter     : Authentication set for user: tutor1@example.com
Hibernate: 
    select
        s1_0.id,
        s1_0.created_at,
        s1_0.description,
        s1_0.end_time,
        s1_0.enrolled_students,
        s1_0.max_students,
        s1_0.price,
        s1_0.start_time,
        s1_0.status,
        s1_0.subject,
        s1_0.title,
        s1_0.tutor_id,
        s1_0.type,
        s1_0.updated_at 
    from
        sessions s1_0 
    where
        s1_0.status=?
2026-05-03T15:47:46.403+05:30 DEBUG 75622 --- [peer-tutoring-backend] [nio-8080-exec-2] o.s.security.web.FilterChainProxy        : Secured GET /api/tutors
Hibernate: 
    select
        tp1_0.id,
        tp1_0.average_rating,
        tp1_0.bio,
        tp1_0.created_at,
        tp1_0.hourly_rate,
        tp1_0.status,
        tp1_0.subject,
        tp1_0.total_sessions,
        tp1_0.updated_at,
        tp1_0.user_id,
        tp1_0.years_of_experience 
    from
        tutor_profiles tp1_0 
    where
        tp1_0.status=?
Hibernate: 
    select
        u1_0.id,
        u1_0.active,
        u1_0.created_at,
        u1_0.email,
        u1_0.first_name,
        u1_0.last_name,
        u1_0.password,
        u1_0.phone_number,
        u1_0.role,
        u1_0.updated_at,
        u1_0.verified 
    from
        users u1_0 
    where
        u1_0.id=?
Hibernate: 
    select
        tp1_0.id,
        tp1_0.average_rating,
        tp1_0.bio,
        tp1_0.created_at,
        tp1_0.hourly_rate,
        tp1_0.status,
        tp1_0.subject,
        tp1_0.total_sessions,
        tp1_0.updated_at,
        tp1_0.user_id,
        tp1_0.years_of_experience 
    from
        tutor_profiles tp1_0 
    where
        tp1_0.user_id=?
Hibernate: 
    select
        u1_0.id,
        u1_0.active,
        u1_0.created_at,
        u1_0.email,
        u1_0.first_name,
        u1_0.last_name,
        u1_0.password,
        u1_0.phone_number,
        u1_0.role,
        u1_0.updated_at,
        u1_0.verified 
    from
        users u1_0 
    where
        u1_0.id=?
Hibernate: 
    select
        u1_0.id,
        u1_0.active,
        u1_0.created_at,
        u1_0.email,
        u1_0.first_name,
        u1_0.last_name,
        u1_0.password,
        u1_0.phone_number,
        u1_0.role,
        u1_0.updated_at,
        u1_0.verified 
    from
        users u1_0 
    where
        u1_0.id=?
Hibernate: 
    select
        tp1_0.id,
        tp1_0.average_rating,
        tp1_0.bio,
        tp1_0.created_at,
        tp1_0.hourly_rate,
        tp1_0.status,
        tp1_0.subject,
        tp1_0.total_sessions,
        tp1_0.updated_at,
        tp1_0.user_id,
        tp1_0.years_of_experience 
    from
        tutor_profiles tp1_0 
    where
        tp1_0.user_id=?
Hibernate: 
    select
        tp1_0.id,
        tp1_0.average_rating,
        tp1_0.bio,
        tp1_0.created_at,
        tp1_0.hourly_rate,
        tp1_0.status,
        tp1_0.subject,
        tp1_0.total_sessions,
        tp1_0.updated_at,
        tp1_0.user_id,
        tp1_0.years_of_experience 
    from
        tutor_profiles tp1_0 
    where
        tp1_0.user_id=?
Hibernate: 
    select
        s1_0.tutor_id,
        s1_0.subject_name 
    from
        tutor_subjects s1_0 
    where
        s1_0.tutor_id=?
Hibernate: 
    select
        u1_0.id,
        u1_0.active,
        u1_0.created_at,
        u1_0.email,
        u1_0.first_name,
        u1_0.last_name,
        u1_0.password,
        u1_0.phone_number,
        u1_0.role,
        u1_0.updated_at,
        u1_0.verified 
    from
        users u1_0 
    where
        u1_0.id=?
Hibernate: 
    select
        u1_0.id,
        u1_0.active,
        u1_0.created_at,
        u1_0.email,
        u1_0.first_name,
        u1_0.last_name,
        u1_0.password,
        u1_0.phone_number,
        u1_0.role,
        u1_0.updated_at,
        u1_0.verified 
    from
        users u1_0 
    where
        u1_0.id=?
Hibernate: 
    select
        tp1_0.id,
        tp1_0.average_rating,
        tp1_0.bio,
        tp1_0.created_at,
        tp1_0.hourly_rate,
        tp1_0.status,
        tp1_0.subject,
        tp1_0.total_sessions,
        tp1_0.updated_at,
        tp1_0.user_id,
        tp1_0.years_of_experience 
    from
        tutor_profiles tp1_0 
    where
        tp1_0.user_id=?
Hibernate: 
    select
        tp1_0.id,
        tp1_0.average_rating,
        tp1_0.bio,
        tp1_0.created_at,
        tp1_0.hourly_rate,
        tp1_0.status,
        tp1_0.subject,
        tp1_0.total_sessions,
        tp1_0.updated_at,
        tp1_0.user_id,
        tp1_0.years_of_experience 
    from
        tutor_profiles tp1_0 
    where
        tp1_0.user_id=?
Hibernate: 
    select
        s1_0.tutor_id,
        s1_0.subject_name 
    from
        tutor_subjects s1_0 
    where
        s1_0.tutor_id=?
Hibernate: 
    select
        u1_0.id,
        u1_0.active,
        u1_0.created_at,
        u1_0.email,
        u1_0.first_name,
        u1_0.last_name,
        u1_0.password,
        u1_0.phone_number,
        u1_0.role,
        u1_0.updated_at,
        u1_0.verified 
    from
        users u1_0 
    where
        u1_0.id=?
Hibernate: 
    select
        tp1_0.id,
        tp1_0.average_rating,
        tp1_0.bio,
        tp1_0.created_at,
        tp1_0.hourly_rate,
        tp1_0.status,
        tp1_0.subject,
        tp1_0.total_sessions,
        tp1_0.updated_at,
        tp1_0.user_id,
        tp1_0.years_of_experience 
    from
        tutor_profiles tp1_0 
    where
        tp1_0.user_id=?
Hibernate: 
    select
        s1_0.tutor_id,
        s1_0.subject_name 
    from
        tutor_subjects s1_0 
    where
        s1_0.tutor_id=?
Hibernate: 
    select
        u1_0.id,
        u1_0.active,
        u1_0.created_at,
        u1_0.email,
        u1_0.first_name,
        u1_0.last_name,
        u1_0.password,
        u1_0.phone_number,
        u1_0.role,
        u1_0.updated_at,
        u1_0.verified 
    from
        users u1_0 
    where
        u1_0.id=?
Hibernate: 
    select
        tp1_0.id,
        tp1_0.average_rating,
        tp1_0.bio,
        tp1_0.created_at,
        tp1_0.hourly_rate,
        tp1_0.status,
        tp1_0.subject,
        tp1_0.total_sessions,
        tp1_0.updated_at,
        tp1_0.user_id,
        tp1_0.years_of_experience 
    from
        tutor_profiles tp1_0 
    where
        tp1_0.user_id=?
Hibernate: 
    select
        s1_0.tutor_id,
        s1_0.subject_name 
    from
        tutor_subjects s1_0 
    where
        s1_0.tutor_id=?
2026-05-03T15:48:15.958+05:30 DEBUG 75622 --- [peer-tutoring-backend] [nio-8080-exec-6] o.s.security.web.FilterChainProxy        : Securing GET /favicon.ico
2026-05-03T15:48:15.958+05:30 DEBUG 75622 --- [peer-tutoring-backend] [nio-8080-exec-4] o.s.security.web.FilterChainProxy        : Securing GET /api/tutor/bookings
2026-05-03T15:48:15.959+05:30 DEBUG 75622 --- [peer-tutoring-backend] [nio-8080-exec-6] o.s.s.w.a.AnonymousAuthenticationFilter  : Set SecurityContextHolder to anonymous SecurityContext
2026-05-03T15:48:15.959+05:30 DEBUG 75622 --- [peer-tutoring-backend] [nio-8080-exec-4] c.t.security.JwtAuthenticationFilter     : JWT Token found: eyJhbGciOiJIUzM4NCJ9...
2026-05-03T15:48:15.960+05:30 DEBUG 75622 --- [peer-tutoring-backend] [nio-8080-exec-6] o.s.s.w.a.Http403ForbiddenEntryPoint     : Pre-authenticated entry point called. Rejecting access
2026-05-03T15:48:15.961+05:30 DEBUG 75622 --- [peer-tutoring-backend] [nio-8080-exec-6] o.s.security.web.FilterChainProxy        : Securing GET /error
2026-05-03T15:48:15.961+05:30 DEBUG 75622 --- [peer-tutoring-backend] [nio-8080-exec-4] c.t.security.JwtAuthenticationFilter     : JWT valid, email: tutor1@example.com
2026-05-03T15:48:15.961+05:30 DEBUG 75622 --- [peer-tutoring-backend] [nio-8080-exec-6] o.s.s.w.a.AnonymousAuthenticationFilter  : Set SecurityContextHolder to anonymous SecurityContext
2026-05-03T15:48:15.961+05:30 DEBUG 75622 --- [peer-tutoring-backend] [nio-8080-exec-6] o.s.s.w.a.Http403ForbiddenEntryPoint     : Pre-authenticated entry point called. Rejecting access
Hibernate: 
    select
        u1_0.id,
        u1_0.active,
        u1_0.created_at,
        u1_0.email,
        u1_0.first_name,
        u1_0.last_name,
        u1_0.password,
        u1_0.phone_number,
        u1_0.role,
        u1_0.updated_at,
        u1_0.verified 
    from
        users u1_0 
    where
        u1_0.email=?
Hibernate: 
    select
        tp1_0.id,
        tp1_0.average_rating,
        tp1_0.bio,
        tp1_0.created_at,
        tp1_0.hourly_rate,
        tp1_0.status,
        tp1_0.subject,
        tp1_0.total_sessions,
        tp1_0.updated_at,
        tp1_0.user_id,
        tp1_0.years_of_experience 
    from
        tutor_profiles tp1_0 
    where
        tp1_0.user_id=?
2026-05-03T15:48:15.966+05:30 DEBUG 75622 --- [peer-tutoring-backend] [nio-8080-exec-4] c.t.security.JwtAuthenticationFilter     : Authentication set for user: tutor1@example.com
2026-05-03T15:48:15.966+05:30 DEBUG 75622 --- [peer-tutoring-backend] [nio-8080-exec-4] o.s.security.web.FilterChainProxy        : Secured GET /api/tutor/bookings
2026-05-03T15:48:15.967+05:30 DEBUG 75622 --- [peer-tutoring-backend] [nio-8080-exec-4] horizationManagerBeforeMethodInterceptor : Authorizing method invocation ReflectiveMethodInvocation: public org.springframework.http.ResponseEntity com.tutoring.controller.BookingController.getTutorBookings(com.tutoring.security.UserDetailsImpl); target is of class [com.tutoring.controller.BookingController]
2026-05-03T15:48:15.967+05:30 DEBUG 75622 --- [peer-tutoring-backend] [nio-8080-exec-4] horizationManagerBeforeMethodInterceptor : Authorized method invocation ReflectiveMethodInvocation: public org.springframework.http.ResponseEntity com.tutoring.controller.BookingController.getTutorBookings(com.tutoring.security.UserDetailsImpl); target is of class [com.tutoring.controller.BookingController]
Hibernate: 
    select
        b1_0.id,
        b1_0.amount,
        b1_0.cancelled_at,
        b1_0.completed_at,
        b1_0.confirmed_at,
        b1_0.created_at,
        b1_0.notes,
        b1_0.payment_status,
        b1_0.session_id,
        b1_0.status,
        b1_0.student_id,
        b1_0.updated_at 
    from
        bookings b1_0 
    left join
        sessions s1_0 
            on s1_0.id=b1_0.session_id 
    where
        s1_0.tutor_id=?
Hibernate: 
    select
        r1_0.id,
        r1_0.booking_id,
        r1_0.created_at,
        r1_0.rating,
        r1_0.review,
        r1_0.student_id,
        r1_0.tutor_id,
        r1_0.visible 
    from
        ratings r1_0 
    where
        r1_0.booking_id=?
Hibernate: 
    select
        u1_0.id,
        u1_0.active,
        u1_0.created_at,
        u1_0.email,
        u1_0.first_name,
        u1_0.last_name,
        u1_0.password,
        u1_0.phone_number,
        u1_0.role,
        u1_0.updated_at,
        u1_0.verified 
    from
        users u1_0 
    where
        u1_0.id=?
Hibernate: 
    select
        tp1_0.id,
        tp1_0.average_rating,
        tp1_0.bio,
        tp1_0.created_at,
        tp1_0.hourly_rate,
        tp1_0.status,
        tp1_0.subject,
        tp1_0.total_sessions,
        tp1_0.updated_at,
        tp1_0.user_id,
        tp1_0.years_of_experience 
    from
        tutor_profiles tp1_0 
    where
        tp1_0.user_id=?
Hibernate: 
    select
        s1_0.id,
        s1_0.created_at,
        s1_0.description,
        s1_0.end_time,
        s1_0.enrolled_students,
        s1_0.max_students,
        s1_0.price,
        s1_0.start_time,
        s1_0.status,
        s1_0.subject,
        s1_0.title,
        s1_0.tutor_id,
        s1_0.type,
        s1_0.updated_at 
    from
        sessions s1_0 
    where
        s1_0.id=?
2026-05-03T15:48:15.978+05:30 DEBUG 75622 --- [peer-tutoring-backend] [nio-8080-exec-3] o.s.security.web.FilterChainProxy        : Securing GET /api/tutor/bookings
2026-05-03T15:48:15.978+05:30 DEBUG 75622 --- [peer-tutoring-backend] [nio-8080-exec-5] o.s.security.web.FilterChainProxy        : Securing GET /api/tutor/profile
2026-05-03T15:48:15.978+05:30 DEBUG 75622 --- [peer-tutoring-backend] [nio-8080-exec-5] c.t.security.JwtAuthenticationFilter     : JWT Token found: eyJhbGciOiJIUzM4NCJ9...
2026-05-03T15:48:15.978+05:30 DEBUG 75622 --- [peer-tutoring-backend] [nio-8080-exec-3] c.t.security.JwtAuthenticationFilter     : JWT Token found: eyJhbGciOiJIUzM4NCJ9...
2026-05-03T15:48:15.979+05:30 DEBUG 75622 --- [peer-tutoring-backend] [nio-8080-exec-3] c.t.security.JwtAuthenticationFilter     : JWT valid, email: tutor1@example.com
2026-05-03T15:48:15.979+05:30 DEBUG 75622 --- [peer-tutoring-backend] [nio-8080-exec-5] c.t.security.JwtAuthenticationFilter     : JWT valid, email: tutor1@example.com
Hibernate: 
    select
        u1_0.id,
        u1_0.active,
        u1_0.created_at,
        u1_0.email,
        u1_0.first_name,
        u1_0.last_name,
        u1_0.password,
        u1_0.phone_number,
        u1_0.role,
        u1_0.updated_at,
        u1_0.verified 
    from
        users u1_0 
    where
        u1_0.email=?
Hibernate: 
    select
        u1_0.id,
        u1_0.active,
        u1_0.created_at,
        u1_0.email,
        u1_0.first_name,
        u1_0.last_name,
        u1_0.password,
        u1_0.phone_number,
        u1_0.role,
        u1_0.updated_at,
        u1_0.verified 
    from
        users u1_0 
    where
        u1_0.email=?
Hibernate: 
    select
        tp1_0.id,
        tp1_0.average_rating,
        tp1_0.bio,
        tp1_0.created_at,
        tp1_0.hourly_rate,
        tp1_0.status,
        tp1_0.subject,
        tp1_0.total_sessions,
        tp1_0.updated_at,
        tp1_0.user_id,
        tp1_0.years_of_experience 
    from
        tutor_profiles tp1_0 
    where
        tp1_0.user_id=?
Hibernate: 
    select
        tp1_0.id,
        tp1_0.average_rating,
        tp1_0.bio,
        tp1_0.created_at,
        tp1_0.hourly_rate,
        tp1_0.status,
        tp1_0.subject,
        tp1_0.total_sessions,
        tp1_0.updated_at,
        tp1_0.user_id,
        tp1_0.years_of_experience 
    from
        tutor_profiles tp1_0 
    where
        tp1_0.user_id=?
2026-05-03T15:48:15.982+05:30 DEBUG 75622 --- [peer-tutoring-backend] [nio-8080-exec-5] c.t.security.JwtAuthenticationFilter     : Authentication set for user: tutor1@example.com
2026-05-03T15:48:15.982+05:30 DEBUG 75622 --- [peer-tutoring-backend] [nio-8080-exec-3] c.t.security.JwtAuthenticationFilter     : Authentication set for user: tutor1@example.com
2026-05-03T15:48:15.982+05:30 DEBUG 75622 --- [peer-tutoring-backend] [nio-8080-exec-5] o.s.security.web.FilterChainProxy        : Secured GET /api/tutor/profile
2026-05-03T15:48:15.982+05:30 DEBUG 75622 --- [peer-tutoring-backend] [nio-8080-exec-3] o.s.security.web.FilterChainProxy        : Secured GET /api/tutor/bookings
2026-05-03T15:48:15.982+05:30 DEBUG 75622 --- [peer-tutoring-backend] [nio-8080-exec-3] horizationManagerBeforeMethodInterceptor : Authorizing method invocation ReflectiveMethodInvocation: public org.springframework.http.ResponseEntity com.tutoring.controller.BookingController.getTutorBookings(com.tutoring.security.UserDetailsImpl); target is of class [com.tutoring.controller.BookingController]
2026-05-03T15:48:15.982+05:30 DEBUG 75622 --- [peer-tutoring-backend] [nio-8080-exec-5] horizationManagerBeforeMethodInterceptor : Authorizing method invocation ReflectiveMethodInvocation: public org.springframework.http.ResponseEntity com.tutoring.controller.TutorController.getMyProfile(com.tutoring.security.UserDetailsImpl); target is of class [com.tutoring.controller.TutorController]
2026-05-03T15:48:15.982+05:30 DEBUG 75622 --- [peer-tutoring-backend] [nio-8080-exec-5] horizationManagerBeforeMethodInterceptor : Authorized method invocation ReflectiveMethodInvocation: public org.springframework.http.ResponseEntity com.tutoring.controller.TutorController.getMyProfile(com.tutoring.security.UserDetailsImpl); target is of class [com.tutoring.controller.TutorController]
2026-05-03T15:48:15.982+05:30 DEBUG 75622 --- [peer-tutoring-backend] [nio-8080-exec-3] horizationManagerBeforeMethodInterceptor : Authorized method invocation ReflectiveMethodInvocation: public org.springframework.http.ResponseEntity com.tutoring.controller.BookingController.getTutorBookings(com.tutoring.security.UserDetailsImpl); target is of class [com.tutoring.controller.BookingController]
Hibernate: 
    select
        tp1_0.id,
        tp1_0.average_rating,
        tp1_0.bio,
        tp1_0.created_at,
        tp1_0.hourly_rate,
        tp1_0.status,
        tp1_0.subject,
        tp1_0.total_sessions,
        tp1_0.updated_at,
        tp1_0.user_id,
        tp1_0.years_of_experience 
    from
        tutor_profiles tp1_0 
    where
        tp1_0.user_id=?
Hibernate: 
    select
        b1_0.id,
        b1_0.amount,
        b1_0.cancelled_at,
        b1_0.completed_at,
        b1_0.confirmed_at,
        b1_0.created_at,
        b1_0.notes,
        b1_0.payment_status,
        b1_0.session_id,
        b1_0.status,
        b1_0.student_id,
        b1_0.updated_at 
    from
        bookings b1_0 
    left join
        sessions s1_0 
            on s1_0.id=b1_0.session_id 
    where
        s1_0.tutor_id=?
Hibernate: 
    select
        r1_0.id,
        r1_0.booking_id,
        r1_0.created_at,
        r1_0.rating,
        r1_0.review,
        r1_0.student_id,
        r1_0.tutor_id,
        r1_0.visible 
    from
        ratings r1_0 
    where
        r1_0.booking_id=?
Hibernate: 
    select
        u1_0.id,
        u1_0.active,
        u1_0.created_at,
        u1_0.email,
        u1_0.first_name,
        u1_0.last_name,
        u1_0.password,
        u1_0.phone_number,
        u1_0.role,
        u1_0.updated_at,
        u1_0.verified 
    from
        users u1_0 
    where
        u1_0.id=?
Hibernate: 
    select
        u1_0.id,
        u1_0.active,
        u1_0.created_at,
        u1_0.email,
        u1_0.first_name,
        u1_0.last_name,
        u1_0.password,
        u1_0.phone_number,
        u1_0.role,
        u1_0.updated_at,
        u1_0.verified 
    from
        users u1_0 
    where
        u1_0.id=?
Hibernate: 
    select
        tp1_0.id,
        tp1_0.average_rating,
        tp1_0.bio,
        tp1_0.created_at,
        tp1_0.hourly_rate,
        tp1_0.status,
        tp1_0.subject,
        tp1_0.total_sessions,
        tp1_0.updated_at,
        tp1_0.user_id,
        tp1_0.years_of_experience 
    from
        tutor_profiles tp1_0 
    where
        tp1_0.user_id=?
Hibernate: 
    select
        tp1_0.id,
        tp1_0.average_rating,
        tp1_0.bio,
        tp1_0.created_at,
        tp1_0.hourly_rate,
        tp1_0.status,
        tp1_0.subject,
        tp1_0.total_sessions,
        tp1_0.updated_at,
        tp1_0.user_id,
        tp1_0.years_of_experience 
    from
        tutor_profiles tp1_0 
    where
        tp1_0.user_id=?
Hibernate: 
    select
        s1_0.tutor_id,
        s1_0.subject_name 
    from
        tutor_subjects s1_0 
    where
        s1_0.tutor_id=?
Hibernate: 
    select
        s1_0.id,
        s1_0.created_at,
        s1_0.description,
        s1_0.end_time,
        s1_0.enrolled_students,
        s1_0.max_students,
        s1_0.price,
        s1_0.start_time,
        s1_0.status,
        s1_0.subject,
        s1_0.title,
        s1_0.tutor_id,
        s1_0.type,
        s1_0.updated_at 
    from
        sessions s1_0 
    where
        s1_0.id=?
2026-05-03T15:48:15.992+05:30 DEBUG 75622 --- [peer-tutoring-backend] [nio-8080-exec-7] o.s.security.web.FilterChainProxy        : Securing GET /api/tutor/profile
2026-05-03T15:48:15.992+05:30 DEBUG 75622 --- [peer-tutoring-backend] [nio-8080-exec-7] c.t.security.JwtAuthenticationFilter     : JWT Token found: eyJhbGciOiJIUzM4NCJ9...
2026-05-03T15:48:15.993+05:30 DEBUG 75622 --- [peer-tutoring-backend] [nio-8080-exec-7] c.t.security.JwtAuthenticationFilter     : JWT valid, email: tutor1@example.com
Hibernate: 
    select
        u1_0.id,
        u1_0.active,
        u1_0.created_at,
        u1_0.email,
        u1_0.first_name,
        u1_0.last_name,
        u1_0.password,
        u1_0.phone_number,
        u1_0.role,
        u1_0.updated_at,
        u1_0.verified 
    from
        users u1_0 
    where
        u1_0.email=?
Hibernate: 
    select
        tp1_0.id,
        tp1_0.average_rating,
        tp1_0.bio,
        tp1_0.created_at,
        tp1_0.hourly_rate,
        tp1_0.status,
        tp1_0.subject,
        tp1_0.total_sessions,
        tp1_0.updated_at,
        tp1_0.user_id,
        tp1_0.years_of_experience 
    from
        tutor_profiles tp1_0 
    where
        tp1_0.user_id=?
2026-05-03T15:48:15.995+05:30 DEBUG 75622 --- [peer-tutoring-backend] [nio-8080-exec-7] c.t.security.JwtAuthenticationFilter     : Authentication set for user: tutor1@example.com
2026-05-03T15:48:15.995+05:30 DEBUG 75622 --- [peer-tutoring-backend] [nio-8080-exec-7] o.s.security.web.FilterChainProxy        : Secured GET /api/tutor/profile
2026-05-03T15:48:15.996+05:30 DEBUG 75622 --- [peer-tutoring-backend] [nio-8080-exec-7] horizationManagerBeforeMethodInterceptor : Authorizing method invocation ReflectiveMethodInvocation: public org.springframework.http.ResponseEntity com.tutoring.controller.TutorController.getMyProfile(com.tutoring.security.UserDetailsImpl); target is of class [com.tutoring.controller.TutorController]
2026-05-03T15:48:15.996+05:30 DEBUG 75622 --- [peer-tutoring-backend] [nio-8080-exec-7] horizationManagerBeforeMethodInterceptor : Authorized method invocation ReflectiveMethodInvocation: public org.springframework.http.ResponseEntity com.tutoring.controller.TutorController.getMyProfile(com.tutoring.security.UserDetailsImpl); target is of class [com.tutoring.controller.TutorController]
Hibernate: 
    select
        tp1_0.id,
        tp1_0.average_rating,
        tp1_0.bio,
        tp1_0.created_at,
        tp1_0.hourly_rate,
        tp1_0.status,
        tp1_0.subject,
        tp1_0.total_sessions,
        tp1_0.updated_at,
        tp1_0.user_id,
        tp1_0.years_of_experience 
    from
        tutor_profiles tp1_0 
    where
        tp1_0.user_id=?
Hibernate: 
    select
        u1_0.id,
        u1_0.active,
        u1_0.created_at,
        u1_0.email,
        u1_0.first_name,
        u1_0.last_name,
        u1_0.password,
        u1_0.phone_number,
        u1_0.role,
        u1_0.updated_at,
        u1_0.verified 
    from
        users u1_0 
    where
        u1_0.id=?
Hibernate: 
    select
        tp1_0.id,
        tp1_0.average_rating,
        tp1_0.bio,
        tp1_0.created_at,
        tp1_0.hourly_rate,
        tp1_0.status,
        tp1_0.subject,
        tp1_0.total_sessions,
        tp1_0.updated_at,
        tp1_0.user_id,
        tp1_0.years_of_experience 
    from
        tutor_profiles tp1_0 
    where
        tp1_0.user_id=?
Hibernate: 
    select
        s1_0.tutor_id,
        s1_0.subject_name 
    from
        tutor_subjects s1_0 
    where
        s1_0.tutor_id=?
2026-05-03T15:49:10.986+05:30 DEBUG 75622 --- [peer-tutoring-backend] [nio-8080-exec-9] o.s.security.web.FilterChainProxy        : Securing GET /api/sessions/available
2026-05-03T15:49:10.986+05:30 DEBUG 75622 --- [peer-tutoring-backend] [nio-8080-exec-8] o.s.security.web.FilterChainProxy        : Securing GET /favicon.ico
2026-05-03T15:49:10.989+05:30 DEBUG 75622 --- [peer-tutoring-backend] [nio-8080-exec-8] o.s.s.w.a.AnonymousAuthenticationFilter  : Set SecurityContextHolder to anonymous SecurityContext
2026-05-03T15:49:10.989+05:30 DEBUG 75622 --- [peer-tutoring-backend] [nio-8080-exec-9] c.t.security.JwtAuthenticationFilter     : JWT Token found: eyJhbGciOiJIUzM4NCJ9...
2026-05-03T15:49:10.998+05:30 DEBUG 75622 --- [peer-tutoring-backend] [nio-8080-exec-8] o.s.s.w.a.Http403ForbiddenEntryPoint     : Pre-authenticated entry point called. Rejecting access
2026-05-03T15:49:11.000+05:30 DEBUG 75622 --- [peer-tutoring-backend] [nio-8080-exec-8] o.s.security.web.FilterChainProxy        : Securing GET /error
2026-05-03T15:49:11.000+05:30 DEBUG 75622 --- [peer-tutoring-backend] [nio-8080-exec-9] c.t.security.JwtAuthenticationFilter     : JWT valid, email: tutor1@example.com
2026-05-03T15:49:11.003+05:30 DEBUG 75622 --- [peer-tutoring-backend] [nio-8080-exec-8] o.s.s.w.a.AnonymousAuthenticationFilter  : Set SecurityContextHolder to anonymous SecurityContext
2026-05-03T15:49:11.004+05:30 DEBUG 75622 --- [peer-tutoring-backend] [nio-8080-exec-8] o.s.s.w.a.Http403ForbiddenEntryPoint     : Pre-authenticated entry point called. Rejecting access
Hibernate: 
    select
        u1_0.id,
        u1_0.active,
        u1_0.created_at,
        u1_0.email,
        u1_0.first_name,
        u1_0.last_name,
        u1_0.password,
        u1_0.phone_number,
        u1_0.role,
        u1_0.updated_at,
        u1_0.verified 
    from
        users u1_0 
    where
        u1_0.email=?
Hibernate: 
    select
        tp1_0.id,
        tp1_0.average_rating,
        tp1_0.bio,
        tp1_0.created_at,
        tp1_0.hourly_rate,
        tp1_0.status,
        tp1_0.subject,
        tp1_0.total_sessions,
        tp1_0.updated_at,
        tp1_0.user_id,
        tp1_0.years_of_experience 
    from
        tutor_profiles tp1_0 
    where
        tp1_0.user_id=?
2026-05-03T15:49:11.015+05:30 DEBUG 75622 --- [peer-tutoring-backend] [nio-8080-exec-9] c.t.security.JwtAuthenticationFilter     : Authentication set for user: tutor1@example.com
2026-05-03T15:49:11.016+05:30 DEBUG 75622 --- [peer-tutoring-backend] [nio-8080-exec-9] o.s.security.web.FilterChainProxy        : Secured GET /api/sessions/available
Hibernate: 
    select
        s1_0.id,
        s1_0.created_at,
        s1_0.description,
        s1_0.end_time,
        s1_0.enrolled_students,
        s1_0.max_students,
        s1_0.price,
        s1_0.start_time,
        s1_0.status,
        s1_0.subject,
        s1_0.title,
        s1_0.tutor_id,
        s1_0.type,
        s1_0.updated_at 
    from
        sessions s1_0 
    where
        s1_0.status=?
Hibernate: 
    select
        u1_0.id,
        u1_0.active,
        u1_0.created_at,
        u1_0.email,
        u1_0.first_name,
        u1_0.last_name,
        u1_0.password,
        u1_0.phone_number,
        u1_0.role,
        u1_0.updated_at,
        u1_0.verified 
    from
        users u1_0 
    where
        u1_0.id=?
Hibernate: 
    select
        tp1_0.id,
        tp1_0.average_rating,
        tp1_0.bio,
        tp1_0.created_at,
        tp1_0.hourly_rate,
        tp1_0.status,
        tp1_0.subject,
        tp1_0.total_sessions,
        tp1_0.updated_at,
        tp1_0.user_id,
        tp1_0.years_of_experience 
    from
        tutor_profiles tp1_0 
    where
        tp1_0.user_id=?
Hibernate: 
    select
        u1_0.id,
        u1_0.active,
        u1_0.created_at,
        u1_0.email,
        u1_0.first_name,
        u1_0.last_name,
        u1_0.password,
        u1_0.phone_number,
        u1_0.role,
        u1_0.updated_at,
        u1_0.verified 
    from
        users u1_0 
    where
        u1_0.id=?
Hibernate: 
    select
        tp1_0.id,
        tp1_0.average_rating,
        tp1_0.bio,
        tp1_0.created_at,
        tp1_0.hourly_rate,
        tp1_0.status,
        tp1_0.subject,
        tp1_0.total_sessions,
        tp1_0.updated_at,
        tp1_0.user_id,
        tp1_0.years_of_experience 
    from
        tutor_profiles tp1_0 
    where
        tp1_0.user_id=?
Hibernate: 
    select
        u1_0.id,
        u1_0.active,
        u1_0.created_at,
        u1_0.email,
        u1_0.first_name,
        u1_0.last_name,
        u1_0.password,
        u1_0.phone_number,
        u1_0.role,
        u1_0.updated_at,
        u1_0.verified 
    from
        users u1_0 
    where
        u1_0.id=?
Hibernate: 
    select
        tp1_0.id,
        tp1_0.average_rating,
        tp1_0.bio,
        tp1_0.created_at,
        tp1_0.hourly_rate,
        tp1_0.status,
        tp1_0.subject,
        tp1_0.total_sessions,
        tp1_0.updated_at,
        tp1_0.user_id,
        tp1_0.years_of_experience 
    from
        tutor_profiles tp1_0 
    where
        tp1_0.user_id=?
2026-05-03T15:49:11.049+05:30 DEBUG 75622 --- [peer-tutoring-backend] [io-8080-exec-10] o.s.security.web.FilterChainProxy        : Securing GET /api/sessions/available
2026-05-03T15:49:11.049+05:30 DEBUG 75622 --- [peer-tutoring-backend] [io-8080-exec-10] c.t.security.JwtAuthenticationFilter     : JWT Token found: eyJhbGciOiJIUzM4NCJ9...
2026-05-03T15:49:11.050+05:30 DEBUG 75622 --- [peer-tutoring-backend] [io-8080-exec-10] c.t.security.JwtAuthenticationFilter     : JWT valid, email: tutor1@example.com
Hibernate: 
    select
        u1_0.id,
        u1_0.active,
        u1_0.created_at,
        u1_0.email,
        u1_0.first_name,
        u1_0.last_name,
        u1_0.password,
        u1_0.phone_number,
        u1_0.role,
        u1_0.updated_at,
        u1_0.verified 
    from
        users u1_0 
    where
        u1_0.email=?
Hibernate: 
    select
        tp1_0.id,
        tp1_0.average_rating,
        tp1_0.bio,
        tp1_0.created_at,
        tp1_0.hourly_rate,
        tp1_0.status,
        tp1_0.subject,
        tp1_0.total_sessions,
        tp1_0.updated_at,
        tp1_0.user_id,
        tp1_0.years_of_experience 
    from
        tutor_profiles tp1_0 
    where
        tp1_0.user_id=?
2026-05-03T15:49:11.053+05:30 DEBUG 75622 --- [peer-tutoring-backend] [io-8080-exec-10] c.t.security.JwtAuthenticationFilter     : Authentication set for user: tutor1@example.com
2026-05-03T15:49:11.054+05:30 DEBUG 75622 --- [peer-tutoring-backend] [io-8080-exec-10] o.s.security.web.FilterChainProxy        : Secured GET /api/sessions/available
Hibernate: 
    select
        s1_0.id,
        s1_0.created_at,
        s1_0.description,
        s1_0.end_time,
        s1_0.enrolled_students,
        s1_0.max_students,
        s1_0.price,
        s1_0.start_time,
        s1_0.status,
        s1_0.subject,
        s1_0.title,
        s1_0.tutor_id,
        s1_0.type,
        s1_0.updated_at 
    from
        sessions s1_0 
    where
        s1_0.status=?
Hibernate: 
    select
        u1_0.id,
        u1_0.active,
        u1_0.created_at,
        u1_0.email,
        u1_0.first_name,
        u1_0.last_name,
        u1_0.password,
        u1_0.phone_number,
        u1_0.role,
        u1_0.updated_at,
        u1_0.verified 
    from
        users u1_0 
    where
        u1_0.id=?
Hibernate: 
    select
        tp1_0.id,
        tp1_0.average_rating,
        tp1_0.bio,
        tp1_0.created_at,
        tp1_0.hourly_rate,
        tp1_0.status,
        tp1_0.subject,
        tp1_0.total_sessions,
        tp1_0.updated_at,
        tp1_0.user_id,
        tp1_0.years_of_experience 
    from
        tutor_profiles tp1_0 
    where
        tp1_0.user_id=?
Hibernate: 
    select
        u1_0.id,
        u1_0.active,
        u1_0.created_at,
        u1_0.email,
        u1_0.first_name,
        u1_0.last_name,
        u1_0.password,
        u1_0.phone_number,
        u1_0.role,
        u1_0.updated_at,
        u1_0.verified 
    from
        users u1_0 
    where
        u1_0.id=?
Hibernate: 
    select
        tp1_0.id,
        tp1_0.average_rating,
        tp1_0.bio,
        tp1_0.created_at,
        tp1_0.hourly_rate,
        tp1_0.status,
        tp1_0.subject,
        tp1_0.total_sessions,
        tp1_0.updated_at,
        tp1_0.user_id,
        tp1_0.years_of_experience 
    from
        tutor_profiles tp1_0 
    where
        tp1_0.user_id=?
Hibernate: 
    select
        u1_0.id,
        u1_0.active,
        u1_0.created_at,
        u1_0.email,
        u1_0.first_name,
        u1_0.last_name,
        u1_0.password,
        u1_0.phone_number,
        u1_0.role,
        u1_0.updated_at,
        u1_0.verified 
    from
        users u1_0 
    where
        u1_0.id=?
Hibernate: 
    select
        tp1_0.id,
        tp1_0.average_rating,
        tp1_0.bio,
        tp1_0.created_at,
        tp1_0.hourly_rate,
        tp1_0.status,
        tp1_0.subject,
        tp1_0.total_sessions,
        tp1_0.updated_at,
        tp1_0.user_id,
        tp1_0.years_of_experience 
    from
        tutor_profiles tp1_0 
    where
        tp1_0.user_id=?
2026-05-03T15:49:18.375+05:30 DEBUG 75622 --- [peer-tutoring-backend] [nio-8080-exec-1] o.s.security.web.FilterChainProxy        : Securing GET /api/tutors
2026-05-03T15:49:18.375+05:30 DEBUG 75622 --- [peer-tutoring-backend] [nio-8080-exec-2] o.s.security.web.FilterChainProxy        : Securing GET /api/sessions/available
2026-05-03T15:49:18.375+05:30 DEBUG 75622 --- [peer-tutoring-backend] [nio-8080-exec-1] c.t.security.JwtAuthenticationFilter     : JWT Token found: eyJhbGciOiJIUzM4NCJ9...
2026-05-03T15:49:18.375+05:30 DEBUG 75622 --- [peer-tutoring-backend] [nio-8080-exec-2] c.t.security.JwtAuthenticationFilter     : JWT Token found: eyJhbGciOiJIUzM4NCJ9...
2026-05-03T15:49:18.376+05:30 DEBUG 75622 --- [peer-tutoring-backend] [nio-8080-exec-1] c.t.security.JwtAuthenticationFilter     : JWT valid, email: tutor1@example.com
2026-05-03T15:49:18.376+05:30 DEBUG 75622 --- [peer-tutoring-backend] [nio-8080-exec-2] c.t.security.JwtAuthenticationFilter     : JWT valid, email: tutor1@example.com
2026-05-03T15:49:18.377+05:30 DEBUG 75622 --- [peer-tutoring-backend] [nio-8080-exec-6] o.s.security.web.FilterChainProxy        : Securing GET /favicon.ico
2026-05-03T15:49:18.377+05:30 DEBUG 75622 --- [peer-tutoring-backend] [nio-8080-exec-6] o.s.s.w.a.AnonymousAuthenticationFilter  : Set SecurityContextHolder to anonymous SecurityContext
Hibernate: 
    select
        u1_0.id,
        u1_0.active,
        u1_0.created_at,
        u1_0.email,
        u1_0.first_name,
        u1_0.last_name,
        u1_0.password,
        u1_0.phone_number,
        u1_0.role,
        u1_0.updated_at,
        u1_0.verified 
    from
        users u1_0 
    where
        u1_0.email=?
Hibernate: 
    select
        u1_0.id,
        u1_0.active,
        u1_0.created_at,
        u1_0.email,
        u1_0.first_name,
        u1_0.last_name,
        u1_0.password,
        u1_0.phone_number,
        u1_0.role,
        u1_0.updated_at,
        u1_0.verified 
    from
        users u1_0 
    where
        u1_0.email=?
Hibernate: 
    select
        tp1_0.id,
        tp1_0.average_rating,
        tp1_0.bio,
        tp1_0.created_at,
        tp1_0.hourly_rate,
        tp1_0.status,
        tp1_0.subject,
        tp1_0.total_sessions,
        tp1_0.updated_at,
        tp1_0.user_id,
        tp1_0.years_of_experience 
    from
        tutor_profiles tp1_0 
    where
        tp1_0.user_id=?
Hibernate: 
    select
        tp1_0.id,
        tp1_0.average_rating,
        tp1_0.bio,
        tp1_0.created_at,
        tp1_0.hourly_rate,
        tp1_0.status,
        tp1_0.subject,
        tp1_0.total_sessions,
        tp1_0.updated_at,
        tp1_0.user_id,
        tp1_0.years_of_experience 
    from
        tutor_profiles tp1_0 
    where
        tp1_0.user_id=?
2026-05-03T15:49:18.379+05:30 DEBUG 75622 --- [peer-tutoring-backend] [nio-8080-exec-6] o.s.s.w.a.Http403ForbiddenEntryPoint     : Pre-authenticated entry point called. Rejecting access
2026-05-03T15:49:18.379+05:30 DEBUG 75622 --- [peer-tutoring-backend] [nio-8080-exec-6] o.s.security.web.FilterChainProxy        : Securing GET /error
2026-05-03T15:49:18.379+05:30 DEBUG 75622 --- [peer-tutoring-backend] [nio-8080-exec-1] c.t.security.JwtAuthenticationFilter     : Authentication set for user: tutor1@example.com
2026-05-03T15:49:18.379+05:30 DEBUG 75622 --- [peer-tutoring-backend] [nio-8080-exec-2] c.t.security.JwtAuthenticationFilter     : Authentication set for user: tutor1@example.com
2026-05-03T15:49:18.380+05:30 DEBUG 75622 --- [peer-tutoring-backend] [nio-8080-exec-6] o.s.s.w.a.AnonymousAuthenticationFilter  : Set SecurityContextHolder to anonymous SecurityContext
2026-05-03T15:49:18.380+05:30 DEBUG 75622 --- [peer-tutoring-backend] [nio-8080-exec-1] o.s.security.web.FilterChainProxy        : Secured GET /api/tutors
2026-05-03T15:49:18.380+05:30 DEBUG 75622 --- [peer-tutoring-backend] [nio-8080-exec-2] o.s.security.web.FilterChainProxy        : Secured GET /api/sessions/available
2026-05-03T15:49:18.380+05:30 DEBUG 75622 --- [peer-tutoring-backend] [nio-8080-exec-6] o.s.s.w.a.Http403ForbiddenEntryPoint     : Pre-authenticated entry point called. Rejecting access
Hibernate: 
    select
        tp1_0.id,
        tp1_0.average_rating,
        tp1_0.bio,
        tp1_0.created_at,
        tp1_0.hourly_rate,
        tp1_0.status,
        tp1_0.subject,
        tp1_0.total_sessions,
        tp1_0.updated_at,
        tp1_0.user_id,
        tp1_0.years_of_experience 
    from
        tutor_profiles tp1_0 
    where
        tp1_0.status=?
Hibernate: 
    select
        s1_0.id,
        s1_0.created_at,
        s1_0.description,
        s1_0.end_time,
        s1_0.enrolled_students,
        s1_0.max_students,
        s1_0.price,
        s1_0.start_time,
        s1_0.status,
        s1_0.subject,
        s1_0.title,
        s1_0.tutor_id,
        s1_0.type,
        s1_0.updated_at 
    from
        sessions s1_0 
    where
        s1_0.status=?
Hibernate: 
    select
        u1_0.id,
        u1_0.active,
        u1_0.created_at,
        u1_0.email,
        u1_0.first_name,
        u1_0.last_name,
        u1_0.password,
        u1_0.phone_number,
        u1_0.role,
        u1_0.updated_at,
        u1_0.verified 
    from
        users u1_0 
    where
        u1_0.id=?
Hibernate: 
    select
        tp1_0.id,
        tp1_0.average_rating,
        tp1_0.bio,
        tp1_0.created_at,
        tp1_0.hourly_rate,
        tp1_0.status,
        tp1_0.subject,
        tp1_0.total_sessions,
        tp1_0.updated_at,
        tp1_0.user_id,
        tp1_0.years_of_experience 
    from
        tutor_profiles tp1_0 
    where
        tp1_0.user_id=?
Hibernate: 
    select
        u1_0.id,
        u1_0.active,
        u1_0.created_at,
        u1_0.email,
        u1_0.first_name,
        u1_0.last_name,
        u1_0.password,
        u1_0.phone_number,
        u1_0.role,
        u1_0.updated_at,
        u1_0.verified 
    from
        users u1_0 
    where
        u1_0.id=?
Hibernate: 
    select
        u1_0.id,
        u1_0.active,
        u1_0.created_at,
        u1_0.email,
        u1_0.first_name,
        u1_0.last_name,
        u1_0.password,
        u1_0.phone_number,
        u1_0.role,
        u1_0.updated_at,
        u1_0.verified 
    from
        users u1_0 
    where
        u1_0.id=?
Hibernate: 
    select
        tp1_0.id,
        tp1_0.average_rating,
        tp1_0.bio,
        tp1_0.created_at,
        tp1_0.hourly_rate,
        tp1_0.status,
        tp1_0.subject,
        tp1_0.total_sessions,
        tp1_0.updated_at,
        tp1_0.user_id,
        tp1_0.years_of_experience 
    from
        tutor_profiles tp1_0 
    where
        tp1_0.user_id=?
Hibernate: 
    select
        tp1_0.id,
        tp1_0.average_rating,
        tp1_0.bio,
        tp1_0.created_at,
        tp1_0.hourly_rate,
        tp1_0.status,
        tp1_0.subject,
        tp1_0.total_sessions,
        tp1_0.updated_at,
        tp1_0.user_id,
        tp1_0.years_of_experience 
    from
        tutor_profiles tp1_0 
    where
        tp1_0.user_id=?
Hibernate: 
    select
        u1_0.id,
        u1_0.active,
        u1_0.created_at,
        u1_0.email,
        u1_0.first_name,
        u1_0.last_name,
        u1_0.password,
        u1_0.phone_number,
        u1_0.role,
        u1_0.updated_at,
        u1_0.verified 
    from
        users u1_0 
    where
        u1_0.id=?
Hibernate: 
    select
        s1_0.tutor_id,
        s1_0.subject_name 
    from
        tutor_subjects s1_0 
    where
        s1_0.tutor_id=?
Hibernate: 
    select
        tp1_0.id,
        tp1_0.average_rating,
        tp1_0.bio,
        tp1_0.created_at,
        tp1_0.hourly_rate,
        tp1_0.status,
        tp1_0.subject,
        tp1_0.total_sessions,
        tp1_0.updated_at,
        tp1_0.user_id,
        tp1_0.years_of_experience 
    from
        tutor_profiles tp1_0 
    where
        tp1_0.user_id=?
Hibernate: 
    select
        u1_0.id,
        u1_0.active,
        u1_0.created_at,
        u1_0.email,
        u1_0.first_name,
        u1_0.last_name,
        u1_0.password,
        u1_0.phone_number,
        u1_0.role,
        u1_0.updated_at,
        u1_0.verified 
    from
        users u1_0 
    where
        u1_0.id=?
Hibernate: 
    select
        tp1_0.id,
        tp1_0.average_rating,
        tp1_0.bio,
        tp1_0.created_at,
        tp1_0.hourly_rate,
        tp1_0.status,
        tp1_0.subject,
        tp1_0.total_sessions,
        tp1_0.updated_at,
        tp1_0.user_id,
        tp1_0.years_of_experience 
    from
        tutor_profiles tp1_0 
    where
        tp1_0.user_id=?
Hibernate: 
    select
        s1_0.tutor_id,
        s1_0.subject_name 
    from
        tutor_subjects s1_0 
    where
        s1_0.tutor_id=?
Hibernate: 
    select
        u1_0.id,
        u1_0.active,
        u1_0.created_at,
        u1_0.email,
        u1_0.first_name,
        u1_0.last_name,
        u1_0.password,
        u1_0.phone_number,
        u1_0.role,
        u1_0.updated_at,
        u1_0.verified 
    from
        users u1_0 
    where
        u1_0.id=?
Hibernate: 
    select
        tp1_0.id,
        tp1_0.average_rating,
        tp1_0.bio,
        tp1_0.created_at,
        tp1_0.hourly_rate,
        tp1_0.status,
        tp1_0.subject,
        tp1_0.total_sessions,
        tp1_0.updated_at,
        tp1_0.user_id,
        tp1_0.years_of_experience 
    from
        tutor_profiles tp1_0 
    where
        tp1_0.user_id=?
Hibernate: 
    select
        s1_0.tutor_id,
        s1_0.subject_name 
    from
        tutor_subjects s1_0 
    where
        s1_0.tutor_id=?
Hibernate: 
    select
        u1_0.id,
        u1_0.active,
        u1_0.created_at,
        u1_0.email,
        u1_0.first_name,
        u1_0.last_name,
        u1_0.password,
        u1_0.phone_number,
        u1_0.role,
        u1_0.updated_at,
        u1_0.verified 
    from
        users u1_0 
    where
        u1_0.id=?
Hibernate: 
    select
        tp1_0.id,
        tp1_0.average_rating,
        tp1_0.bio,
        tp1_0.created_at,
        tp1_0.hourly_rate,
        tp1_0.status,
        tp1_0.subject,
        tp1_0.total_sessions,
        tp1_0.updated_at,
        tp1_0.user_id,
        tp1_0.years_of_experience 
    from
        tutor_profiles tp1_0 
    where
        tp1_0.user_id=?
Hibernate: 
    select
        s1_0.tutor_id,
        s1_0.subject_name 
    from
        tutor_subjects s1_0 
    where
        s1_0.tutor_id=?
2026-05-03T15:49:18.390+05:30 DEBUG 75622 --- [peer-tutoring-backend] [nio-8080-exec-4] o.s.security.web.FilterChainProxy        : Securing GET /api/sessions/available
2026-05-03T15:49:18.390+05:30 DEBUG 75622 --- [peer-tutoring-backend] [nio-8080-exec-4] c.t.security.JwtAuthenticationFilter     : JWT Token found: eyJhbGciOiJIUzM4NCJ9...
2026-05-03T15:49:18.391+05:30 DEBUG 75622 --- [peer-tutoring-backend] [nio-8080-exec-4] c.t.security.JwtAuthenticationFilter     : JWT valid, email: tutor1@example.com
2026-05-03T15:49:18.392+05:30 DEBUG 75622 --- [peer-tutoring-backend] [nio-8080-exec-5] o.s.security.web.FilterChainProxy        : Securing GET /api/tutors
2026-05-03T15:49:18.392+05:30 DEBUG 75622 --- [peer-tutoring-backend] [nio-8080-exec-5] c.t.security.JwtAuthenticationFilter     : JWT Token found: eyJhbGciOiJIUzM4NCJ9...
Hibernate: 
    select
        u1_0.id,
        u1_0.active,
        u1_0.created_at,
        u1_0.email,
        u1_0.first_name,
        u1_0.last_name,
        u1_0.password,
        u1_0.phone_number,
        u1_0.role,
        u1_0.updated_at,
        u1_0.verified 
    from
        users u1_0 
    where
        u1_0.email=?
Hibernate: 
    select
        tp1_0.id,
        tp1_0.average_rating,
        tp1_0.bio,
        tp1_0.created_at,
        tp1_0.hourly_rate,
        tp1_0.status,
        tp1_0.subject,
        tp1_0.total_sessions,
        tp1_0.updated_at,
        tp1_0.user_id,
        tp1_0.years_of_experience 
    from
        tutor_profiles tp1_0 
    where
        tp1_0.user_id=?
2026-05-03T15:49:18.393+05:30 DEBUG 75622 --- [peer-tutoring-backend] [nio-8080-exec-5] c.t.security.JwtAuthenticationFilter     : JWT valid, email: tutor1@example.com
2026-05-03T15:49:18.394+05:30 DEBUG 75622 --- [peer-tutoring-backend] [nio-8080-exec-4] c.t.security.JwtAuthenticationFilter     : Authentication set for user: tutor1@example.com
Hibernate: 
    select
        u1_0.id,
        u1_0.active,
        u1_0.created_at,
        u1_0.email,
        u1_0.first_name,
        u1_0.last_name,
        u1_0.password,
        u1_0.phone_number,
        u1_0.role,
        u1_0.updated_at,
        u1_0.verified 
    from
        users u1_0 
    where
        u1_0.email=?
2026-05-03T15:49:18.394+05:30 DEBUG 75622 --- [peer-tutoring-backend] [nio-8080-exec-4] o.s.security.web.FilterChainProxy        : Secured GET /api/sessions/available
Hibernate: 
    select
        tp1_0.id,
        tp1_0.average_rating,
        tp1_0.bio,
        tp1_0.created_at,
        tp1_0.hourly_rate,
        tp1_0.status,
        tp1_0.subject,
        tp1_0.total_sessions,
        tp1_0.updated_at,
        tp1_0.user_id,
        tp1_0.years_of_experience 
    from
        tutor_profiles tp1_0 
    where
        tp1_0.user_id=?
2026-05-03T15:49:18.395+05:30 DEBUG 75622 --- [peer-tutoring-backend] [nio-8080-exec-5] c.t.security.JwtAuthenticationFilter     : Authentication set for user: tutor1@example.com
Hibernate: 
    select
        s1_0.id,
        s1_0.created_at,
        s1_0.description,
        s1_0.end_time,
        s1_0.enrolled_students,
        s1_0.max_students,
        s1_0.price,
        s1_0.start_time,
        s1_0.status,
        s1_0.subject,
        s1_0.title,
        s1_0.tutor_id,
        s1_0.type,
        s1_0.updated_at 
    from
        sessions s1_0 
    where
        s1_0.status=?
2026-05-03T15:49:18.395+05:30 DEBUG 75622 --- [peer-tutoring-backend] [nio-8080-exec-5] o.s.security.web.FilterChainProxy        : Secured GET /api/tutors
Hibernate: 
    select
        u1_0.id,
        u1_0.active,
        u1_0.created_at,
        u1_0.email,
        u1_0.first_name,
        u1_0.last_name,
        u1_0.password,
        u1_0.phone_number,
        u1_0.role,
        u1_0.updated_at,
        u1_0.verified 
    from
        users u1_0 
    where
        u1_0.id=?
Hibernate: 
    select
        tp1_0.id,
        tp1_0.average_rating,
        tp1_0.bio,
        tp1_0.created_at,
        tp1_0.hourly_rate,
        tp1_0.status,
        tp1_0.subject,
        tp1_0.total_sessions,
        tp1_0.updated_at,
        tp1_0.user_id,
        tp1_0.years_of_experience 
    from
        tutor_profiles tp1_0 
    where
        tp1_0.status=?
Hibernate: 
    select
        tp1_0.id,
        tp1_0.average_rating,
        tp1_0.bio,
        tp1_0.created_at,
        tp1_0.hourly_rate,
        tp1_0.status,
        tp1_0.subject,
        tp1_0.total_sessions,
        tp1_0.updated_at,
        tp1_0.user_id,
        tp1_0.years_of_experience 
    from
        tutor_profiles tp1_0 
    where
        tp1_0.user_id=?
Hibernate: 
    select
        u1_0.id,
        u1_0.active,
        u1_0.created_at,
        u1_0.email,
        u1_0.first_name,
        u1_0.last_name,
        u1_0.password,
        u1_0.phone_number,
        u1_0.role,
        u1_0.updated_at,
        u1_0.verified 
    from
        users u1_0 
    where
        u1_0.id=?
Hibernate: 
    select
        tp1_0.id,
        tp1_0.average_rating,
        tp1_0.bio,
        tp1_0.created_at,
        tp1_0.hourly_rate,
        tp1_0.status,
        tp1_0.subject,
        tp1_0.total_sessions,
        tp1_0.updated_at,
        tp1_0.user_id,
        tp1_0.years_of_experience 
    from
        tutor_profiles tp1_0 
    where
        tp1_0.user_id=?
Hibernate: 
    select
        u1_0.id,
        u1_0.active,
        u1_0.created_at,
        u1_0.email,
        u1_0.first_name,
        u1_0.last_name,
        u1_0.password,
        u1_0.phone_number,
        u1_0.role,
        u1_0.updated_at,
        u1_0.verified 
    from
        users u1_0 
    where
        u1_0.id=?
Hibernate: 
    select
        tp1_0.id,
        tp1_0.average_rating,
        tp1_0.bio,
        tp1_0.created_at,
        tp1_0.hourly_rate,
        tp1_0.status,
        tp1_0.subject,
        tp1_0.total_sessions,
        tp1_0.updated_at,
        tp1_0.user_id,
        tp1_0.years_of_experience 
    from
        tutor_profiles tp1_0 
    where
        tp1_0.user_id=?
Hibernate: 
    select
        u1_0.id,
        u1_0.active,
        u1_0.created_at,
        u1_0.email,
        u1_0.first_name,
        u1_0.last_name,
        u1_0.password,
        u1_0.phone_number,
        u1_0.role,
        u1_0.updated_at,
        u1_0.verified 
    from
        users u1_0 
    where
        u1_0.id=?
Hibernate: 
    select
        s1_0.tutor_id,
        s1_0.subject_name 
    from
        tutor_subjects s1_0 
    where
        s1_0.tutor_id=?
Hibernate: 
    select
        u1_0.id,
        u1_0.active,
        u1_0.created_at,
        u1_0.email,
        u1_0.first_name,
        u1_0.last_name,
        u1_0.password,
        u1_0.phone_number,
        u1_0.role,
        u1_0.updated_at,
        u1_0.verified 
    from
        users u1_0 
    where
        u1_0.id=?
Hibernate: 
    select
        tp1_0.id,
        tp1_0.average_rating,
        tp1_0.bio,
        tp1_0.created_at,
        tp1_0.hourly_rate,
        tp1_0.status,
        tp1_0.subject,
        tp1_0.total_sessions,
        tp1_0.updated_at,
        tp1_0.user_id,
        tp1_0.years_of_experience 
    from
        tutor_profiles tp1_0 
    where
        tp1_0.user_id=?
Hibernate: 
    select
        tp1_0.id,
        tp1_0.average_rating,
        tp1_0.bio,
        tp1_0.created_at,
        tp1_0.hourly_rate,
        tp1_0.status,
        tp1_0.subject,
        tp1_0.total_sessions,
        tp1_0.updated_at,
        tp1_0.user_id,
        tp1_0.years_of_experience 
    from
        tutor_profiles tp1_0 
    where
        tp1_0.user_id=?
Hibernate: 
    select
        s1_0.tutor_id,
        s1_0.subject_name 
    from
        tutor_subjects s1_0 
    where
        s1_0.tutor_id=?
Hibernate: 
    select
        u1_0.id,
        u1_0.active,
        u1_0.created_at,
        u1_0.email,
        u1_0.first_name,
        u1_0.last_name,
        u1_0.password,
        u1_0.phone_number,
        u1_0.role,
        u1_0.updated_at,
        u1_0.verified 
    from
        users u1_0 
    where
        u1_0.id=?
Hibernate: 
    select
        tp1_0.id,
        tp1_0.average_rating,
        tp1_0.bio,
        tp1_0.created_at,
        tp1_0.hourly_rate,
        tp1_0.status,
        tp1_0.subject,
        tp1_0.total_sessions,
        tp1_0.updated_at,
        tp1_0.user_id,
        tp1_0.years_of_experience 
    from
        tutor_profiles tp1_0 
    where
        tp1_0.user_id=?
Hibernate: 
    select
        s1_0.tutor_id,
        s1_0.subject_name 
    from
        tutor_subjects s1_0 
    where
        s1_0.tutor_id=?
Hibernate: 
    select
        u1_0.id,
        u1_0.active,
        u1_0.created_at,
        u1_0.email,
        u1_0.first_name,
        u1_0.last_name,
        u1_0.password,
        u1_0.phone_number,
        u1_0.role,
        u1_0.updated_at,
        u1_0.verified 
    from
        users u1_0 
    where
        u1_0.id=?
Hibernate: 
    select
        tp1_0.id,
        tp1_0.average_rating,
        tp1_0.bio,
        tp1_0.created_at,
        tp1_0.hourly_rate,
        tp1_0.status,
        tp1_0.subject,
        tp1_0.total_sessions,
        tp1_0.updated_at,
        tp1_0.user_id,
        tp1_0.years_of_experience 
    from
        tutor_profiles tp1_0 
    where
        tp1_0.user_id=?
Hibernate: 
    select
        s1_0.tutor_id,
        s1_0.subject_name 
    from
        tutor_subjects s1_0 
    where
        s1_0.tutor_id=?
2026-05-03T15:49:23.135+05:30 DEBUG 75622 --- [peer-tutoring-backend] [nio-8080-exec-3] o.s.security.web.FilterChainProxy        : Securing GET /api/sessions/available
2026-05-03T15:49:23.135+05:30 DEBUG 75622 --- [peer-tutoring-backend] [nio-8080-exec-3] c.t.security.JwtAuthenticationFilter     : JWT Token found: eyJhbGciOiJIUzM4NCJ9...
2026-05-03T15:49:23.137+05:30 DEBUG 75622 --- [peer-tutoring-backend] [nio-8080-exec-3] c.t.security.JwtAuthenticationFilter     : JWT valid, email: tutor1@example.com
Hibernate: 
    select
        u1_0.id,
        u1_0.active,
        u1_0.created_at,
        u1_0.email,
        u1_0.first_name,
        u1_0.last_name,
        u1_0.password,
        u1_0.phone_number,
        u1_0.role,
        u1_0.updated_at,
        u1_0.verified 
    from
        users u1_0 
    where
        u1_0.email=?
2026-05-03T15:49:23.140+05:30 DEBUG 75622 --- [peer-tutoring-backend] [nio-8080-exec-7] o.s.security.web.FilterChainProxy        : Securing GET /favicon.ico
Hibernate: 
    select
        tp1_0.id,
        tp1_0.average_rating,
        tp1_0.bio,
        tp1_0.created_at,
        tp1_0.hourly_rate,
        tp1_0.status,
        tp1_0.subject,
        tp1_0.total_sessions,
        tp1_0.updated_at,
        tp1_0.user_id,
        tp1_0.years_of_experience 
    from
        tutor_profiles tp1_0 
    where
        tp1_0.user_id=?
2026-05-03T15:49:23.140+05:30 DEBUG 75622 --- [peer-tutoring-backend] [nio-8080-exec-7] o.s.s.w.a.AnonymousAuthenticationFilter  : Set SecurityContextHolder to anonymous SecurityContext
2026-05-03T15:49:23.142+05:30 DEBUG 75622 --- [peer-tutoring-backend] [nio-8080-exec-3] c.t.security.JwtAuthenticationFilter     : Authentication set for user: tutor1@example.com
2026-05-03T15:49:23.142+05:30 DEBUG 75622 --- [peer-tutoring-backend] [nio-8080-exec-3] o.s.security.web.FilterChainProxy        : Secured GET /api/sessions/available
2026-05-03T15:49:23.143+05:30 DEBUG 75622 --- [peer-tutoring-backend] [nio-8080-exec-7] o.s.s.w.a.Http403ForbiddenEntryPoint     : Pre-authenticated entry point called. Rejecting access
2026-05-03T15:49:23.144+05:30 DEBUG 75622 --- [peer-tutoring-backend] [nio-8080-exec-7] o.s.security.web.FilterChainProxy        : Securing GET /error
Hibernate: 
    select
        s1_0.id,
        s1_0.created_at,
        s1_0.description,
        s1_0.end_time,
        s1_0.enrolled_students,
        s1_0.max_students,
        s1_0.price,
        s1_0.start_time,
        s1_0.status,
        s1_0.subject,
        s1_0.title,
        s1_0.tutor_id,
        s1_0.type,
        s1_0.updated_at 
    from
        sessions s1_0 
    where
        s1_0.status=?
2026-05-03T15:49:23.146+05:30 DEBUG 75622 --- [peer-tutoring-backend] [nio-8080-exec-7] o.s.s.w.a.AnonymousAuthenticationFilter  : Set SecurityContextHolder to anonymous SecurityContext
2026-05-03T15:49:23.146+05:30 DEBUG 75622 --- [peer-tutoring-backend] [nio-8080-exec-7] o.s.s.w.a.Http403ForbiddenEntryPoint     : Pre-authenticated entry point called. Rejecting access
Hibernate: 
    select
        u1_0.id,
        u1_0.active,
        u1_0.created_at,
        u1_0.email,
        u1_0.first_name,
        u1_0.last_name,
        u1_0.password,
        u1_0.phone_number,
        u1_0.role,
        u1_0.updated_at,
        u1_0.verified 
    from
        users u1_0 
    where
        u1_0.id=?
Hibernate: 
    select
        tp1_0.id,
        tp1_0.average_rating,
        tp1_0.bio,
        tp1_0.created_at,
        tp1_0.hourly_rate,
        tp1_0.status,
        tp1_0.subject,
        tp1_0.total_sessions,
        tp1_0.updated_at,
        tp1_0.user_id,
        tp1_0.years_of_experience 
    from
        tutor_profiles tp1_0 
    where
        tp1_0.user_id=?
Hibernate: 
    select
        u1_0.id,
        u1_0.active,
        u1_0.created_at,
        u1_0.email,
        u1_0.first_name,
        u1_0.last_name,
        u1_0.password,
        u1_0.phone_number,
        u1_0.role,
        u1_0.updated_at,
        u1_0.verified 
    from
        users u1_0 
    where
        u1_0.id=?
Hibernate: 
    select
        tp1_0.id,
        tp1_0.average_rating,
        tp1_0.bio,
        tp1_0.created_at,
        tp1_0.hourly_rate,
        tp1_0.status,
        tp1_0.subject,
        tp1_0.total_sessions,
        tp1_0.updated_at,
        tp1_0.user_id,
        tp1_0.years_of_experience 
    from
        tutor_profiles tp1_0 
    where
        tp1_0.user_id=?
Hibernate: 
    select
        u1_0.id,
        u1_0.active,
        u1_0.created_at,
        u1_0.email,
        u1_0.first_name,
        u1_0.last_name,
        u1_0.password,
        u1_0.phone_number,
        u1_0.role,
        u1_0.updated_at,
        u1_0.verified 
    from
        users u1_0 
    where
        u1_0.id=?
Hibernate: 
    select
        tp1_0.id,
        tp1_0.average_rating,
        tp1_0.bio,
        tp1_0.created_at,
        tp1_0.hourly_rate,
        tp1_0.status,
        tp1_0.subject,
        tp1_0.total_sessions,
        tp1_0.updated_at,
        tp1_0.user_id,
        tp1_0.years_of_experience 
    from
        tutor_profiles tp1_0 
    where
        tp1_0.user_id=?
2026-05-03T15:49:23.160+05:30 DEBUG 75622 --- [peer-tutoring-backend] [nio-8080-exec-8] o.s.security.web.FilterChainProxy        : Securing GET /api/sessions/available
2026-05-03T15:49:23.160+05:30 DEBUG 75622 --- [peer-tutoring-backend] [nio-8080-exec-8] c.t.security.JwtAuthenticationFilter     : JWT Token found: eyJhbGciOiJIUzM4NCJ9...
2026-05-03T15:49:23.161+05:30 DEBUG 75622 --- [peer-tutoring-backend] [nio-8080-exec-8] c.t.security.JwtAuthenticationFilter     : JWT valid, email: tutor1@example.com
Hibernate: 
    select
        u1_0.id,
        u1_0.active,
        u1_0.created_at,
        u1_0.email,
        u1_0.first_name,
        u1_0.last_name,
        u1_0.password,
        u1_0.phone_number,
        u1_0.role,
        u1_0.updated_at,
        u1_0.verified 
    from
        users u1_0 
    where
        u1_0.email=?
Hibernate: 
    select
        tp1_0.id,
        tp1_0.average_rating,
        tp1_0.bio,
        tp1_0.created_at,
        tp1_0.hourly_rate,
        tp1_0.status,
        tp1_0.subject,
        tp1_0.total_sessions,
        tp1_0.updated_at,
        tp1_0.user_id,
        tp1_0.years_of_experience 
    from
        tutor_profiles tp1_0 
    where
        tp1_0.user_id=?
2026-05-03T15:49:23.164+05:30 DEBUG 75622 --- [peer-tutoring-backend] [nio-8080-exec-8] c.t.security.JwtAuthenticationFilter     : Authentication set for user: tutor1@example.com
2026-05-03T15:49:23.165+05:30 DEBUG 75622 --- [peer-tutoring-backend] [nio-8080-exec-8] o.s.security.web.FilterChainProxy        : Secured GET /api/sessions/available
Hibernate: 
    select
        s1_0.id,
        s1_0.created_at,
        s1_0.description,
        s1_0.end_time,
        s1_0.enrolled_students,
        s1_0.max_students,
        s1_0.price,
        s1_0.start_time,
        s1_0.status,
        s1_0.subject,
        s1_0.title,
        s1_0.tutor_id,
        s1_0.type,
        s1_0.updated_at 
    from
        sessions s1_0 
    where
        s1_0.status=?
Hibernate: 
    select
        u1_0.id,
        u1_0.active,
        u1_0.created_at,
        u1_0.email,
        u1_0.first_name,
        u1_0.last_name,
        u1_0.password,
        u1_0.phone_number,
        u1_0.role,
        u1_0.updated_at,
        u1_0.verified 
    from
        users u1_0 
    where
        u1_0.id=?
Hibernate: 
    select
        tp1_0.id,
        tp1_0.average_rating,
        tp1_0.bio,
        tp1_0.created_at,
        tp1_0.hourly_rate,
        tp1_0.status,
        tp1_0.subject,
        tp1_0.total_sessions,
        tp1_0.updated_at,
        tp1_0.user_id,
        tp1_0.years_of_experience 
    from
        tutor_profiles tp1_0 
    where
        tp1_0.user_id=?
Hibernate: 
    select
        u1_0.id,
        u1_0.active,
        u1_0.created_at,
        u1_0.email,
        u1_0.first_name,
        u1_0.last_name,
        u1_0.password,
        u1_0.phone_number,
        u1_0.role,
        u1_0.updated_at,
        u1_0.verified 
    from
        users u1_0 
    where
        u1_0.id=?
Hibernate: 
    select
        tp1_0.id,
        tp1_0.average_rating,
        tp1_0.bio,
        tp1_0.created_at,
        tp1_0.hourly_rate,
        tp1_0.status,
        tp1_0.subject,
        tp1_0.total_sessions,
        tp1_0.updated_at,
        tp1_0.user_id,
        tp1_0.years_of_experience 
    from
        tutor_profiles tp1_0 
    where
        tp1_0.user_id=?
Hibernate: 
    select
        u1_0.id,
        u1_0.active,
        u1_0.created_at,
        u1_0.email,
        u1_0.first_name,
        u1_0.last_name,
        u1_0.password,
        u1_0.phone_number,
        u1_0.role,
        u1_0.updated_at,
        u1_0.verified 
    from
        users u1_0 
    where
        u1_0.id=?
Hibernate: 
    select
        tp1_0.id,
        tp1_0.average_rating,
        tp1_0.bio,
        tp1_0.created_at,
        tp1_0.hourly_rate,
        tp1_0.status,
        tp1_0.subject,
        tp1_0.total_sessions,
        tp1_0.updated_at,
        tp1_0.user_id,
        tp1_0.years_of_experience 
    from
        tutor_profiles tp1_0 
    where
        tp1_0.user_id=?
2026-05-03T15:49:25.408+05:30 DEBUG 75622 --- [peer-tutoring-backend] [nio-8080-exec-9] o.s.security.web.FilterChainProxy        : Securing GET /api/tutor/bookings
2026-05-03T15:49:25.408+05:30 DEBUG 75622 --- [peer-tutoring-backend] [nio-8080-exec-9] c.t.security.JwtAuthenticationFilter     : JWT Token found: eyJhbGciOiJIUzM4NCJ9...
2026-05-03T15:49:25.409+05:30 DEBUG 75622 --- [peer-tutoring-backend] [nio-8080-exec-9] c.t.security.JwtAuthenticationFilter     : JWT valid, email: tutor1@example.com
2026-05-03T15:49:25.410+05:30 DEBUG 75622 --- [peer-tutoring-backend] [io-8080-exec-10] o.s.security.web.FilterChainProxy        : Securing GET /favicon.ico
2026-05-03T15:49:25.410+05:30 DEBUG 75622 --- [peer-tutoring-backend] [io-8080-exec-10] o.s.s.w.a.AnonymousAuthenticationFilter  : Set SecurityContextHolder to anonymous SecurityContext
Hibernate: 
    select
        u1_0.id,
        u1_0.active,
        u1_0.created_at,
        u1_0.email,
        u1_0.first_name,
        u1_0.last_name,
        u1_0.password,
        u1_0.phone_number,
        u1_0.role,
        u1_0.updated_at,
        u1_0.verified 
    from
        users u1_0 
    where
        u1_0.email=?
Hibernate: 
    select
        tp1_0.id,
        tp1_0.average_rating,
        tp1_0.bio,
        tp1_0.created_at,
        tp1_0.hourly_rate,
        tp1_0.status,
        tp1_0.subject,
        tp1_0.total_sessions,
        tp1_0.updated_at,
        tp1_0.user_id,
        tp1_0.years_of_experience 
    from
        tutor_profiles tp1_0 
    where
        tp1_0.user_id=?
2026-05-03T15:49:25.412+05:30 DEBUG 75622 --- [peer-tutoring-backend] [io-8080-exec-10] o.s.s.w.a.Http403ForbiddenEntryPoint     : Pre-authenticated entry point called. Rejecting access
2026-05-03T15:49:25.413+05:30 DEBUG 75622 --- [peer-tutoring-backend] [io-8080-exec-10] o.s.security.web.FilterChainProxy        : Securing GET /error
2026-05-03T15:49:25.413+05:30 DEBUG 75622 --- [peer-tutoring-backend] [io-8080-exec-10] o.s.s.w.a.AnonymousAuthenticationFilter  : Set SecurityContextHolder to anonymous SecurityContext
2026-05-03T15:49:25.413+05:30 DEBUG 75622 --- [peer-tutoring-backend] [nio-8080-exec-9] c.t.security.JwtAuthenticationFilter     : Authentication set for user: tutor1@example.com
2026-05-03T15:49:25.414+05:30 DEBUG 75622 --- [peer-tutoring-backend] [io-8080-exec-10] o.s.s.w.a.Http403ForbiddenEntryPoint     : Pre-authenticated entry point called. Rejecting access
2026-05-03T15:49:25.414+05:30 DEBUG 75622 --- [peer-tutoring-backend] [nio-8080-exec-9] o.s.security.web.FilterChainProxy        : Secured GET /api/tutor/bookings
2026-05-03T15:49:25.414+05:30 DEBUG 75622 --- [peer-tutoring-backend] [nio-8080-exec-9] horizationManagerBeforeMethodInterceptor : Authorizing method invocation ReflectiveMethodInvocation: public org.springframework.http.ResponseEntity com.tutoring.controller.BookingController.getTutorBookings(com.tutoring.security.UserDetailsImpl); target is of class [com.tutoring.controller.BookingController]
2026-05-03T15:49:25.415+05:30 DEBUG 75622 --- [peer-tutoring-backend] [nio-8080-exec-9] horizationManagerBeforeMethodInterceptor : Authorized method invocation ReflectiveMethodInvocation: public org.springframework.http.ResponseEntity com.tutoring.controller.BookingController.getTutorBookings(com.tutoring.security.UserDetailsImpl); target is of class [com.tutoring.controller.BookingController]
Hibernate: 
    select
        b1_0.id,
        b1_0.amount,
        b1_0.cancelled_at,
        b1_0.completed_at,
        b1_0.confirmed_at,
        b1_0.created_at,
        b1_0.notes,
        b1_0.payment_status,
        b1_0.session_id,
        b1_0.status,
        b1_0.student_id,
        b1_0.updated_at 
    from
        bookings b1_0 
    left join
        sessions s1_0 
            on s1_0.id=b1_0.session_id 
    where
        s1_0.tutor_id=?
Hibernate: 
    select
        r1_0.id,
        r1_0.booking_id,
        r1_0.created_at,
        r1_0.rating,
        r1_0.review,
        r1_0.student_id,
        r1_0.tutor_id,
        r1_0.visible 
    from
        ratings r1_0 
    where
        r1_0.booking_id=?
Hibernate: 
    select
        u1_0.id,
        u1_0.active,
        u1_0.created_at,
        u1_0.email,
        u1_0.first_name,
        u1_0.last_name,
        u1_0.password,
        u1_0.phone_number,
        u1_0.role,
        u1_0.updated_at,
        u1_0.verified 
    from
        users u1_0 
    where
        u1_0.id=?
Hibernate: 
    select
        tp1_0.id,
        tp1_0.average_rating,
        tp1_0.bio,
        tp1_0.created_at,
        tp1_0.hourly_rate,
        tp1_0.status,
        tp1_0.subject,
        tp1_0.total_sessions,
        tp1_0.updated_at,
        tp1_0.user_id,
        tp1_0.years_of_experience 
    from
        tutor_profiles tp1_0 
    where
        tp1_0.user_id=?
Hibernate: 
    select
        s1_0.id,
        s1_0.created_at,
        s1_0.description,
        s1_0.end_time,
        s1_0.enrolled_students,
        s1_0.max_students,
        s1_0.price,
        s1_0.start_time,
        s1_0.status,
        s1_0.subject,
        s1_0.title,
        s1_0.tutor_id,
        s1_0.type,
        s1_0.updated_at 
    from
        sessions s1_0 
    where
        s1_0.id=?
2026-05-03T15:49:25.427+05:30 DEBUG 75622 --- [peer-tutoring-backend] [nio-8080-exec-6] o.s.security.web.FilterChainProxy        : Securing GET /api/tutor/bookings
2026-05-03T15:49:25.427+05:30 DEBUG 75622 --- [peer-tutoring-backend] [nio-8080-exec-2] o.s.security.web.FilterChainProxy        : Securing GET /api/tutor/profile
2026-05-03T15:49:25.427+05:30 DEBUG 75622 --- [peer-tutoring-backend] [nio-8080-exec-6] c.t.security.JwtAuthenticationFilter     : JWT Token found: eyJhbGciOiJIUzM4NCJ9...
2026-05-03T15:49:25.427+05:30 DEBUG 75622 --- [peer-tutoring-backend] [nio-8080-exec-2] c.t.security.JwtAuthenticationFilter     : JWT Token found: eyJhbGciOiJIUzM4NCJ9...
2026-05-03T15:49:25.431+05:30 DEBUG 75622 --- [peer-tutoring-backend] [nio-8080-exec-2] c.t.security.JwtAuthenticationFilter     : JWT valid, email: tutor1@example.com
2026-05-03T15:49:25.431+05:30 DEBUG 75622 --- [peer-tutoring-backend] [nio-8080-exec-6] c.t.security.JwtAuthenticationFilter     : JWT valid, email: tutor1@example.com
Hibernate: 
    select
        u1_0.id,
        u1_0.active,
        u1_0.created_at,
        u1_0.email,
        u1_0.first_name,
        u1_0.last_name,
        u1_0.password,
        u1_0.phone_number,
        u1_0.role,
        u1_0.updated_at,
        u1_0.verified 
    from
        users u1_0 
    where
        u1_0.email=?
Hibernate: 
    select
        u1_0.id,
        u1_0.active,
        u1_0.created_at,
        u1_0.email,
        u1_0.first_name,
        u1_0.last_name,
        u1_0.password,
        u1_0.phone_number,
        u1_0.role,
        u1_0.updated_at,
        u1_0.verified 
    from
        users u1_0 
    where
        u1_0.email=?
Hibernate: 
    select
        tp1_0.id,
        tp1_0.average_rating,
        tp1_0.bio,
        tp1_0.created_at,
        tp1_0.hourly_rate,
        tp1_0.status,
        tp1_0.subject,
        tp1_0.total_sessions,
        tp1_0.updated_at,
        tp1_0.user_id,
        tp1_0.years_of_experience 
    from
        tutor_profiles tp1_0 
    where
        tp1_0.user_id=?
Hibernate: 
    select
        tp1_0.id,
        tp1_0.average_rating,
        tp1_0.bio,
        tp1_0.created_at,
        tp1_0.hourly_rate,
        tp1_0.status,
        tp1_0.subject,
        tp1_0.total_sessions,
        tp1_0.updated_at,
        tp1_0.user_id,
        tp1_0.years_of_experience 
    from
        tutor_profiles tp1_0 
    where
        tp1_0.user_id=?
2026-05-03T15:49:25.433+05:30 DEBUG 75622 --- [peer-tutoring-backend] [nio-8080-exec-2] c.t.security.JwtAuthenticationFilter     : Authentication set for user: tutor1@example.com
2026-05-03T15:49:25.433+05:30 DEBUG 75622 --- [peer-tutoring-backend] [nio-8080-exec-6] c.t.security.JwtAuthenticationFilter     : Authentication set for user: tutor1@example.com
2026-05-03T15:49:25.433+05:30 DEBUG 75622 --- [peer-tutoring-backend] [nio-8080-exec-2] o.s.security.web.FilterChainProxy        : Secured GET /api/tutor/profile
2026-05-03T15:49:25.434+05:30 DEBUG 75622 --- [peer-tutoring-backend] [nio-8080-exec-6] o.s.security.web.FilterChainProxy        : Secured GET /api/tutor/bookings
2026-05-03T15:49:25.434+05:30 DEBUG 75622 --- [peer-tutoring-backend] [nio-8080-exec-2] horizationManagerBeforeMethodInterceptor : Authorizing method invocation ReflectiveMethodInvocation: public org.springframework.http.ResponseEntity com.tutoring.controller.TutorController.getMyProfile(com.tutoring.security.UserDetailsImpl); target is of class [com.tutoring.controller.TutorController]
2026-05-03T15:49:25.434+05:30 DEBUG 75622 --- [peer-tutoring-backend] [nio-8080-exec-6] horizationManagerBeforeMethodInterceptor : Authorizing method invocation ReflectiveMethodInvocation: public org.springframework.http.ResponseEntity com.tutoring.controller.BookingController.getTutorBookings(com.tutoring.security.UserDetailsImpl); target is of class [com.tutoring.controller.BookingController]
2026-05-03T15:49:25.434+05:30 DEBUG 75622 --- [peer-tutoring-backend] [nio-8080-exec-6] horizationManagerBeforeMethodInterceptor : Authorized method invocation ReflectiveMethodInvocation: public org.springframework.http.ResponseEntity com.tutoring.controller.BookingController.getTutorBookings(com.tutoring.security.UserDetailsImpl); target is of class [com.tutoring.controller.BookingController]
2026-05-03T15:49:25.434+05:30 DEBUG 75622 --- [peer-tutoring-backend] [nio-8080-exec-2] horizationManagerBeforeMethodInterceptor : Authorized method invocation ReflectiveMethodInvocation: public org.springframework.http.ResponseEntity com.tutoring.controller.TutorController.getMyProfile(com.tutoring.security.UserDetailsImpl); target is of class [com.tutoring.controller.TutorController]
Hibernate: 
    select
        tp1_0.id,
        tp1_0.average_rating,
        tp1_0.bio,
        tp1_0.created_at,
        tp1_0.hourly_rate,
        tp1_0.status,
        tp1_0.subject,
        tp1_0.total_sessions,
        tp1_0.updated_at,
        tp1_0.user_id,
        tp1_0.years_of_experience 
    from
        tutor_profiles tp1_0 
    where
        tp1_0.user_id=?
Hibernate: 
    select
        b1_0.id,
        b1_0.amount,
        b1_0.cancelled_at,
        b1_0.completed_at,
        b1_0.confirmed_at,
        b1_0.created_at,
        b1_0.notes,
        b1_0.payment_status,
        b1_0.session_id,
        b1_0.status,
        b1_0.student_id,
        b1_0.updated_at 
    from
        bookings b1_0 
    left join
        sessions s1_0 
            on s1_0.id=b1_0.session_id 
    where
        s1_0.tutor_id=?
Hibernate: 
    select
        r1_0.id,
        r1_0.booking_id,
        r1_0.created_at,
        r1_0.rating,
        r1_0.review,
        r1_0.student_id,
        r1_0.tutor_id,
        r1_0.visible 
    from
        ratings r1_0 
    where
        r1_0.booking_id=?
Hibernate: 
    select
        u1_0.id,
        u1_0.active,
        u1_0.created_at,
        u1_0.email,
        u1_0.first_name,
        u1_0.last_name,
        u1_0.password,
        u1_0.phone_number,
        u1_0.role,
        u1_0.updated_at,
        u1_0.verified 
    from
        users u1_0 
    where
        u1_0.id=?
Hibernate: 
    select
        tp1_0.id,
        tp1_0.average_rating,
        tp1_0.bio,
        tp1_0.created_at,
        tp1_0.hourly_rate,
        tp1_0.status,
        tp1_0.subject,
        tp1_0.total_sessions,
        tp1_0.updated_at,
        tp1_0.user_id,
        tp1_0.years_of_experience 
    from
        tutor_profiles tp1_0 
    where
        tp1_0.user_id=?
Hibernate: 
    select
        u1_0.id,
        u1_0.active,
        u1_0.created_at,
        u1_0.email,
        u1_0.first_name,
        u1_0.last_name,
        u1_0.password,
        u1_0.phone_number,
        u1_0.role,
        u1_0.updated_at,
        u1_0.verified 
    from
        users u1_0 
    where
        u1_0.id=?
Hibernate: 
    select
        tp1_0.id,
        tp1_0.average_rating,
        tp1_0.bio,
        tp1_0.created_at,
        tp1_0.hourly_rate,
        tp1_0.status,
        tp1_0.subject,
        tp1_0.total_sessions,
        tp1_0.updated_at,
        tp1_0.user_id,
        tp1_0.years_of_experience 
    from
        tutor_profiles tp1_0 
    where
        tp1_0.user_id=?
Hibernate: 
    select
        s1_0.tutor_id,
        s1_0.subject_name 
    from
        tutor_subjects s1_0 
    where
        s1_0.tutor_id=?
Hibernate: 
    select
        s1_0.id,
        s1_0.created_at,
        s1_0.description,
        s1_0.end_time,
        s1_0.enrolled_students,
        s1_0.max_students,
        s1_0.price,
        s1_0.start_time,
        s1_0.status,
        s1_0.subject,
        s1_0.title,
        s1_0.tutor_id,
        s1_0.type,
        s1_0.updated_at 
    from
        sessions s1_0 
    where
        s1_0.id=?
2026-05-03T15:49:25.445+05:30 DEBUG 75622 --- [peer-tutoring-backend] [nio-8080-exec-1] o.s.security.web.FilterChainProxy        : Securing GET /api/tutor/profile
2026-05-03T15:49:25.445+05:30 DEBUG 75622 --- [peer-tutoring-backend] [nio-8080-exec-1] c.t.security.JwtAuthenticationFilter     : JWT Token found: eyJhbGciOiJIUzM4NCJ9...
2026-05-03T15:49:25.446+05:30 DEBUG 75622 --- [peer-tutoring-backend] [nio-8080-exec-1] c.t.security.JwtAuthenticationFilter     : JWT valid, email: tutor1@example.com
Hibernate: 
    select
        u1_0.id,
        u1_0.active,
        u1_0.created_at,
        u1_0.email,
        u1_0.first_name,
        u1_0.last_name,
        u1_0.password,
        u1_0.phone_number,
        u1_0.role,
        u1_0.updated_at,
        u1_0.verified 
    from
        users u1_0 
    where
        u1_0.email=?
Hibernate: 
    select
        tp1_0.id,
        tp1_0.average_rating,
        tp1_0.bio,
        tp1_0.created_at,
        tp1_0.hourly_rate,
        tp1_0.status,
        tp1_0.subject,
        tp1_0.total_sessions,
        tp1_0.updated_at,
        tp1_0.user_id,
        tp1_0.years_of_experience 
    from
        tutor_profiles tp1_0 
    where
        tp1_0.user_id=?
2026-05-03T15:49:25.448+05:30 DEBUG 75622 --- [peer-tutoring-backend] [nio-8080-exec-1] c.t.security.JwtAuthenticationFilter     : Authentication set for user: tutor1@example.com
2026-05-03T15:49:25.449+05:30 DEBUG 75622 --- [peer-tutoring-backend] [nio-8080-exec-1] o.s.security.web.FilterChainProxy        : Secured GET /api/tutor/profile
2026-05-03T15:49:25.449+05:30 DEBUG 75622 --- [peer-tutoring-backend] [nio-8080-exec-1] horizationManagerBeforeMethodInterceptor : Authorizing method invocation ReflectiveMethodInvocation: public org.springframework.http.ResponseEntity com.tutoring.controller.TutorController.getMyProfile(com.tutoring.security.UserDetailsImpl); target is of class [com.tutoring.controller.TutorController]
2026-05-03T15:49:25.449+05:30 DEBUG 75622 --- [peer-tutoring-backend] [nio-8080-exec-1] horizationManagerBeforeMethodInterceptor : Authorized method invocation ReflectiveMethodInvocation: public org.springframework.http.ResponseEntity com.tutoring.controller.TutorController.getMyProfile(com.tutoring.security.UserDetailsImpl); target is of class [com.tutoring.controller.TutorController]
Hibernate: 
    select
        tp1_0.id,
        tp1_0.average_rating,
        tp1_0.bio,
        tp1_0.created_at,
        tp1_0.hourly_rate,
        tp1_0.status,
        tp1_0.subject,
        tp1_0.total_sessions,
        tp1_0.updated_at,
        tp1_0.user_id,
        tp1_0.years_of_experience 
    from
        tutor_profiles tp1_0 
    where
        tp1_0.user_id=?
Hibernate: 
    select
        u1_0.id,
        u1_0.active,
        u1_0.created_at,
        u1_0.email,
        u1_0.first_name,
        u1_0.last_name,
        u1_0.password,
        u1_0.phone_number,
        u1_0.role,
        u1_0.updated_at,
        u1_0.verified 
    from
        users u1_0 
    where
        u1_0.id=?
Hibernate: 
    select
        tp1_0.id,
        tp1_0.average_rating,
        tp1_0.bio,
        tp1_0.created_at,
        tp1_0.hourly_rate,
        tp1_0.status,
        tp1_0.subject,
        tp1_0.total_sessions,
        tp1_0.updated_at,
        tp1_0.user_id,
        tp1_0.years_of_experience 
    from
        tutor_profiles tp1_0 
    where
        tp1_0.user_id=?
Hibernate: 
    select
        s1_0.tutor_id,
        s1_0.subject_name 
    from
        tutor_subjects s1_0 
    where
        s1_0.tutor_id=?
2026-05-03T15:49:31.887+05:30 DEBUG 75622 --- [peer-tutoring-backend] [nio-8080-exec-4] o.s.security.web.FilterChainProxy        : Securing GET /api/sessions/available
2026-05-03T15:49:31.888+05:30 DEBUG 75622 --- [peer-tutoring-backend] [nio-8080-exec-4] o.s.s.w.a.AnonymousAuthenticationFilter  : Set SecurityContextHolder to anonymous SecurityContext
2026-05-03T15:49:31.889+05:30 DEBUG 75622 --- [peer-tutoring-backend] [nio-8080-exec-4] o.s.security.web.FilterChainProxy        : Secured GET /api/sessions/available
Hibernate: 
    select
        s1_0.id,
        s1_0.created_at,
        s1_0.description,
        s1_0.end_time,
        s1_0.enrolled_students,
        s1_0.max_students,
        s1_0.price,
        s1_0.start_time,
        s1_0.status,
        s1_0.subject,
        s1_0.title,
        s1_0.tutor_id,
        s1_0.type,
        s1_0.updated_at 
    from
        sessions s1_0 
    where
        s1_0.status=?
Hibernate: 
    select
        u1_0.id,
        u1_0.active,
        u1_0.created_at,
        u1_0.email,
        u1_0.first_name,
        u1_0.last_name,
        u1_0.password,
        u1_0.phone_number,
        u1_0.role,
        u1_0.updated_at,
        u1_0.verified 
    from
        users u1_0 
    where
        u1_0.id=?
2026-05-03T15:49:31.892+05:30 DEBUG 75622 --- [peer-tutoring-backend] [nio-8080-exec-5] o.s.security.web.FilterChainProxy        : Securing GET /favicon.ico
Hibernate: 
    select
        tp1_0.id,
        tp1_0.average_rating,
        tp1_0.bio,
        tp1_0.created_at,
        tp1_0.hourly_rate,
        tp1_0.status,
        tp1_0.subject,
        tp1_0.total_sessions,
        tp1_0.updated_at,
        tp1_0.user_id,
        tp1_0.years_of_experience 
    from
        tutor_profiles tp1_0 
    where
        tp1_0.user_id=?
2026-05-03T15:49:31.893+05:30 DEBUG 75622 --- [peer-tutoring-backend] [nio-8080-exec-5] o.s.s.w.a.AnonymousAuthenticationFilter  : Set SecurityContextHolder to anonymous SecurityContext
Hibernate: 
    select
        u1_0.id,
        u1_0.active,
        u1_0.created_at,
        u1_0.email,
        u1_0.first_name,
        u1_0.last_name,
        u1_0.password,
        u1_0.phone_number,
        u1_0.role,
        u1_0.updated_at,
        u1_0.verified 
    from
        users u1_0 
    where
        u1_0.id=?
Hibernate: 
    select
        tp1_0.id,
        tp1_0.average_rating,
        tp1_0.bio,
        tp1_0.created_at,
        tp1_0.hourly_rate,
        tp1_0.status,
        tp1_0.subject,
        tp1_0.total_sessions,
        tp1_0.updated_at,
        tp1_0.user_id,
        tp1_0.years_of_experience 
    from
        tutor_profiles tp1_0 
    where
        tp1_0.user_id=?
Hibernate: 
    select
        u1_0.id,
        u1_0.active,
        u1_0.created_at,
        u1_0.email,
        u1_0.first_name,
        u1_0.last_name,
        u1_0.password,
        u1_0.phone_number,
        u1_0.role,
        u1_0.updated_at,
        u1_0.verified 
    from
        users u1_0 
    where
        u1_0.id=?
2026-05-03T15:49:31.894+05:30 DEBUG 75622 --- [peer-tutoring-backend] [nio-8080-exec-5] o.s.s.w.a.Http403ForbiddenEntryPoint     : Pre-authenticated entry point called. Rejecting access
Hibernate: 
    select
        tp1_0.id,
        tp1_0.average_rating,
        tp1_0.bio,
        tp1_0.created_at,
        tp1_0.hourly_rate,
        tp1_0.status,
        tp1_0.subject,
        tp1_0.total_sessions,
        tp1_0.updated_at,
        tp1_0.user_id,
        tp1_0.years_of_experience 
    from
        tutor_profiles tp1_0 
    where
        tp1_0.user_id=?
2026-05-03T15:49:31.894+05:30 DEBUG 75622 --- [peer-tutoring-backend] [nio-8080-exec-5] o.s.security.web.FilterChainProxy        : Securing GET /error
2026-05-03T15:49:31.895+05:30 DEBUG 75622 --- [peer-tutoring-backend] [nio-8080-exec-5] o.s.s.w.a.AnonymousAuthenticationFilter  : Set SecurityContextHolder to anonymous SecurityContext
2026-05-03T15:49:31.895+05:30 DEBUG 75622 --- [peer-tutoring-backend] [nio-8080-exec-5] o.s.s.w.a.Http403ForbiddenEntryPoint     : Pre-authenticated entry point called. Rejecting access
2026-05-03T15:49:31.902+05:30 DEBUG 75622 --- [peer-tutoring-backend] [nio-8080-exec-7] o.s.security.web.FilterChainProxy        : Securing GET /api/sessions/available
2026-05-03T15:49:31.902+05:30 DEBUG 75622 --- [peer-tutoring-backend] [nio-8080-exec-7] o.s.s.w.a.AnonymousAuthenticationFilter  : Set SecurityContextHolder to anonymous SecurityContext
2026-05-03T15:49:31.902+05:30 DEBUG 75622 --- [peer-tutoring-backend] [nio-8080-exec-7] o.s.security.web.FilterChainProxy        : Secured GET /api/sessions/available
Hibernate: 
    select
        s1_0.id,
        s1_0.created_at,
        s1_0.description,
        s1_0.end_time,
        s1_0.enrolled_students,
        s1_0.max_students,
        s1_0.price,
        s1_0.start_time,
        s1_0.status,
        s1_0.subject,
        s1_0.title,
        s1_0.tutor_id,
        s1_0.type,
        s1_0.updated_at 
    from
        sessions s1_0 
    where
        s1_0.status=?
Hibernate: 
    select
        u1_0.id,
        u1_0.active,
        u1_0.created_at,
        u1_0.email,
        u1_0.first_name,
        u1_0.last_name,
        u1_0.password,
        u1_0.phone_number,
        u1_0.role,
        u1_0.updated_at,
        u1_0.verified 
    from
        users u1_0 
    where
        u1_0.id=?
Hibernate: 
    select
        tp1_0.id,
        tp1_0.average_rating,
        tp1_0.bio,
        tp1_0.created_at,
        tp1_0.hourly_rate,
        tp1_0.status,
        tp1_0.subject,
        tp1_0.total_sessions,
        tp1_0.updated_at,
        tp1_0.user_id,
        tp1_0.years_of_experience 
    from
        tutor_profiles tp1_0 
    where
        tp1_0.user_id=?
Hibernate: 
    select
        u1_0.id,
        u1_0.active,
        u1_0.created_at,
        u1_0.email,
        u1_0.first_name,
        u1_0.last_name,
        u1_0.password,
        u1_0.phone_number,
        u1_0.role,
        u1_0.updated_at,
        u1_0.verified 
    from
        users u1_0 
    where
        u1_0.id=?
Hibernate: 
    select
        tp1_0.id,
        tp1_0.average_rating,
        tp1_0.bio,
        tp1_0.created_at,
        tp1_0.hourly_rate,
        tp1_0.status,
        tp1_0.subject,
        tp1_0.total_sessions,
        tp1_0.updated_at,
        tp1_0.user_id,
        tp1_0.years_of_experience 
    from
        tutor_profiles tp1_0 
    where
        tp1_0.user_id=?
Hibernate: 
    select
        u1_0.id,
        u1_0.active,
        u1_0.created_at,
        u1_0.email,
        u1_0.first_name,
        u1_0.last_name,
        u1_0.password,
        u1_0.phone_number,
        u1_0.role,
        u1_0.updated_at,
        u1_0.verified 
    from
        users u1_0 
    where
        u1_0.id=?
Hibernate: 
    select
        tp1_0.id,
        tp1_0.average_rating,
        tp1_0.bio,
        tp1_0.created_at,
        tp1_0.hourly_rate,
        tp1_0.status,
        tp1_0.subject,
        tp1_0.total_sessions,
        tp1_0.updated_at,
        tp1_0.user_id,
        tp1_0.years_of_experience 
    from
        tutor_profiles tp1_0 
    where
        tp1_0.user_id=?
2026-05-03T15:49:35.356+05:30 DEBUG 75622 --- [peer-tutoring-backend] [nio-8080-exec-3] o.s.security.web.FilterChainProxy        : Securing GET /favicon.ico
2026-05-03T15:49:35.357+05:30 DEBUG 75622 --- [peer-tutoring-backend] [nio-8080-exec-3] o.s.s.w.a.AnonymousAuthenticationFilter  : Set SecurityContextHolder to anonymous SecurityContext
2026-05-03T15:49:35.359+05:30 DEBUG 75622 --- [peer-tutoring-backend] [nio-8080-exec-3] o.s.s.w.a.Http403ForbiddenEntryPoint     : Pre-authenticated entry point called. Rejecting access
2026-05-03T15:49:35.360+05:30 DEBUG 75622 --- [peer-tutoring-backend] [nio-8080-exec-3] o.s.security.web.FilterChainProxy        : Securing GET /error
2026-05-03T15:49:35.363+05:30 DEBUG 75622 --- [peer-tutoring-backend] [nio-8080-exec-3] o.s.s.w.a.AnonymousAuthenticationFilter  : Set SecurityContextHolder to anonymous SecurityContext
2026-05-03T15:49:35.364+05:30 DEBUG 75622 --- [peer-tutoring-backend] [nio-8080-exec-3] o.s.s.w.a.Http403ForbiddenEntryPoint     : Pre-authenticated entry point called. Rejecting access
2026-05-03T15:49:40.281+05:30 DEBUG 75622 --- [peer-tutoring-backend] [nio-8080-exec-8] o.s.security.web.FilterChainProxy        : Securing POST /api/auth/login
2026-05-03T15:49:40.281+05:30 DEBUG 75622 --- [peer-tutoring-backend] [nio-8080-exec-8] o.s.s.w.a.AnonymousAuthenticationFilter  : Set SecurityContextHolder to anonymous SecurityContext
2026-05-03T15:49:40.281+05:30 DEBUG 75622 --- [peer-tutoring-backend] [nio-8080-exec-8] o.s.security.web.FilterChainProxy        : Secured POST /api/auth/login
Hibernate: 
    select
        u1_0.id,
        u1_0.active,
        u1_0.created_at,
        u1_0.email,
        u1_0.first_name,
        u1_0.last_name,
        u1_0.password,
        u1_0.phone_number,
        u1_0.role,
        u1_0.updated_at,
        u1_0.verified 
    from
        users u1_0 
    where
        u1_0.email=?
Hibernate: 
    select
        tp1_0.id,
        tp1_0.average_rating,
        tp1_0.bio,
        tp1_0.created_at,
        tp1_0.hourly_rate,
        tp1_0.status,
        tp1_0.subject,
        tp1_0.total_sessions,
        tp1_0.updated_at,
        tp1_0.user_id,
        tp1_0.years_of_experience 
    from
        tutor_profiles tp1_0 
    where
        tp1_0.user_id=?
2026-05-03T15:49:40.467+05:30 DEBUG 75622 --- [peer-tutoring-backend] [nio-8080-exec-8] o.s.s.a.dao.DaoAuthenticationProvider    : Authenticated user
2026-05-03T15:49:40.490+05:30 DEBUG 75622 --- [peer-tutoring-backend] [io-8080-exec-10] o.s.security.web.FilterChainProxy        : Securing GET /api/student/bookings
2026-05-03T15:49:40.490+05:30 DEBUG 75622 --- [peer-tutoring-backend] [nio-8080-exec-9] o.s.security.web.FilterChainProxy        : Securing GET /favicon.ico
2026-05-03T15:49:40.490+05:30 DEBUG 75622 --- [peer-tutoring-backend] [io-8080-exec-10] c.t.security.JwtAuthenticationFilter     : JWT Token found: eyJhbGciOiJIUzM4NCJ9...
2026-05-03T15:49:40.490+05:30 DEBUG 75622 --- [peer-tutoring-backend] [nio-8080-exec-9] o.s.s.w.a.AnonymousAuthenticationFilter  : Set SecurityContextHolder to anonymous SecurityContext
2026-05-03T15:49:40.495+05:30 DEBUG 75622 --- [peer-tutoring-backend] [io-8080-exec-10] c.t.security.JwtAuthenticationFilter     : JWT valid, email: student1@example.com
2026-05-03T15:49:40.495+05:30 DEBUG 75622 --- [peer-tutoring-backend] [nio-8080-exec-9] o.s.s.w.a.Http403ForbiddenEntryPoint     : Pre-authenticated entry point called. Rejecting access
2026-05-03T15:49:40.496+05:30 DEBUG 75622 --- [peer-tutoring-backend] [nio-8080-exec-9] o.s.security.web.FilterChainProxy        : Securing GET /error
2026-05-03T15:49:40.496+05:30 DEBUG 75622 --- [peer-tutoring-backend] [nio-8080-exec-9] o.s.s.w.a.AnonymousAuthenticationFilter  : Set SecurityContextHolder to anonymous SecurityContext
Hibernate: 
    select
        u1_0.id,
        u1_0.active,
        u1_0.created_at,
        u1_0.email,
        u1_0.first_name,
        u1_0.last_name,
        u1_0.password,
        u1_0.phone_number,
        u1_0.role,
        u1_0.updated_at,
        u1_0.verified 
    from
        users u1_0 
    where
        u1_0.email=?
2026-05-03T15:49:40.497+05:30 DEBUG 75622 --- [peer-tutoring-backend] [nio-8080-exec-9] o.s.s.w.a.Http403ForbiddenEntryPoint     : Pre-authenticated entry point called. Rejecting access
Hibernate: 
    select
        tp1_0.id,
        tp1_0.average_rating,
        tp1_0.bio,
        tp1_0.created_at,
        tp1_0.hourly_rate,
        tp1_0.status,
        tp1_0.subject,
        tp1_0.total_sessions,
        tp1_0.updated_at,
        tp1_0.user_id,
        tp1_0.years_of_experience 
    from
        tutor_profiles tp1_0 
    where
        tp1_0.user_id=?
2026-05-03T15:49:40.498+05:30 DEBUG 75622 --- [peer-tutoring-backend] [io-8080-exec-10] c.t.security.JwtAuthenticationFilter     : Authentication set for user: student1@example.com
2026-05-03T15:49:40.500+05:30 DEBUG 75622 --- [peer-tutoring-backend] [io-8080-exec-10] o.s.security.web.FilterChainProxy        : Secured GET /api/student/bookings
2026-05-03T15:49:40.503+05:30 DEBUG 75622 --- [peer-tutoring-backend] [io-8080-exec-10] horizationManagerBeforeMethodInterceptor : Authorizing method invocation ReflectiveMethodInvocation: public org.springframework.http.ResponseEntity com.tutoring.controller.BookingController.getStudentBookings(com.tutoring.security.UserDetailsImpl); target is of class [com.tutoring.controller.BookingController]
2026-05-03T15:49:40.508+05:30 DEBUG 75622 --- [peer-tutoring-backend] [io-8080-exec-10] horizationManagerBeforeMethodInterceptor : Authorized method invocation ReflectiveMethodInvocation: public org.springframework.http.ResponseEntity com.tutoring.controller.BookingController.getStudentBookings(com.tutoring.security.UserDetailsImpl); target is of class [com.tutoring.controller.BookingController]
Hibernate: 
    select
        b1_0.id,
        b1_0.amount,
        b1_0.cancelled_at,
        b1_0.completed_at,
        b1_0.confirmed_at,
        b1_0.created_at,
        b1_0.notes,
        b1_0.payment_status,
        b1_0.session_id,
        b1_0.status,
        b1_0.student_id,
        b1_0.updated_at 
    from
        bookings b1_0 
    where
        b1_0.student_id=?
Hibernate: 
    select
        r1_0.id,
        r1_0.booking_id,
        r1_0.created_at,
        r1_0.rating,
        r1_0.review,
        r1_0.student_id,
        r1_0.tutor_id,
        r1_0.visible 
    from
        ratings r1_0 
    where
        r1_0.booking_id=?
Hibernate: 
    select
        r1_0.id,
        r1_0.booking_id,
        r1_0.created_at,
        r1_0.rating,
        r1_0.review,
        r1_0.student_id,
        r1_0.tutor_id,
        r1_0.visible 
    from
        ratings r1_0 
    where
        r1_0.booking_id=?
Hibernate: 
    select
        u1_0.id,
        u1_0.active,
        u1_0.created_at,
        u1_0.email,
        u1_0.first_name,
        u1_0.last_name,
        u1_0.password,
        u1_0.phone_number,
        u1_0.role,
        u1_0.updated_at,
        u1_0.verified 
    from
        users u1_0 
    where
        u1_0.id=?
Hibernate: 
    select
        tp1_0.id,
        tp1_0.average_rating,
        tp1_0.bio,
        tp1_0.created_at,
        tp1_0.hourly_rate,
        tp1_0.status,
        tp1_0.subject,
        tp1_0.total_sessions,
        tp1_0.updated_at,
        tp1_0.user_id,
        tp1_0.years_of_experience 
    from
        tutor_profiles tp1_0 
    where
        tp1_0.user_id=?
Hibernate: 
    select
        s1_0.id,
        s1_0.created_at,
        s1_0.description,
        s1_0.end_time,
        s1_0.enrolled_students,
        s1_0.max_students,
        s1_0.price,
        s1_0.start_time,
        s1_0.status,
        s1_0.subject,
        s1_0.title,
        s1_0.tutor_id,
        s1_0.type,
        s1_0.updated_at 
    from
        sessions s1_0 
    where
        s1_0.id=?
Hibernate: 
    select
        s1_0.id,
        s1_0.created_at,
        s1_0.description,
        s1_0.end_time,
        s1_0.enrolled_students,
        s1_0.max_students,
        s1_0.price,
        s1_0.start_time,
        s1_0.status,
        s1_0.subject,
        s1_0.title,
        s1_0.tutor_id,
        s1_0.type,
        s1_0.updated_at 
    from
        sessions s1_0 
    where
        s1_0.id=?
2026-05-03T15:49:40.527+05:30 DEBUG 75622 --- [peer-tutoring-backend] [nio-8080-exec-2] o.s.security.web.FilterChainProxy        : Securing GET /api/student/bookings
2026-05-03T15:49:40.528+05:30 DEBUG 75622 --- [peer-tutoring-backend] [nio-8080-exec-2] c.t.security.JwtAuthenticationFilter     : JWT Token found: eyJhbGciOiJIUzM4NCJ9...
2026-05-03T15:49:40.529+05:30 DEBUG 75622 --- [peer-tutoring-backend] [nio-8080-exec-2] c.t.security.JwtAuthenticationFilter     : JWT valid, email: student1@example.com
2026-05-03T15:49:40.529+05:30 DEBUG 75622 --- [peer-tutoring-backend] [nio-8080-exec-6] o.s.security.web.FilterChainProxy        : Securing GET /api/sessions/available
2026-05-03T15:49:40.529+05:30 DEBUG 75622 --- [peer-tutoring-backend] [nio-8080-exec-6] c.t.security.JwtAuthenticationFilter     : JWT Token found: eyJhbGciOiJIUzM4NCJ9...
2026-05-03T15:49:40.530+05:30 DEBUG 75622 --- [peer-tutoring-backend] [nio-8080-exec-6] c.t.security.JwtAuthenticationFilter     : JWT valid, email: student1@example.com
Hibernate: 
    select
        u1_0.id,
        u1_0.active,
        u1_0.created_at,
        u1_0.email,
        u1_0.first_name,
        u1_0.last_name,
        u1_0.password,
        u1_0.phone_number,
        u1_0.role,
        u1_0.updated_at,
        u1_0.verified 
    from
        users u1_0 
    where
        u1_0.email=?
Hibernate: 
    select
        tp1_0.id,
        tp1_0.average_rating,
        tp1_0.bio,
        tp1_0.created_at,
        tp1_0.hourly_rate,
        tp1_0.status,
        tp1_0.subject,
        tp1_0.total_sessions,
        tp1_0.updated_at,
        tp1_0.user_id,
        tp1_0.years_of_experience 
    from
        tutor_profiles tp1_0 
    where
        tp1_0.user_id=?
Hibernate: 
    select
        u1_0.id,
        u1_0.active,
        u1_0.created_at,
        u1_0.email,
        u1_0.first_name,
        u1_0.last_name,
        u1_0.password,
        u1_0.phone_number,
        u1_0.role,
        u1_0.updated_at,
        u1_0.verified 
    from
        users u1_0 
    where
        u1_0.email=?
2026-05-03T15:49:40.531+05:30 DEBUG 75622 --- [peer-tutoring-backend] [nio-8080-exec-2] c.t.security.JwtAuthenticationFilter     : Authentication set for user: student1@example.com
Hibernate: 
    select
        tp1_0.id,
        tp1_0.average_rating,
        tp1_0.bio,
        tp1_0.created_at,
        tp1_0.hourly_rate,
        tp1_0.status,
        tp1_0.subject,
        tp1_0.total_sessions,
        tp1_0.updated_at,
        tp1_0.user_id,
        tp1_0.years_of_experience 
    from
        tutor_profiles tp1_0 
    where
        tp1_0.user_id=?
2026-05-03T15:49:40.532+05:30 DEBUG 75622 --- [peer-tutoring-backend] [nio-8080-exec-2] o.s.security.web.FilterChainProxy        : Secured GET /api/student/bookings
2026-05-03T15:49:40.532+05:30 DEBUG 75622 --- [peer-tutoring-backend] [nio-8080-exec-6] c.t.security.JwtAuthenticationFilter     : Authentication set for user: student1@example.com
2026-05-03T15:49:40.532+05:30 DEBUG 75622 --- [peer-tutoring-backend] [nio-8080-exec-6] o.s.security.web.FilterChainProxy        : Secured GET /api/sessions/available
2026-05-03T15:49:40.532+05:30 DEBUG 75622 --- [peer-tutoring-backend] [nio-8080-exec-2] horizationManagerBeforeMethodInterceptor : Authorizing method invocation ReflectiveMethodInvocation: public org.springframework.http.ResponseEntity com.tutoring.controller.BookingController.getStudentBookings(com.tutoring.security.UserDetailsImpl); target is of class [com.tutoring.controller.BookingController]
2026-05-03T15:49:40.532+05:30 DEBUG 75622 --- [peer-tutoring-backend] [nio-8080-exec-2] horizationManagerBeforeMethodInterceptor : Authorized method invocation ReflectiveMethodInvocation: public org.springframework.http.ResponseEntity com.tutoring.controller.BookingController.getStudentBookings(com.tutoring.security.UserDetailsImpl); target is of class [com.tutoring.controller.BookingController]
Hibernate: 
    select
        s1_0.id,
        s1_0.created_at,
        s1_0.description,
        s1_0.end_time,
        s1_0.enrolled_students,
        s1_0.max_students,
        s1_0.price,
        s1_0.start_time,
        s1_0.status,
        s1_0.subject,
        s1_0.title,
        s1_0.tutor_id,
        s1_0.type,
        s1_0.updated_at 
    from
        sessions s1_0 
    where
        s1_0.status=?
Hibernate: 
    select
        b1_0.id,
        b1_0.amount,
        b1_0.cancelled_at,
        b1_0.completed_at,
        b1_0.confirmed_at,
        b1_0.created_at,
        b1_0.notes,
        b1_0.payment_status,
        b1_0.session_id,
        b1_0.status,
        b1_0.student_id,
        b1_0.updated_at 
    from
        bookings b1_0 
    where
        b1_0.student_id=?
Hibernate: 
    select
        r1_0.id,
        r1_0.booking_id,
        r1_0.created_at,
        r1_0.rating,
        r1_0.review,
        r1_0.student_id,
        r1_0.tutor_id,
        r1_0.visible 
    from
        ratings r1_0 
    where
        r1_0.booking_id=?
Hibernate: 
    select
        r1_0.id,
        r1_0.booking_id,
        r1_0.created_at,
        r1_0.rating,
        r1_0.review,
        r1_0.student_id,
        r1_0.tutor_id,
        r1_0.visible 
    from
        ratings r1_0 
    where
        r1_0.booking_id=?
Hibernate: 
    select
        u1_0.id,
        u1_0.active,
        u1_0.created_at,
        u1_0.email,
        u1_0.first_name,
        u1_0.last_name,
        u1_0.password,
        u1_0.phone_number,
        u1_0.role,
        u1_0.updated_at,
        u1_0.verified 
    from
        users u1_0 
    where
        u1_0.id=?
Hibernate: 
    select
        tp1_0.id,
        tp1_0.average_rating,
        tp1_0.bio,
        tp1_0.created_at,
        tp1_0.hourly_rate,
        tp1_0.status,
        tp1_0.subject,
        tp1_0.total_sessions,
        tp1_0.updated_at,
        tp1_0.user_id,
        tp1_0.years_of_experience 
    from
        tutor_profiles tp1_0 
    where
        tp1_0.user_id=?
Hibernate: 
    select
        u1_0.id,
        u1_0.active,
        u1_0.created_at,
        u1_0.email,
        u1_0.first_name,
        u1_0.last_name,
        u1_0.password,
        u1_0.phone_number,
        u1_0.role,
        u1_0.updated_at,
        u1_0.verified 
    from
        users u1_0 
    where
        u1_0.id=?
Hibernate: 
    select
        tp1_0.id,
        tp1_0.average_rating,
        tp1_0.bio,
        tp1_0.created_at,
        tp1_0.hourly_rate,
        tp1_0.status,
        tp1_0.subject,
        tp1_0.total_sessions,
        tp1_0.updated_at,
        tp1_0.user_id,
        tp1_0.years_of_experience 
    from
        tutor_profiles tp1_0 
    where
        tp1_0.user_id=?
Hibernate: 
    select
        u1_0.id,
        u1_0.active,
        u1_0.created_at,
        u1_0.email,
        u1_0.first_name,
        u1_0.last_name,
        u1_0.password,
        u1_0.phone_number,
        u1_0.role,
        u1_0.updated_at,
        u1_0.verified 
    from
        users u1_0 
    where
        u1_0.id=?
Hibernate: 
    select
        s1_0.id,
        s1_0.created_at,
        s1_0.description,
        s1_0.end_time,
        s1_0.enrolled_students,
        s1_0.max_students,
        s1_0.price,
        s1_0.start_time,
        s1_0.status,
        s1_0.subject,
        s1_0.title,
        s1_0.tutor_id,
        s1_0.type,
        s1_0.updated_at 
    from
        sessions s1_0 
    where
        s1_0.id=?
Hibernate: 
    select
        s1_0.id,
        s1_0.created_at,
        s1_0.description,
        s1_0.end_time,
        s1_0.enrolled_students,
        s1_0.max_students,
        s1_0.price,
        s1_0.start_time,
        s1_0.status,
        s1_0.subject,
        s1_0.title,
        s1_0.tutor_id,
        s1_0.type,
        s1_0.updated_at 
    from
        sessions s1_0 
    where
        s1_0.id=?
Hibernate: 
    select
        tp1_0.id,
        tp1_0.average_rating,
        tp1_0.bio,
        tp1_0.created_at,
        tp1_0.hourly_rate,
        tp1_0.status,
        tp1_0.subject,
        tp1_0.total_sessions,
        tp1_0.updated_at,
        tp1_0.user_id,
        tp1_0.years_of_experience 
    from
        tutor_profiles tp1_0 
    where
        tp1_0.user_id=?
Hibernate: 
    select
        u1_0.id,
        u1_0.active,
        u1_0.created_at,
        u1_0.email,
        u1_0.first_name,
        u1_0.last_name,
        u1_0.password,
        u1_0.phone_number,
        u1_0.role,
        u1_0.updated_at,
        u1_0.verified 
    from
        users u1_0 
    where
        u1_0.id=?
Hibernate: 
    select
        tp1_0.id,
        tp1_0.average_rating,
        tp1_0.bio,
        tp1_0.created_at,
        tp1_0.hourly_rate,
        tp1_0.status,
        tp1_0.subject,
        tp1_0.total_sessions,
        tp1_0.updated_at,
        tp1_0.user_id,
        tp1_0.years_of_experience 
    from
        tutor_profiles tp1_0 
    where
        tp1_0.user_id=?
2026-05-03T15:49:40.543+05:30 DEBUG 75622 --- [peer-tutoring-backend] [nio-8080-exec-1] o.s.security.web.FilterChainProxy        : Securing GET /api/sessions/available
2026-05-03T15:49:40.543+05:30 DEBUG 75622 --- [peer-tutoring-backend] [nio-8080-exec-1] c.t.security.JwtAuthenticationFilter     : JWT Token found: eyJhbGciOiJIUzM4NCJ9...
2026-05-03T15:49:40.544+05:30 DEBUG 75622 --- [peer-tutoring-backend] [nio-8080-exec-1] c.t.security.JwtAuthenticationFilter     : JWT valid, email: student1@example.com
Hibernate: 
    select
        u1_0.id,
        u1_0.active,
        u1_0.created_at,
        u1_0.email,
        u1_0.first_name,
        u1_0.last_name,
        u1_0.password,
        u1_0.phone_number,
        u1_0.role,
        u1_0.updated_at,
        u1_0.verified 
    from
        users u1_0 
    where
        u1_0.email=?
Hibernate: 
    select
        tp1_0.id,
        tp1_0.average_rating,
        tp1_0.bio,
        tp1_0.created_at,
        tp1_0.hourly_rate,
        tp1_0.status,
        tp1_0.subject,
        tp1_0.total_sessions,
        tp1_0.updated_at,
        tp1_0.user_id,
        tp1_0.years_of_experience 
    from
        tutor_profiles tp1_0 
    where
        tp1_0.user_id=?
2026-05-03T15:49:40.546+05:30 DEBUG 75622 --- [peer-tutoring-backend] [nio-8080-exec-1] c.t.security.JwtAuthenticationFilter     : Authentication set for user: student1@example.com
2026-05-03T15:49:40.547+05:30 DEBUG 75622 --- [peer-tutoring-backend] [nio-8080-exec-1] o.s.security.web.FilterChainProxy        : Secured GET /api/sessions/available
Hibernate: 
    select
        s1_0.id,
        s1_0.created_at,
        s1_0.description,
        s1_0.end_time,
        s1_0.enrolled_students,
        s1_0.max_students,
        s1_0.price,
        s1_0.start_time,
        s1_0.status,
        s1_0.subject,
        s1_0.title,
        s1_0.tutor_id,
        s1_0.type,
        s1_0.updated_at 
    from
        sessions s1_0 
    where
        s1_0.status=?
Hibernate: 
    select
        u1_0.id,
        u1_0.active,
        u1_0.created_at,
        u1_0.email,
        u1_0.first_name,
        u1_0.last_name,
        u1_0.password,
        u1_0.phone_number,
        u1_0.role,
        u1_0.updated_at,
        u1_0.verified 
    from
        users u1_0 
    where
        u1_0.id=?
Hibernate: 
    select
        tp1_0.id,
        tp1_0.average_rating,
        tp1_0.bio,
        tp1_0.created_at,
        tp1_0.hourly_rate,
        tp1_0.status,
        tp1_0.subject,
        tp1_0.total_sessions,
        tp1_0.updated_at,
        tp1_0.user_id,
        tp1_0.years_of_experience 
    from
        tutor_profiles tp1_0 
    where
        tp1_0.user_id=?
Hibernate: 
    select
        u1_0.id,
        u1_0.active,
        u1_0.created_at,
        u1_0.email,
        u1_0.first_name,
        u1_0.last_name,
        u1_0.password,
        u1_0.phone_number,
        u1_0.role,
        u1_0.updated_at,
        u1_0.verified 
    from
        users u1_0 
    where
        u1_0.id=?
Hibernate: 
    select
        tp1_0.id,
        tp1_0.average_rating,
        tp1_0.bio,
        tp1_0.created_at,
        tp1_0.hourly_rate,
        tp1_0.status,
        tp1_0.subject,
        tp1_0.total_sessions,
        tp1_0.updated_at,
        tp1_0.user_id,
        tp1_0.years_of_experience 
    from
        tutor_profiles tp1_0 
    where
        tp1_0.user_id=?
Hibernate: 
    select
        u1_0.id,
        u1_0.active,
        u1_0.created_at,
        u1_0.email,
        u1_0.first_name,
        u1_0.last_name,
        u1_0.password,
        u1_0.phone_number,
        u1_0.role,
        u1_0.updated_at,
        u1_0.verified 
    from
        users u1_0 
    where
        u1_0.id=?
Hibernate: 
    select
        tp1_0.id,
        tp1_0.average_rating,
        tp1_0.bio,
        tp1_0.created_at,
        tp1_0.hourly_rate,
        tp1_0.status,
        tp1_0.subject,
        tp1_0.total_sessions,
        tp1_0.updated_at,
        tp1_0.user_id,
        tp1_0.years_of_experience 
    from
        tutor_profiles tp1_0 
    where
        tp1_0.user_id=?
2026-05-03T15:49:48.484+05:30 DEBUG 75622 --- [peer-tutoring-backend] [nio-8080-exec-5] o.s.security.web.FilterChainProxy        : Securing GET /api/sessions/available
2026-05-03T15:49:48.484+05:30 DEBUG 75622 --- [peer-tutoring-backend] [nio-8080-exec-4] o.s.security.web.FilterChainProxy        : Securing GET /favicon.ico
2026-05-03T15:49:48.490+05:30 DEBUG 75622 --- [peer-tutoring-backend] [nio-8080-exec-5] c.t.security.JwtAuthenticationFilter     : JWT Token found: eyJhbGciOiJIUzM4NCJ9...
2026-05-03T15:49:48.491+05:30 DEBUG 75622 --- [peer-tutoring-backend] [nio-8080-exec-4] o.s.s.w.a.AnonymousAuthenticationFilter  : Set SecurityContextHolder to anonymous SecurityContext
2026-05-03T15:49:48.492+05:30 DEBUG 75622 --- [peer-tutoring-backend] [nio-8080-exec-5] c.t.security.JwtAuthenticationFilter     : JWT valid, email: student1@example.com
Hibernate: 
    select
        u1_0.id,
        u1_0.active,
        u1_0.created_at,
        u1_0.email,
        u1_0.first_name,
        u1_0.last_name,
        u1_0.password,
        u1_0.phone_number,
        u1_0.role,
        u1_0.updated_at,
        u1_0.verified 
    from
        users u1_0 
    where
        u1_0.email=?
2026-05-03T15:49:48.495+05:30 DEBUG 75622 --- [peer-tutoring-backend] [nio-8080-exec-4] o.s.s.w.a.Http403ForbiddenEntryPoint     : Pre-authenticated entry point called. Rejecting access
Hibernate: 
    select
        tp1_0.id,
        tp1_0.average_rating,
        tp1_0.bio,
        tp1_0.created_at,
        tp1_0.hourly_rate,
        tp1_0.status,
        tp1_0.subject,
        tp1_0.total_sessions,
        tp1_0.updated_at,
        tp1_0.user_id,
        tp1_0.years_of_experience 
    from
        tutor_profiles tp1_0 
    where
        tp1_0.user_id=?
2026-05-03T15:49:48.496+05:30 DEBUG 75622 --- [peer-tutoring-backend] [nio-8080-exec-4] o.s.security.web.FilterChainProxy        : Securing GET /error
2026-05-03T15:49:48.498+05:30 DEBUG 75622 --- [peer-tutoring-backend] [nio-8080-exec-4] o.s.s.w.a.AnonymousAuthenticationFilter  : Set SecurityContextHolder to anonymous SecurityContext
2026-05-03T15:49:48.499+05:30 DEBUG 75622 --- [peer-tutoring-backend] [nio-8080-exec-4] o.s.s.w.a.Http403ForbiddenEntryPoint     : Pre-authenticated entry point called. Rejecting access
2026-05-03T15:49:48.500+05:30 DEBUG 75622 --- [peer-tutoring-backend] [nio-8080-exec-5] c.t.security.JwtAuthenticationFilter     : Authentication set for user: student1@example.com
2026-05-03T15:49:48.503+05:30 DEBUG 75622 --- [peer-tutoring-backend] [nio-8080-exec-5] o.s.security.web.FilterChainProxy        : Secured GET /api/sessions/available
Hibernate: 
    select
        s1_0.id,
        s1_0.created_at,
        s1_0.description,
        s1_0.end_time,
        s1_0.enrolled_students,
        s1_0.max_students,
        s1_0.price,
        s1_0.start_time,
        s1_0.status,
        s1_0.subject,
        s1_0.title,
        s1_0.tutor_id,
        s1_0.type,
        s1_0.updated_at 
    from
        sessions s1_0 
    where
        s1_0.status=?
Hibernate: 
    select
        u1_0.id,
        u1_0.active,
        u1_0.created_at,
        u1_0.email,
        u1_0.first_name,
        u1_0.last_name,
        u1_0.password,
        u1_0.phone_number,
        u1_0.role,
        u1_0.updated_at,
        u1_0.verified 
    from
        users u1_0 
    where
        u1_0.id=?
Hibernate: 
    select
        tp1_0.id,
        tp1_0.average_rating,
        tp1_0.bio,
        tp1_0.created_at,
        tp1_0.hourly_rate,
        tp1_0.status,
        tp1_0.subject,
        tp1_0.total_sessions,
        tp1_0.updated_at,
        tp1_0.user_id,
        tp1_0.years_of_experience 
    from
        tutor_profiles tp1_0 
    where
        tp1_0.user_id=?
Hibernate: 
    select
        u1_0.id,
        u1_0.active,
        u1_0.created_at,
        u1_0.email,
        u1_0.first_name,
        u1_0.last_name,
        u1_0.password,
        u1_0.phone_number,
        u1_0.role,
        u1_0.updated_at,
        u1_0.verified 
    from
        users u1_0 
    where
        u1_0.id=?
Hibernate: 
    select
        tp1_0.id,
        tp1_0.average_rating,
        tp1_0.bio,
        tp1_0.created_at,
        tp1_0.hourly_rate,
        tp1_0.status,
        tp1_0.subject,
        tp1_0.total_sessions,
        tp1_0.updated_at,
        tp1_0.user_id,
        tp1_0.years_of_experience 
    from
        tutor_profiles tp1_0 
    where
        tp1_0.user_id=?
Hibernate: 
    select
        u1_0.id,
        u1_0.active,
        u1_0.created_at,
        u1_0.email,
        u1_0.first_name,
        u1_0.last_name,
        u1_0.password,
        u1_0.phone_number,
        u1_0.role,
        u1_0.updated_at,
        u1_0.verified 
    from
        users u1_0 
    where
        u1_0.id=?
Hibernate: 
    select
        tp1_0.id,
        tp1_0.average_rating,
        tp1_0.bio,
        tp1_0.created_at,
        tp1_0.hourly_rate,
        tp1_0.status,
        tp1_0.subject,
        tp1_0.total_sessions,
        tp1_0.updated_at,
        tp1_0.user_id,
        tp1_0.years_of_experience 
    from
        tutor_profiles tp1_0 
    where
        tp1_0.user_id=?
2026-05-03T15:49:48.515+05:30 DEBUG 75622 --- [peer-tutoring-backend] [nio-8080-exec-7] o.s.security.web.FilterChainProxy        : Securing GET /api/sessions/available
2026-05-03T15:49:48.516+05:30 DEBUG 75622 --- [peer-tutoring-backend] [nio-8080-exec-7] c.t.security.JwtAuthenticationFilter     : JWT Token found: eyJhbGciOiJIUzM4NCJ9...
2026-05-03T15:49:48.516+05:30 DEBUG 75622 --- [peer-tutoring-backend] [nio-8080-exec-7] c.t.security.JwtAuthenticationFilter     : JWT valid, email: student1@example.com
Hibernate: 
    select
        u1_0.id,
        u1_0.active,
        u1_0.created_at,
        u1_0.email,
        u1_0.first_name,
        u1_0.last_name,
        u1_0.password,
        u1_0.phone_number,
        u1_0.role,
        u1_0.updated_at,
        u1_0.verified 
    from
        users u1_0 
    where
        u1_0.email=?
Hibernate: 
    select
        tp1_0.id,
        tp1_0.average_rating,
        tp1_0.bio,
        tp1_0.created_at,
        tp1_0.hourly_rate,
        tp1_0.status,
        tp1_0.subject,
        tp1_0.total_sessions,
        tp1_0.updated_at,
        tp1_0.user_id,
        tp1_0.years_of_experience 
    from
        tutor_profiles tp1_0 
    where
        tp1_0.user_id=?
2026-05-03T15:49:48.518+05:30 DEBUG 75622 --- [peer-tutoring-backend] [nio-8080-exec-7] c.t.security.JwtAuthenticationFilter     : Authentication set for user: student1@example.com
2026-05-03T15:49:48.518+05:30 DEBUG 75622 --- [peer-tutoring-backend] [nio-8080-exec-7] o.s.security.web.FilterChainProxy        : Secured GET /api/sessions/available
Hibernate: 
    select
        s1_0.id,
        s1_0.created_at,
        s1_0.description,
        s1_0.end_time,
        s1_0.enrolled_students,
        s1_0.max_students,
        s1_0.price,
        s1_0.start_time,
        s1_0.status,
        s1_0.subject,
        s1_0.title,
        s1_0.tutor_id,
        s1_0.type,
        s1_0.updated_at 
    from
        sessions s1_0 
    where
        s1_0.status=?
Hibernate: 
    select
        u1_0.id,
        u1_0.active,
        u1_0.created_at,
        u1_0.email,
        u1_0.first_name,
        u1_0.last_name,
        u1_0.password,
        u1_0.phone_number,
        u1_0.role,
        u1_0.updated_at,
        u1_0.verified 
    from
        users u1_0 
    where
        u1_0.id=?
Hibernate: 
    select
        tp1_0.id,
        tp1_0.average_rating,
        tp1_0.bio,
        tp1_0.created_at,
        tp1_0.hourly_rate,
        tp1_0.status,
        tp1_0.subject,
        tp1_0.total_sessions,
        tp1_0.updated_at,
        tp1_0.user_id,
        tp1_0.years_of_experience 
    from
        tutor_profiles tp1_0 
    where
        tp1_0.user_id=?
Hibernate: 
    select
        u1_0.id,
        u1_0.active,
        u1_0.created_at,
        u1_0.email,
        u1_0.first_name,
        u1_0.last_name,
        u1_0.password,
        u1_0.phone_number,
        u1_0.role,
        u1_0.updated_at,
        u1_0.verified 
    from
        users u1_0 
    where
        u1_0.id=?
Hibernate: 
    select
        tp1_0.id,
        tp1_0.average_rating,
        tp1_0.bio,
        tp1_0.created_at,
        tp1_0.hourly_rate,
        tp1_0.status,
        tp1_0.subject,
        tp1_0.total_sessions,
        tp1_0.updated_at,
        tp1_0.user_id,
        tp1_0.years_of_experience 
    from
        tutor_profiles tp1_0 
    where
        tp1_0.user_id=?
Hibernate: 
    select
        u1_0.id,
        u1_0.active,
        u1_0.created_at,
        u1_0.email,
        u1_0.first_name,
        u1_0.last_name,
        u1_0.password,
        u1_0.phone_number,
        u1_0.role,
        u1_0.updated_at,
        u1_0.verified 
    from
        users u1_0 
    where
        u1_0.id=?
Hibernate: 
    select
        tp1_0.id,
        tp1_0.average_rating,
        tp1_0.bio,
        tp1_0.created_at,
        tp1_0.hourly_rate,
        tp1_0.status,
        tp1_0.subject,
        tp1_0.total_sessions,
        tp1_0.updated_at,
        tp1_0.user_id,
        tp1_0.years_of_experience 
    from
        tutor_profiles tp1_0 
    where
        tp1_0.user_id=?
2026-05-03T15:49:56.717+05:30 DEBUG 75622 --- [peer-tutoring-backend] [nio-8080-exec-3] o.s.security.web.FilterChainProxy        : Securing POST /api/student/bookings
2026-05-03T15:49:56.718+05:30 DEBUG 75622 --- [peer-tutoring-backend] [nio-8080-exec-3] c.t.security.JwtAuthenticationFilter     : JWT Token found: eyJhbGciOiJIUzM4NCJ9...
2026-05-03T15:49:56.720+05:30 DEBUG 75622 --- [peer-tutoring-backend] [nio-8080-exec-3] c.t.security.JwtAuthenticationFilter     : JWT valid, email: student1@example.com
Hibernate: 
    select
        u1_0.id,
        u1_0.active,
        u1_0.created_at,
        u1_0.email,
        u1_0.first_name,
        u1_0.last_name,
        u1_0.password,
        u1_0.phone_number,
        u1_0.role,
        u1_0.updated_at,
        u1_0.verified 
    from
        users u1_0 
    where
        u1_0.email=?
Hibernate: 
    select
        tp1_0.id,
        tp1_0.average_rating,
        tp1_0.bio,
        tp1_0.created_at,
        tp1_0.hourly_rate,
        tp1_0.status,
        tp1_0.subject,
        tp1_0.total_sessions,
        tp1_0.updated_at,
        tp1_0.user_id,
        tp1_0.years_of_experience 
    from
        tutor_profiles tp1_0 
    where
        tp1_0.user_id=?
2026-05-03T15:49:56.728+05:30 DEBUG 75622 --- [peer-tutoring-backend] [nio-8080-exec-3] c.t.security.JwtAuthenticationFilter     : Authentication set for user: student1@example.com
2026-05-03T15:49:56.729+05:30 DEBUG 75622 --- [peer-tutoring-backend] [nio-8080-exec-3] o.s.security.web.FilterChainProxy        : Secured POST /api/student/bookings
2026-05-03T15:49:56.750+05:30 DEBUG 75622 --- [peer-tutoring-backend] [nio-8080-exec-3] horizationManagerBeforeMethodInterceptor : Authorizing method invocation ReflectiveMethodInvocation: public org.springframework.http.ResponseEntity com.tutoring.controller.BookingController.createBooking(com.tutoring.security.UserDetailsImpl,com.tutoring.dto.BookingRequest); target is of class [com.tutoring.controller.BookingController]
2026-05-03T15:49:56.751+05:30 DEBUG 75622 --- [peer-tutoring-backend] [nio-8080-exec-3] horizationManagerBeforeMethodInterceptor : Authorized method invocation ReflectiveMethodInvocation: public org.springframework.http.ResponseEntity com.tutoring.controller.BookingController.createBooking(com.tutoring.security.UserDetailsImpl,com.tutoring.dto.BookingRequest); target is of class [com.tutoring.controller.BookingController]
Hibernate: 
    select
        u1_0.id,
        u1_0.active,
        u1_0.created_at,
        u1_0.email,
        u1_0.first_name,
        u1_0.last_name,
        u1_0.password,
        u1_0.phone_number,
        u1_0.role,
        u1_0.updated_at,
        u1_0.verified 
    from
        users u1_0 
    where
        u1_0.id=?
Hibernate: 
    select
        tp1_0.id,
        tp1_0.average_rating,
        tp1_0.bio,
        tp1_0.created_at,
        tp1_0.hourly_rate,
        tp1_0.status,
        tp1_0.subject,
        tp1_0.total_sessions,
        tp1_0.updated_at,
        tp1_0.user_id,
        tp1_0.years_of_experience 
    from
        tutor_profiles tp1_0 
    where
        tp1_0.user_id=?
Hibernate: 
    select
        s1_0.id,
        s1_0.created_at,
        s1_0.description,
        s1_0.end_time,
        s1_0.enrolled_students,
        s1_0.max_students,
        s1_0.price,
        s1_0.start_time,
        s1_0.status,
        s1_0.subject,
        s1_0.title,
        s1_0.tutor_id,
        s1_0.type,
        s1_0.updated_at 
    from
        sessions s1_0 
    where
        s1_0.id=?
Hibernate: 
    insert 
    into
        bookings
        (amount, cancelled_at, completed_at, confirmed_at, created_at, notes, payment_status, session_id, status, student_id, updated_at, id) 
    values
        (?, ?, ?, ?, ?, ?, ?, ?, ?, ?, ?, default)
2026-05-03T15:50:02.645+05:30 DEBUG 75622 --- [peer-tutoring-backend] [nio-8080-exec-8] o.s.security.web.FilterChainProxy        : Securing GET /api/sessions/available
2026-05-03T15:50:02.645+05:30 DEBUG 75622 --- [peer-tutoring-backend] [nio-8080-exec-8] c.t.security.JwtAuthenticationFilter     : JWT Token found: eyJhbGciOiJIUzM4NCJ9...
2026-05-03T15:50:02.646+05:30 DEBUG 75622 --- [peer-tutoring-backend] [nio-8080-exec-8] c.t.security.JwtAuthenticationFilter     : JWT valid, email: student1@example.com
Hibernate: 
    select
        u1_0.id,
        u1_0.active,
        u1_0.created_at,
        u1_0.email,
        u1_0.first_name,
        u1_0.last_name,
        u1_0.password,
        u1_0.phone_number,
        u1_0.role,
        u1_0.updated_at,
        u1_0.verified 
    from
        users u1_0 
    where
        u1_0.email=?
Hibernate: 
    select
        tp1_0.id,
        tp1_0.average_rating,
        tp1_0.bio,
        tp1_0.created_at,
        tp1_0.hourly_rate,
        tp1_0.status,
        tp1_0.subject,
        tp1_0.total_sessions,
        tp1_0.updated_at,
        tp1_0.user_id,
        tp1_0.years_of_experience 
    from
        tutor_profiles tp1_0 
    where
        tp1_0.user_id=?
2026-05-03T15:50:02.649+05:30 DEBUG 75622 --- [peer-tutoring-backend] [nio-8080-exec-8] c.t.security.JwtAuthenticationFilter     : Authentication set for user: student1@example.com
2026-05-03T15:50:02.650+05:30 DEBUG 75622 --- [peer-tutoring-backend] [nio-8080-exec-8] o.s.security.web.FilterChainProxy        : Secured GET /api/sessions/available
Hibernate: 
    select
        s1_0.id,
        s1_0.created_at,
        s1_0.description,
        s1_0.end_time,
        s1_0.enrolled_students,
        s1_0.max_students,
        s1_0.price,
        s1_0.start_time,
        s1_0.status,
        s1_0.subject,
        s1_0.title,
        s1_0.tutor_id,
        s1_0.type,
        s1_0.updated_at 
    from
        sessions s1_0 
    where
        s1_0.status=?
Hibernate: 
    select
        u1_0.id,
        u1_0.active,
        u1_0.created_at,
        u1_0.email,
        u1_0.first_name,
        u1_0.last_name,
        u1_0.password,
        u1_0.phone_number,
        u1_0.role,
        u1_0.updated_at,
        u1_0.verified 
    from
        users u1_0 
    where
        u1_0.id=?
Hibernate: 
    select
        tp1_0.id,
        tp1_0.average_rating,
        tp1_0.bio,
        tp1_0.created_at,
        tp1_0.hourly_rate,
        tp1_0.status,
        tp1_0.subject,
        tp1_0.total_sessions,
        tp1_0.updated_at,
        tp1_0.user_id,
        tp1_0.years_of_experience 
    from
        tutor_profiles tp1_0 
    where
        tp1_0.user_id=?
Hibernate: 
    select
        u1_0.id,
        u1_0.active,
        u1_0.created_at,
        u1_0.email,
        u1_0.first_name,
        u1_0.last_name,
        u1_0.password,
        u1_0.phone_number,
        u1_0.role,
        u1_0.updated_at,
        u1_0.verified 
    from
        users u1_0 
    where
        u1_0.id=?
Hibernate: 
    select
        tp1_0.id,
        tp1_0.average_rating,
        tp1_0.bio,
        tp1_0.created_at,
        tp1_0.hourly_rate,
        tp1_0.status,
        tp1_0.subject,
        tp1_0.total_sessions,
        tp1_0.updated_at,
        tp1_0.user_id,
        tp1_0.years_of_experience 
    from
        tutor_profiles tp1_0 
    where
        tp1_0.user_id=?
Hibernate: 
    select
        u1_0.id,
        u1_0.active,
        u1_0.created_at,
        u1_0.email,
        u1_0.first_name,
        u1_0.last_name,
        u1_0.password,
        u1_0.phone_number,
        u1_0.role,
        u1_0.updated_at,
        u1_0.verified 
    from
        users u1_0 
    where
        u1_0.id=?
Hibernate: 
    select
        tp1_0.id,
        tp1_0.average_rating,
        tp1_0.bio,
        tp1_0.created_at,
        tp1_0.hourly_rate,
        tp1_0.status,
        tp1_0.subject,
        tp1_0.total_sessions,
        tp1_0.updated_at,
        tp1_0.user_id,
        tp1_0.years_of_experience 
    from
        tutor_profiles tp1_0 
    where
        tp1_0.user_id=?
2026-05-03T15:52:45.636+05:30 DEBUG 75622 --- [peer-tutoring-backend] [nio-8080-exec-9] o.s.security.web.FilterChainProxy        : Securing POST /api/student/bookings
2026-05-03T15:52:45.638+05:30 DEBUG 75622 --- [peer-tutoring-backend] [nio-8080-exec-9] c.t.security.JwtAuthenticationFilter     : JWT Token found: eyJhbGciOiJIUzM4NCJ9...
2026-05-03T15:52:45.640+05:30 DEBUG 75622 --- [peer-tutoring-backend] [nio-8080-exec-9] c.t.security.JwtAuthenticationFilter     : JWT valid, email: student1@example.com
Hibernate: 
    select
        u1_0.id,
        u1_0.active,
        u1_0.created_at,
        u1_0.email,
        u1_0.first_name,
        u1_0.last_name,
        u1_0.password,
        u1_0.phone_number,
        u1_0.role,
        u1_0.updated_at,
        u1_0.verified 
    from
        users u1_0 
    where
        u1_0.email=?
Hibernate: 
    select
        tp1_0.id,
        tp1_0.average_rating,
        tp1_0.bio,
        tp1_0.created_at,
        tp1_0.hourly_rate,
        tp1_0.status,
        tp1_0.subject,
        tp1_0.total_sessions,
        tp1_0.updated_at,
        tp1_0.user_id,
        tp1_0.years_of_experience 
    from
        tutor_profiles tp1_0 
    where
        tp1_0.user_id=?
2026-05-03T15:52:45.657+05:30 DEBUG 75622 --- [peer-tutoring-backend] [nio-8080-exec-9] c.t.security.JwtAuthenticationFilter     : Authentication set for user: student1@example.com
2026-05-03T15:52:45.660+05:30 DEBUG 75622 --- [peer-tutoring-backend] [nio-8080-exec-9] o.s.security.web.FilterChainProxy        : Secured POST /api/student/bookings
2026-05-03T15:52:45.664+05:30 DEBUG 75622 --- [peer-tutoring-backend] [nio-8080-exec-9] horizationManagerBeforeMethodInterceptor : Authorizing method invocation ReflectiveMethodInvocation: public org.springframework.http.ResponseEntity com.tutoring.controller.BookingController.createBooking(com.tutoring.security.UserDetailsImpl,com.tutoring.dto.BookingRequest); target is of class [com.tutoring.controller.BookingController]
2026-05-03T15:52:45.664+05:30 DEBUG 75622 --- [peer-tutoring-backend] [nio-8080-exec-9] horizationManagerBeforeMethodInterceptor : Authorized method invocation ReflectiveMethodInvocation: public org.springframework.http.ResponseEntity com.tutoring.controller.BookingController.createBooking(com.tutoring.security.UserDetailsImpl,com.tutoring.dto.BookingRequest); target is of class [com.tutoring.controller.BookingController]
Hibernate: 
    select
        u1_0.id,
        u1_0.active,
        u1_0.created_at,
        u1_0.email,
        u1_0.first_name,
        u1_0.last_name,
        u1_0.password,
        u1_0.phone_number,
        u1_0.role,
        u1_0.updated_at,
        u1_0.verified 
    from
        users u1_0 
    where
        u1_0.id=?
Hibernate: 
    select
        tp1_0.id,
        tp1_0.average_rating,
        tp1_0.bio,
        tp1_0.created_at,
        tp1_0.hourly_rate,
        tp1_0.status,
        tp1_0.subject,
        tp1_0.total_sessions,
        tp1_0.updated_at,
        tp1_0.user_id,
        tp1_0.years_of_experience 
    from
        tutor_profiles tp1_0 
    where
        tp1_0.user_id=?
Hibernate: 
    select
        s1_0.id,
        s1_0.created_at,
        s1_0.description,
        s1_0.end_time,
        s1_0.enrolled_students,
        s1_0.max_students,
        s1_0.price,
        s1_0.start_time,
        s1_0.status,
        s1_0.subject,
        s1_0.title,
        s1_0.tutor_id,
        s1_0.type,
        s1_0.updated_at 
    from
        sessions s1_0 
    where
        s1_0.id=?
Hibernate: 
    insert 
    into
        bookings
        (amount, cancelled_at, completed_at, confirmed_at, created_at, notes, payment_status, session_id, status, student_id, updated_at, id) 
    values
        (?, ?, ?, ?, ?, ?, ?, ?, ?, ?, ?, default)
2026-05-03T15:52:50.027+05:30 DEBUG 75622 --- [peer-tutoring-backend] [io-8080-exec-10] o.s.security.web.FilterChainProxy        : Securing GET /api/sessions/available
2026-05-03T15:52:50.027+05:30 DEBUG 75622 --- [peer-tutoring-backend] [io-8080-exec-10] c.t.security.JwtAuthenticationFilter     : JWT Token found: eyJhbGciOiJIUzM4NCJ9...
2026-05-03T15:52:50.028+05:30 DEBUG 75622 --- [peer-tutoring-backend] [io-8080-exec-10] c.t.security.JwtAuthenticationFilter     : JWT valid, email: student1@example.com
Hibernate: 
    select
        u1_0.id,
        u1_0.active,
        u1_0.created_at,
        u1_0.email,
        u1_0.first_name,
        u1_0.last_name,
        u1_0.password,
        u1_0.phone_number,
        u1_0.role,
        u1_0.updated_at,
        u1_0.verified 
    from
        users u1_0 
    where
        u1_0.email=?
Hibernate: 
    select
        tp1_0.id,
        tp1_0.average_rating,
        tp1_0.bio,
        tp1_0.created_at,
        tp1_0.hourly_rate,
        tp1_0.status,
        tp1_0.subject,
        tp1_0.total_sessions,
        tp1_0.updated_at,
        tp1_0.user_id,
        tp1_0.years_of_experience 
    from
        tutor_profiles tp1_0 
    where
        tp1_0.user_id=?
2026-05-03T15:52:50.030+05:30 DEBUG 75622 --- [peer-tutoring-backend] [io-8080-exec-10] c.t.security.JwtAuthenticationFilter     : Authentication set for user: student1@example.com
2026-05-03T15:52:50.030+05:30 DEBUG 75622 --- [peer-tutoring-backend] [io-8080-exec-10] o.s.security.web.FilterChainProxy        : Secured GET /api/sessions/available
Hibernate: 
    select
        s1_0.id,
        s1_0.created_at,
        s1_0.description,
        s1_0.end_time,
        s1_0.enrolled_students,
        s1_0.max_students,
        s1_0.price,
        s1_0.start_time,
        s1_0.status,
        s1_0.subject,
        s1_0.title,
        s1_0.tutor_id,
        s1_0.type,
        s1_0.updated_at 
    from
        sessions s1_0 
    where
        s1_0.status=?
Hibernate: 
    select
        u1_0.id,
        u1_0.active,
        u1_0.created_at,
        u1_0.email,
        u1_0.first_name,
        u1_0.last_name,
        u1_0.password,
        u1_0.phone_number,
        u1_0.role,
        u1_0.updated_at,
        u1_0.verified 
    from
        users u1_0 
    where
        u1_0.id=?
Hibernate: 
    select
        tp1_0.id,
        tp1_0.average_rating,
        tp1_0.bio,
        tp1_0.created_at,
        tp1_0.hourly_rate,
        tp1_0.status,
        tp1_0.subject,
        tp1_0.total_sessions,
        tp1_0.updated_at,
        tp1_0.user_id,
        tp1_0.years_of_experience 
    from
        tutor_profiles tp1_0 
    where
        tp1_0.user_id=?
Hibernate: 
    select
        u1_0.id,
        u1_0.active,
        u1_0.created_at,
        u1_0.email,
        u1_0.first_name,
        u1_0.last_name,
        u1_0.password,
        u1_0.phone_number,
        u1_0.role,
        u1_0.updated_at,
        u1_0.verified 
    from
        users u1_0 
    where
        u1_0.id=?
Hibernate: 
    select
        tp1_0.id,
        tp1_0.average_rating,
        tp1_0.bio,
        tp1_0.created_at,
        tp1_0.hourly_rate,
        tp1_0.status,
        tp1_0.subject,
        tp1_0.total_sessions,
        tp1_0.updated_at,
        tp1_0.user_id,
        tp1_0.years_of_experience 
    from
        tutor_profiles tp1_0 
    where
        tp1_0.user_id=?
Hibernate: 
    select
        u1_0.id,
        u1_0.active,
        u1_0.created_at,
        u1_0.email,
        u1_0.first_name,
        u1_0.last_name,
        u1_0.password,
        u1_0.phone_number,
        u1_0.role,
        u1_0.updated_at,
        u1_0.verified 
    from
        users u1_0 
    where
        u1_0.id=?
Hibernate: 
    select
        tp1_0.id,
        tp1_0.average_rating,
        tp1_0.bio,
        tp1_0.created_at,
        tp1_0.hourly_rate,
        tp1_0.status,
        tp1_0.subject,
        tp1_0.total_sessions,
        tp1_0.updated_at,
        tp1_0.user_id,
        tp1_0.years_of_experience 
    from
        tutor_profiles tp1_0 
    where
        tp1_0.user_id=?
2026-05-03T15:52:51.975+05:30 DEBUG 75622 --- [peer-tutoring-backend] [nio-8080-exec-2] o.s.security.web.FilterChainProxy        : Securing GET /api/sessions/available
2026-05-03T15:52:51.975+05:30 DEBUG 75622 --- [peer-tutoring-backend] [nio-8080-exec-2] c.t.security.JwtAuthenticationFilter     : JWT Token found: eyJhbGciOiJIUzM4NCJ9...
2026-05-03T15:52:51.976+05:30 DEBUG 75622 --- [peer-tutoring-backend] [nio-8080-exec-2] c.t.security.JwtAuthenticationFilter     : JWT valid, email: student1@example.com
Hibernate: 
    select
        u1_0.id,
        u1_0.active,
        u1_0.created_at,
        u1_0.email,
        u1_0.first_name,
        u1_0.last_name,
        u1_0.password,
        u1_0.phone_number,
        u1_0.role,
        u1_0.updated_at,
        u1_0.verified 
    from
        users u1_0 
    where
        u1_0.email=?
Hibernate: 
    select
        tp1_0.id,
        tp1_0.average_rating,
        tp1_0.bio,
        tp1_0.created_at,
        tp1_0.hourly_rate,
        tp1_0.status,
        tp1_0.subject,
        tp1_0.total_sessions,
        tp1_0.updated_at,
        tp1_0.user_id,
        tp1_0.years_of_experience 
    from
        tutor_profiles tp1_0 
    where
        tp1_0.user_id=?
2026-05-03T15:52:51.979+05:30 DEBUG 75622 --- [peer-tutoring-backend] [nio-8080-exec-2] c.t.security.JwtAuthenticationFilter     : Authentication set for user: student1@example.com
2026-05-03T15:52:51.979+05:30 DEBUG 75622 --- [peer-tutoring-backend] [nio-8080-exec-2] o.s.security.web.FilterChainProxy        : Secured GET /api/sessions/available
Hibernate: 
    select
        s1_0.id,
        s1_0.created_at,
        s1_0.description,
        s1_0.end_time,
        s1_0.enrolled_students,
        s1_0.max_students,
        s1_0.price,
        s1_0.start_time,
        s1_0.status,
        s1_0.subject,
        s1_0.title,
        s1_0.tutor_id,
        s1_0.type,
        s1_0.updated_at 
    from
        sessions s1_0 
    where
        s1_0.status=?
2026-05-03T15:52:51.982+05:30 DEBUG 75622 --- [peer-tutoring-backend] [nio-8080-exec-6] o.s.security.web.FilterChainProxy        : Securing GET /favicon.ico
Hibernate: 
    select
        u1_0.id,
        u1_0.active,
        u1_0.created_at,
        u1_0.email,
        u1_0.first_name,
        u1_0.last_name,
        u1_0.password,
        u1_0.phone_number,
        u1_0.role,
        u1_0.updated_at,
        u1_0.verified 
    from
        users u1_0 
    where
        u1_0.id=?
2026-05-03T15:52:51.982+05:30 DEBUG 75622 --- [peer-tutoring-backend] [nio-8080-exec-6] o.s.s.w.a.AnonymousAuthenticationFilter  : Set SecurityContextHolder to anonymous SecurityContext
Hibernate: 
    select
        tp1_0.id,
        tp1_0.average_rating,
        tp1_0.bio,
        tp1_0.created_at,
        tp1_0.hourly_rate,
        tp1_0.status,
        tp1_0.subject,
        tp1_0.total_sessions,
        tp1_0.updated_at,
        tp1_0.user_id,
        tp1_0.years_of_experience 
    from
        tutor_profiles tp1_0 
    where
        tp1_0.user_id=?
Hibernate: 
    select
        u1_0.id,
        u1_0.active,
        u1_0.created_at,
        u1_0.email,
        u1_0.first_name,
        u1_0.last_name,
        u1_0.password,
        u1_0.phone_number,
        u1_0.role,
        u1_0.updated_at,
        u1_0.verified 
    from
        users u1_0 
    where
        u1_0.id=?
Hibernate: 
    select
        tp1_0.id,
        tp1_0.average_rating,
        tp1_0.bio,
        tp1_0.created_at,
        tp1_0.hourly_rate,
        tp1_0.status,
        tp1_0.subject,
        tp1_0.total_sessions,
        tp1_0.updated_at,
        tp1_0.user_id,
        tp1_0.years_of_experience 
    from
        tutor_profiles tp1_0 
    where
        tp1_0.user_id=?
Hibernate: 
    select
        u1_0.id,
        u1_0.active,
        u1_0.created_at,
        u1_0.email,
        u1_0.first_name,
        u1_0.last_name,
        u1_0.password,
        u1_0.phone_number,
        u1_0.role,
        u1_0.updated_at,
        u1_0.verified 
    from
        users u1_0 
    where
        u1_0.id=?
Hibernate: 
    select
        tp1_0.id,
        tp1_0.average_rating,
        tp1_0.bio,
        tp1_0.created_at,
        tp1_0.hourly_rate,
        tp1_0.status,
        tp1_0.subject,
        tp1_0.total_sessions,
        tp1_0.updated_at,
        tp1_0.user_id,
        tp1_0.years_of_experience 
    from
        tutor_profiles tp1_0 
    where
        tp1_0.user_id=?
2026-05-03T15:52:51.983+05:30 DEBUG 75622 --- [peer-tutoring-backend] [nio-8080-exec-6] o.s.s.w.a.Http403ForbiddenEntryPoint     : Pre-authenticated entry point called. Rejecting access
2026-05-03T15:52:51.983+05:30 DEBUG 75622 --- [peer-tutoring-backend] [nio-8080-exec-6] o.s.security.web.FilterChainProxy        : Securing GET /error
2026-05-03T15:52:51.984+05:30 DEBUG 75622 --- [peer-tutoring-backend] [nio-8080-exec-6] o.s.s.w.a.AnonymousAuthenticationFilter  : Set SecurityContextHolder to anonymous SecurityContext
2026-05-03T15:52:51.985+05:30 DEBUG 75622 --- [peer-tutoring-backend] [nio-8080-exec-6] o.s.s.w.a.Http403ForbiddenEntryPoint     : Pre-authenticated entry point called. Rejecting access
2026-05-03T15:52:51.991+05:30 DEBUG 75622 --- [peer-tutoring-backend] [nio-8080-exec-1] o.s.security.web.FilterChainProxy        : Securing GET /api/sessions/available
2026-05-03T15:52:51.991+05:30 DEBUG 75622 --- [peer-tutoring-backend] [nio-8080-exec-1] c.t.security.JwtAuthenticationFilter     : JWT Token found: eyJhbGciOiJIUzM4NCJ9...
2026-05-03T15:52:51.992+05:30 DEBUG 75622 --- [peer-tutoring-backend] [nio-8080-exec-1] c.t.security.JwtAuthenticationFilter     : JWT valid, email: student1@example.com
Hibernate: 
    select
        u1_0.id,
        u1_0.active,
        u1_0.created_at,
        u1_0.email,
        u1_0.first_name,
        u1_0.last_name,
        u1_0.password,
        u1_0.phone_number,
        u1_0.role,
        u1_0.updated_at,
        u1_0.verified 
    from
        users u1_0 
    where
        u1_0.email=?
Hibernate: 
    select
        tp1_0.id,
        tp1_0.average_rating,
        tp1_0.bio,
        tp1_0.created_at,
        tp1_0.hourly_rate,
        tp1_0.status,
        tp1_0.subject,
        tp1_0.total_sessions,
        tp1_0.updated_at,
        tp1_0.user_id,
        tp1_0.years_of_experience 
    from
        tutor_profiles tp1_0 
    where
        tp1_0.user_id=?
2026-05-03T15:52:51.994+05:30 DEBUG 75622 --- [peer-tutoring-backend] [nio-8080-exec-1] c.t.security.JwtAuthenticationFilter     : Authentication set for user: student1@example.com
2026-05-03T15:52:51.994+05:30 DEBUG 75622 --- [peer-tutoring-backend] [nio-8080-exec-1] o.s.security.web.FilterChainProxy        : Secured GET /api/sessions/available
Hibernate: 
    select
        s1_0.id,
        s1_0.created_at,
        s1_0.description,
        s1_0.end_time,
        s1_0.enrolled_students,
        s1_0.max_students,
        s1_0.price,
        s1_0.start_time,
        s1_0.status,
        s1_0.subject,
        s1_0.title,
        s1_0.tutor_id,
        s1_0.type,
        s1_0.updated_at 
    from
        sessions s1_0 
    where
        s1_0.status=?
Hibernate: 
    select
        u1_0.id,
        u1_0.active,
        u1_0.created_at,
        u1_0.email,
        u1_0.first_name,
        u1_0.last_name,
        u1_0.password,
        u1_0.phone_number,
        u1_0.role,
        u1_0.updated_at,
        u1_0.verified 
    from
        users u1_0 
    where
        u1_0.id=?
Hibernate: 
    select
        tp1_0.id,
        tp1_0.average_rating,
        tp1_0.bio,
        tp1_0.created_at,
        tp1_0.hourly_rate,
        tp1_0.status,
        tp1_0.subject,
        tp1_0.total_sessions,
        tp1_0.updated_at,
        tp1_0.user_id,
        tp1_0.years_of_experience 
    from
        tutor_profiles tp1_0 
    where
        tp1_0.user_id=?
Hibernate: 
    select
        u1_0.id,
        u1_0.active,
        u1_0.created_at,
        u1_0.email,
        u1_0.first_name,
        u1_0.last_name,
        u1_0.password,
        u1_0.phone_number,
        u1_0.role,
        u1_0.updated_at,
        u1_0.verified 
    from
        users u1_0 
    where
        u1_0.id=?
Hibernate: 
    select
        tp1_0.id,
        tp1_0.average_rating,
        tp1_0.bio,
        tp1_0.created_at,
        tp1_0.hourly_rate,
        tp1_0.status,
        tp1_0.subject,
        tp1_0.total_sessions,
        tp1_0.updated_at,
        tp1_0.user_id,
        tp1_0.years_of_experience 
    from
        tutor_profiles tp1_0 
    where
        tp1_0.user_id=?
Hibernate: 
    select
        u1_0.id,
        u1_0.active,
        u1_0.created_at,
        u1_0.email,
        u1_0.first_name,
        u1_0.last_name,
        u1_0.password,
        u1_0.phone_number,
        u1_0.role,
        u1_0.updated_at,
        u1_0.verified 
    from
        users u1_0 
    where
        u1_0.id=?
Hibernate: 
    select
        tp1_0.id,
        tp1_0.average_rating,
        tp1_0.bio,
        tp1_0.created_at,
        tp1_0.hourly_rate,
        tp1_0.status,
        tp1_0.subject,
        tp1_0.total_sessions,
        tp1_0.updated_at,
        tp1_0.user_id,
        tp1_0.years_of_experience 
    from
        tutor_profiles tp1_0 
    where
        tp1_0.user_id=?
2026-05-03T15:52:53.989+05:30 DEBUG 75622 --- [peer-tutoring-backend] [nio-8080-exec-4] o.s.security.web.FilterChainProxy        : Securing POST /api/student/bookings
2026-05-03T15:52:53.989+05:30 DEBUG 75622 --- [peer-tutoring-backend] [nio-8080-exec-4] c.t.security.JwtAuthenticationFilter     : JWT Token found: eyJhbGciOiJIUzM4NCJ9...
2026-05-03T15:52:53.990+05:30 DEBUG 75622 --- [peer-tutoring-backend] [nio-8080-exec-4] c.t.security.JwtAuthenticationFilter     : JWT valid, email: student1@example.com
Hibernate: 
    select
        u1_0.id,
        u1_0.active,
        u1_0.created_at,
        u1_0.email,
        u1_0.first_name,
        u1_0.last_name,
        u1_0.password,
        u1_0.phone_number,
        u1_0.role,
        u1_0.updated_at,
        u1_0.verified 
    from
        users u1_0 
    where
        u1_0.email=?
Hibernate: 
    select
        tp1_0.id,
        tp1_0.average_rating,
        tp1_0.bio,
        tp1_0.created_at,
        tp1_0.hourly_rate,
        tp1_0.status,
        tp1_0.subject,
        tp1_0.total_sessions,
        tp1_0.updated_at,
        tp1_0.user_id,
        tp1_0.years_of_experience 
    from
        tutor_profiles tp1_0 
    where
        tp1_0.user_id=?
2026-05-03T15:52:53.992+05:30 DEBUG 75622 --- [peer-tutoring-backend] [nio-8080-exec-4] c.t.security.JwtAuthenticationFilter     : Authentication set for user: student1@example.com
2026-05-03T15:52:53.992+05:30 DEBUG 75622 --- [peer-tutoring-backend] [nio-8080-exec-4] o.s.security.web.FilterChainProxy        : Secured POST /api/student/bookings
2026-05-03T15:52:53.993+05:30 DEBUG 75622 --- [peer-tutoring-backend] [nio-8080-exec-4] horizationManagerBeforeMethodInterceptor : Authorizing method invocation ReflectiveMethodInvocation: public org.springframework.http.ResponseEntity com.tutoring.controller.BookingController.createBooking(com.tutoring.security.UserDetailsImpl,com.tutoring.dto.BookingRequest); target is of class [com.tutoring.controller.BookingController]
2026-05-03T15:52:53.993+05:30 DEBUG 75622 --- [peer-tutoring-backend] [nio-8080-exec-4] horizationManagerBeforeMethodInterceptor : Authorized method invocation ReflectiveMethodInvocation: public org.springframework.http.ResponseEntity com.tutoring.controller.BookingController.createBooking(com.tutoring.security.UserDetailsImpl,com.tutoring.dto.BookingRequest); target is of class [com.tutoring.controller.BookingController]
Hibernate: 
    select
        u1_0.id,
        u1_0.active,
        u1_0.created_at,
        u1_0.email,
        u1_0.first_name,
        u1_0.last_name,
        u1_0.password,
        u1_0.phone_number,
        u1_0.role,
        u1_0.updated_at,
        u1_0.verified 
    from
        users u1_0 
    where
        u1_0.id=?
Hibernate: 
    select
        tp1_0.id,
        tp1_0.average_rating,
        tp1_0.bio,
        tp1_0.created_at,
        tp1_0.hourly_rate,
        tp1_0.status,
        tp1_0.subject,
        tp1_0.total_sessions,
        tp1_0.updated_at,
        tp1_0.user_id,
        tp1_0.years_of_experience 
    from
        tutor_profiles tp1_0 
    where
        tp1_0.user_id=?
Hibernate: 
    select
        s1_0.id,
        s1_0.created_at,
        s1_0.description,
        s1_0.end_time,
        s1_0.enrolled_students,
        s1_0.max_students,
        s1_0.price,
        s1_0.start_time,
        s1_0.status,
        s1_0.subject,
        s1_0.title,
        s1_0.tutor_id,
        s1_0.type,
        s1_0.updated_at 
    from
        sessions s1_0 
    where
        s1_0.id=?
Hibernate: 
    insert 
    into
        bookings
        (amount, cancelled_at, completed_at, confirmed_at, created_at, notes, payment_status, session_id, status, student_id, updated_at, id) 
    values
        (?, ?, ?, ?, ?, ?, ?, ?, ?, ?, ?, default)
2026-05-03T15:53:19.171+05:30 DEBUG 75622 --- [peer-tutoring-backend] [nio-8080-exec-5] o.s.security.web.FilterChainProxy        : Securing GET /api/sessions/available
2026-05-03T15:53:19.172+05:30 DEBUG 75622 --- [peer-tutoring-backend] [nio-8080-exec-5] c.t.security.JwtAuthenticationFilter     : JWT Token found: eyJhbGciOiJIUzM4NCJ9...
2026-05-03T15:53:19.179+05:30 DEBUG 75622 --- [peer-tutoring-backend] [nio-8080-exec-5] c.t.security.JwtAuthenticationFilter     : JWT valid, email: student1@example.com
Hibernate: 
    select
        u1_0.id,
        u1_0.active,
        u1_0.created_at,
        u1_0.email,
        u1_0.first_name,
        u1_0.last_name,
        u1_0.password,
        u1_0.phone_number,
        u1_0.role,
        u1_0.updated_at,
        u1_0.verified 
    from
        users u1_0 
    where
        u1_0.email=?
Hibernate: 
    select
        tp1_0.id,
        tp1_0.average_rating,
        tp1_0.bio,
        tp1_0.created_at,
        tp1_0.hourly_rate,
        tp1_0.status,
        tp1_0.subject,
        tp1_0.total_sessions,
        tp1_0.updated_at,
        tp1_0.user_id,
        tp1_0.years_of_experience 
    from
        tutor_profiles tp1_0 
    where
        tp1_0.user_id=?
2026-05-03T15:53:19.187+05:30 DEBUG 75622 --- [peer-tutoring-backend] [nio-8080-exec-5] c.t.security.JwtAuthenticationFilter     : Authentication set for user: student1@example.com
2026-05-03T15:53:19.188+05:30 DEBUG 75622 --- [peer-tutoring-backend] [nio-8080-exec-5] o.s.security.web.FilterChainProxy        : Secured GET /api/sessions/available
Hibernate: 
    select
        s1_0.id,
        s1_0.created_at,
        s1_0.description,
        s1_0.end_time,
        s1_0.enrolled_students,
        s1_0.max_students,
        s1_0.price,
        s1_0.start_time,
        s1_0.status,
        s1_0.subject,
        s1_0.title,
        s1_0.tutor_id,
        s1_0.type,
        s1_0.updated_at 
    from
        sessions s1_0 
    where
        s1_0.status=?
Hibernate: 
    select
        u1_0.id,
        u1_0.active,
        u1_0.created_at,
        u1_0.email,
        u1_0.first_name,
        u1_0.last_name,
        u1_0.password,
        u1_0.phone_number,
        u1_0.role,
        u1_0.updated_at,
        u1_0.verified 
    from
        users u1_0 
    where
        u1_0.id=?
Hibernate: 
    select
        tp1_0.id,
        tp1_0.average_rating,
        tp1_0.bio,
        tp1_0.created_at,
        tp1_0.hourly_rate,
        tp1_0.status,
        tp1_0.subject,
        tp1_0.total_sessions,
        tp1_0.updated_at,
        tp1_0.user_id,
        tp1_0.years_of_experience 
    from
        tutor_profiles tp1_0 
    where
        tp1_0.user_id=?
Hibernate: 
    select
        u1_0.id,
        u1_0.active,
        u1_0.created_at,
        u1_0.email,
        u1_0.first_name,
        u1_0.last_name,
        u1_0.password,
        u1_0.phone_number,
        u1_0.role,
        u1_0.updated_at,
        u1_0.verified 
    from
        users u1_0 
    where
        u1_0.id=?
Hibernate: 
    select
        tp1_0.id,
        tp1_0.average_rating,
        tp1_0.bio,
        tp1_0.created_at,
        tp1_0.hourly_rate,
        tp1_0.status,
        tp1_0.subject,
        tp1_0.total_sessions,
        tp1_0.updated_at,
        tp1_0.user_id,
        tp1_0.years_of_experience 
    from
        tutor_profiles tp1_0 
    where
        tp1_0.user_id=?
Hibernate: 
    select
        u1_0.id,
        u1_0.active,
        u1_0.created_at,
        u1_0.email,
        u1_0.first_name,
        u1_0.last_name,
        u1_0.password,
        u1_0.phone_number,
        u1_0.role,
        u1_0.updated_at,
        u1_0.verified 
    from
        users u1_0 
    where
        u1_0.id=?
Hibernate: 
    select
        tp1_0.id,
        tp1_0.average_rating,
        tp1_0.bio,
        tp1_0.created_at,
        tp1_0.hourly_rate,
        tp1_0.status,
        tp1_0.subject,
        tp1_0.total_sessions,
        tp1_0.updated_at,
        tp1_0.user_id,
        tp1_0.years_of_experience 
    from
        tutor_profiles tp1_0 
    where
        tp1_0.user_id=?
2026-05-03T15:53:20.961+05:30 DEBUG 75622 --- [peer-tutoring-backend] [nio-8080-exec-7] o.s.security.web.FilterChainProxy        : Securing GET /api/sessions/available
2026-05-03T15:53:20.961+05:30 DEBUG 75622 --- [peer-tutoring-backend] [nio-8080-exec-7] c.t.security.JwtAuthenticationFilter     : JWT Token found: eyJhbGciOiJIUzM4NCJ9...
2026-05-03T15:53:20.963+05:30 DEBUG 75622 --- [peer-tutoring-backend] [nio-8080-exec-7] c.t.security.JwtAuthenticationFilter     : JWT valid, email: student1@example.com
2026-05-03T15:53:20.963+05:30 DEBUG 75622 --- [peer-tutoring-backend] [nio-8080-exec-3] o.s.security.web.FilterChainProxy        : Securing GET /favicon.ico
2026-05-03T15:53:20.963+05:30 DEBUG 75622 --- [peer-tutoring-backend] [nio-8080-exec-3] o.s.s.w.a.AnonymousAuthenticationFilter  : Set SecurityContextHolder to anonymous SecurityContext
Hibernate: 
    select
        u1_0.id,
        u1_0.active,
        u1_0.created_at,
        u1_0.email,
        u1_0.first_name,
        u1_0.last_name,
        u1_0.password,
        u1_0.phone_number,
        u1_0.role,
        u1_0.updated_at,
        u1_0.verified 
    from
        users u1_0 
    where
        u1_0.email=?
Hibernate: 
    select
        tp1_0.id,
        tp1_0.average_rating,
        tp1_0.bio,
        tp1_0.created_at,
        tp1_0.hourly_rate,
        tp1_0.status,
        tp1_0.subject,
        tp1_0.total_sessions,
        tp1_0.updated_at,
        tp1_0.user_id,
        tp1_0.years_of_experience 
    from
        tutor_profiles tp1_0 
    where
        tp1_0.user_id=?
2026-05-03T15:53:20.965+05:30 DEBUG 75622 --- [peer-tutoring-backend] [nio-8080-exec-3] o.s.s.w.a.Http403ForbiddenEntryPoint     : Pre-authenticated entry point called. Rejecting access
2026-05-03T15:53:20.965+05:30 DEBUG 75622 --- [peer-tutoring-backend] [nio-8080-exec-3] o.s.security.web.FilterChainProxy        : Securing GET /error
2026-05-03T15:53:20.965+05:30 DEBUG 75622 --- [peer-tutoring-backend] [nio-8080-exec-7] c.t.security.JwtAuthenticationFilter     : Authentication set for user: student1@example.com
2026-05-03T15:53:20.965+05:30 DEBUG 75622 --- [peer-tutoring-backend] [nio-8080-exec-7] o.s.security.web.FilterChainProxy        : Secured GET /api/sessions/available
2026-05-03T15:53:20.965+05:30 DEBUG 75622 --- [peer-tutoring-backend] [nio-8080-exec-3] o.s.s.w.a.AnonymousAuthenticationFilter  : Set SecurityContextHolder to anonymous SecurityContext
2026-05-03T15:53:20.965+05:30 DEBUG 75622 --- [peer-tutoring-backend] [nio-8080-exec-3] o.s.s.w.a.Http403ForbiddenEntryPoint     : Pre-authenticated entry point called. Rejecting access
Hibernate: 
    select
        s1_0.id,
        s1_0.created_at,
        s1_0.description,
        s1_0.end_time,
        s1_0.enrolled_students,
        s1_0.max_students,
        s1_0.price,
        s1_0.start_time,
        s1_0.status,
        s1_0.subject,
        s1_0.title,
        s1_0.tutor_id,
        s1_0.type,
        s1_0.updated_at 
    from
        sessions s1_0 
    where
        s1_0.status=?
Hibernate: 
    select
        u1_0.id,
        u1_0.active,
        u1_0.created_at,
        u1_0.email,
        u1_0.first_name,
        u1_0.last_name,
        u1_0.password,
        u1_0.phone_number,
        u1_0.role,
        u1_0.updated_at,
        u1_0.verified 
    from
        users u1_0 
    where
        u1_0.id=?
Hibernate: 
    select
        tp1_0.id,
        tp1_0.average_rating,
        tp1_0.bio,
        tp1_0.created_at,
        tp1_0.hourly_rate,
        tp1_0.status,
        tp1_0.subject,
        tp1_0.total_sessions,
        tp1_0.updated_at,
        tp1_0.user_id,
        tp1_0.years_of_experience 
    from
        tutor_profiles tp1_0 
    where
        tp1_0.user_id=?
Hibernate: 
    select
        u1_0.id,
        u1_0.active,
        u1_0.created_at,
        u1_0.email,
        u1_0.first_name,
        u1_0.last_name,
        u1_0.password,
        u1_0.phone_number,
        u1_0.role,
        u1_0.updated_at,
        u1_0.verified 
    from
        users u1_0 
    where
        u1_0.id=?
Hibernate: 
    select
        tp1_0.id,
        tp1_0.average_rating,
        tp1_0.bio,
        tp1_0.created_at,
        tp1_0.hourly_rate,
        tp1_0.status,
        tp1_0.subject,
        tp1_0.total_sessions,
        tp1_0.updated_at,
        tp1_0.user_id,
        tp1_0.years_of_experience 
    from
        tutor_profiles tp1_0 
    where
        tp1_0.user_id=?
Hibernate: 
    select
        u1_0.id,
        u1_0.active,
        u1_0.created_at,
        u1_0.email,
        u1_0.first_name,
        u1_0.last_name,
        u1_0.password,
        u1_0.phone_number,
        u1_0.role,
        u1_0.updated_at,
        u1_0.verified 
    from
        users u1_0 
    where
        u1_0.id=?
Hibernate: 
    select
        tp1_0.id,
        tp1_0.average_rating,
        tp1_0.bio,
        tp1_0.created_at,
        tp1_0.hourly_rate,
        tp1_0.status,
        tp1_0.subject,
        tp1_0.total_sessions,
        tp1_0.updated_at,
        tp1_0.user_id,
        tp1_0.years_of_experience 
    from
        tutor_profiles tp1_0 
    where
        tp1_0.user_id=?
2026-05-03T15:53:20.981+05:30 DEBUG 75622 --- [peer-tutoring-backend] [nio-8080-exec-8] o.s.security.web.FilterChainProxy        : Securing GET /api/sessions/available
2026-05-03T15:53:20.981+05:30 DEBUG 75622 --- [peer-tutoring-backend] [nio-8080-exec-8] c.t.security.JwtAuthenticationFilter     : JWT Token found: eyJhbGciOiJIUzM4NCJ9...
2026-05-03T15:53:20.982+05:30 DEBUG 75622 --- [peer-tutoring-backend] [nio-8080-exec-8] c.t.security.JwtAuthenticationFilter     : JWT valid, email: student1@example.com
Hibernate: 
    select
        u1_0.id,
        u1_0.active,
        u1_0.created_at,
        u1_0.email,
        u1_0.first_name,
        u1_0.last_name,
        u1_0.password,
        u1_0.phone_number,
        u1_0.role,
        u1_0.updated_at,
        u1_0.verified 
    from
        users u1_0 
    where
        u1_0.email=?
Hibernate: 
    select
        tp1_0.id,
        tp1_0.average_rating,
        tp1_0.bio,
        tp1_0.created_at,
        tp1_0.hourly_rate,
        tp1_0.status,
        tp1_0.subject,
        tp1_0.total_sessions,
        tp1_0.updated_at,
        tp1_0.user_id,
        tp1_0.years_of_experience 
    from
        tutor_profiles tp1_0 
    where
        tp1_0.user_id=?
2026-05-03T15:53:20.987+05:30 DEBUG 75622 --- [peer-tutoring-backend] [nio-8080-exec-8] c.t.security.JwtAuthenticationFilter     : Authentication set for user: student1@example.com
2026-05-03T15:53:20.988+05:30 DEBUG 75622 --- [peer-tutoring-backend] [nio-8080-exec-8] o.s.security.web.FilterChainProxy        : Secured GET /api/sessions/available
Hibernate: 
    select
        s1_0.id,
        s1_0.created_at,
        s1_0.description,
        s1_0.end_time,
        s1_0.enrolled_students,
        s1_0.max_students,
        s1_0.price,
        s1_0.start_time,
        s1_0.status,
        s1_0.subject,
        s1_0.title,
        s1_0.tutor_id,
        s1_0.type,
        s1_0.updated_at 
    from
        sessions s1_0 
    where
        s1_0.status=?
Hibernate: 
    select
        u1_0.id,
        u1_0.active,
        u1_0.created_at,
        u1_0.email,
        u1_0.first_name,
        u1_0.last_name,
        u1_0.password,
        u1_0.phone_number,
        u1_0.role,
        u1_0.updated_at,
        u1_0.verified 
    from
        users u1_0 
    where
        u1_0.id=?
Hibernate: 
    select
        tp1_0.id,
        tp1_0.average_rating,
        tp1_0.bio,
        tp1_0.created_at,
        tp1_0.hourly_rate,
        tp1_0.status,
        tp1_0.subject,
        tp1_0.total_sessions,
        tp1_0.updated_at,
        tp1_0.user_id,
        tp1_0.years_of_experience 
    from
        tutor_profiles tp1_0 
    where
        tp1_0.user_id=?
Hibernate: 
    select
        u1_0.id,
        u1_0.active,
        u1_0.created_at,
        u1_0.email,
        u1_0.first_name,
        u1_0.last_name,
        u1_0.password,
        u1_0.phone_number,
        u1_0.role,
        u1_0.updated_at,
        u1_0.verified 
    from
        users u1_0 
    where
        u1_0.id=?
Hibernate: 
    select
        tp1_0.id,
        tp1_0.average_rating,
        tp1_0.bio,
        tp1_0.created_at,
        tp1_0.hourly_rate,
        tp1_0.status,
        tp1_0.subject,
        tp1_0.total_sessions,
        tp1_0.updated_at,
        tp1_0.user_id,
        tp1_0.years_of_experience 
    from
        tutor_profiles tp1_0 
    where
        tp1_0.user_id=?
Hibernate: 
    select
        u1_0.id,
        u1_0.active,
        u1_0.created_at,
        u1_0.email,
        u1_0.first_name,
        u1_0.last_name,
        u1_0.password,
        u1_0.phone_number,
        u1_0.role,
        u1_0.updated_at,
        u1_0.verified 
    from
        users u1_0 
    where
        u1_0.id=?
Hibernate: 
    select
        tp1_0.id,
        tp1_0.average_rating,
        tp1_0.bio,
        tp1_0.created_at,
        tp1_0.hourly_rate,
        tp1_0.status,
        tp1_0.subject,
        tp1_0.total_sessions,
        tp1_0.updated_at,
        tp1_0.user_id,
        tp1_0.years_of_experience 
    from
        tutor_profiles tp1_0 
    where
        tp1_0.user_id=?
2026-05-03T15:53:29.460+05:30 DEBUG 75622 --- [peer-tutoring-backend] [nio-8080-exec-9] o.s.security.web.FilterChainProxy        : Securing GET /api/tutors
2026-05-03T15:53:29.460+05:30 DEBUG 75622 --- [peer-tutoring-backend] [io-8080-exec-10] o.s.security.web.FilterChainProxy        : Securing GET /api/sessions/available
2026-05-03T15:53:29.461+05:30 DEBUG 75622 --- [peer-tutoring-backend] [nio-8080-exec-9] c.t.security.JwtAuthenticationFilter     : JWT Token found: eyJhbGciOiJIUzM4NCJ9...
2026-05-03T15:53:29.461+05:30 DEBUG 75622 --- [peer-tutoring-backend] [io-8080-exec-10] c.t.security.JwtAuthenticationFilter     : JWT Token found: eyJhbGciOiJIUzM4NCJ9...
2026-05-03T15:53:29.461+05:30 DEBUG 75622 --- [peer-tutoring-backend] [io-8080-exec-10] c.t.security.JwtAuthenticationFilter     : JWT valid, email: student1@example.com
2026-05-03T15:53:29.462+05:30 DEBUG 75622 --- [peer-tutoring-backend] [nio-8080-exec-9] c.t.security.JwtAuthenticationFilter     : JWT valid, email: student1@example.com
Hibernate: 
    select
        u1_0.id,
        u1_0.active,
        u1_0.created_at,
        u1_0.email,
        u1_0.first_name,
        u1_0.last_name,
        u1_0.password,
        u1_0.phone_number,
        u1_0.role,
        u1_0.updated_at,
        u1_0.verified 
    from
        users u1_0 
    where
        u1_0.email=?
Hibernate: 
    select
        u1_0.id,
        u1_0.active,
        u1_0.created_at,
        u1_0.email,
        u1_0.first_name,
        u1_0.last_name,
        u1_0.password,
        u1_0.phone_number,
        u1_0.role,
        u1_0.updated_at,
        u1_0.verified 
    from
        users u1_0 
    where
        u1_0.email=?
Hibernate: 
    select
        tp1_0.id,
        tp1_0.average_rating,
        tp1_0.bio,
        tp1_0.created_at,
        tp1_0.hourly_rate,
        tp1_0.status,
        tp1_0.subject,
        tp1_0.total_sessions,
        tp1_0.updated_at,
        tp1_0.user_id,
        tp1_0.years_of_experience 
    from
        tutor_profiles tp1_0 
    where
        tp1_0.user_id=?
Hibernate: 
    select
        tp1_0.id,
        tp1_0.average_rating,
        tp1_0.bio,
        tp1_0.created_at,
        tp1_0.hourly_rate,
        tp1_0.status,
        tp1_0.subject,
        tp1_0.total_sessions,
        tp1_0.updated_at,
        tp1_0.user_id,
        tp1_0.years_of_experience 
    from
        tutor_profiles tp1_0 
    where
        tp1_0.user_id=?
2026-05-03T15:53:29.464+05:30 DEBUG 75622 --- [peer-tutoring-backend] [nio-8080-exec-9] c.t.security.JwtAuthenticationFilter     : Authentication set for user: student1@example.com
2026-05-03T15:53:29.464+05:30 DEBUG 75622 --- [peer-tutoring-backend] [io-8080-exec-10] c.t.security.JwtAuthenticationFilter     : Authentication set for user: student1@example.com
2026-05-03T15:53:29.464+05:30 DEBUG 75622 --- [peer-tutoring-backend] [nio-8080-exec-9] o.s.security.web.FilterChainProxy        : Secured GET /api/tutors
2026-05-03T15:53:29.464+05:30 DEBUG 75622 --- [peer-tutoring-backend] [io-8080-exec-10] o.s.security.web.FilterChainProxy        : Secured GET /api/sessions/available
Hibernate: 
    select
        tp1_0.id,
        tp1_0.average_rating,
        tp1_0.bio,
        tp1_0.created_at,
        tp1_0.hourly_rate,
        tp1_0.status,
        tp1_0.subject,
        tp1_0.total_sessions,
        tp1_0.updated_at,
        tp1_0.user_id,
        tp1_0.years_of_experience 
    from
        tutor_profiles tp1_0 
    where
        tp1_0.status=?
Hibernate: 
    select
        s1_0.id,
        s1_0.created_at,
        s1_0.description,
        s1_0.end_time,
        s1_0.enrolled_students,
        s1_0.max_students,
        s1_0.price,
        s1_0.start_time,
        s1_0.status,
        s1_0.subject,
        s1_0.title,
        s1_0.tutor_id,
        s1_0.type,
        s1_0.updated_at 
    from
        sessions s1_0 
    where
        s1_0.status=?
Hibernate: 
    select
        u1_0.id,
        u1_0.active,
        u1_0.created_at,
        u1_0.email,
        u1_0.first_name,
        u1_0.last_name,
        u1_0.password,
        u1_0.phone_number,
        u1_0.role,
        u1_0.updated_at,
        u1_0.verified 
    from
        users u1_0 
    where
        u1_0.id=?
Hibernate: 
    select
        tp1_0.id,
        tp1_0.average_rating,
        tp1_0.bio,
        tp1_0.created_at,
        tp1_0.hourly_rate,
        tp1_0.status,
        tp1_0.subject,
        tp1_0.total_sessions,
        tp1_0.updated_at,
        tp1_0.user_id,
        tp1_0.years_of_experience 
    from
        tutor_profiles tp1_0 
    where
        tp1_0.user_id=?
Hibernate: 
    select
        u1_0.id,
        u1_0.active,
        u1_0.created_at,
        u1_0.email,
        u1_0.first_name,
        u1_0.last_name,
        u1_0.password,
        u1_0.phone_number,
        u1_0.role,
        u1_0.updated_at,
        u1_0.verified 
    from
        users u1_0 
    where
        u1_0.id=?
Hibernate: 
    select
        u1_0.id,
        u1_0.active,
        u1_0.created_at,
        u1_0.email,
        u1_0.first_name,
        u1_0.last_name,
        u1_0.password,
        u1_0.phone_number,
        u1_0.role,
        u1_0.updated_at,
        u1_0.verified 
    from
        users u1_0 
    where
        u1_0.id=?
Hibernate: 
    select
        tp1_0.id,
        tp1_0.average_rating,
        tp1_0.bio,
        tp1_0.created_at,
        tp1_0.hourly_rate,
        tp1_0.status,
        tp1_0.subject,
        tp1_0.total_sessions,
        tp1_0.updated_at,
        tp1_0.user_id,
        tp1_0.years_of_experience 
    from
        tutor_profiles tp1_0 
    where
        tp1_0.user_id=?
Hibernate: 
    select
        tp1_0.id,
        tp1_0.average_rating,
        tp1_0.bio,
        tp1_0.created_at,
        tp1_0.hourly_rate,
        tp1_0.status,
        tp1_0.subject,
        tp1_0.total_sessions,
        tp1_0.updated_at,
        tp1_0.user_id,
        tp1_0.years_of_experience 
    from
        tutor_profiles tp1_0 
    where
        tp1_0.user_id=?
Hibernate: 
    select
        u1_0.id,
        u1_0.active,
        u1_0.created_at,
        u1_0.email,
        u1_0.first_name,
        u1_0.last_name,
        u1_0.password,
        u1_0.phone_number,
        u1_0.role,
        u1_0.updated_at,
        u1_0.verified 
    from
        users u1_0 
    where
        u1_0.id=?
Hibernate: 
    select
        s1_0.tutor_id,
        s1_0.subject_name 
    from
        tutor_subjects s1_0 
    where
        s1_0.tutor_id=?
Hibernate: 
    select
        tp1_0.id,
        tp1_0.average_rating,
        tp1_0.bio,
        tp1_0.created_at,
        tp1_0.hourly_rate,
        tp1_0.status,
        tp1_0.subject,
        tp1_0.total_sessions,
        tp1_0.updated_at,
        tp1_0.user_id,
        tp1_0.years_of_experience 
    from
        tutor_profiles tp1_0 
    where
        tp1_0.user_id=?
Hibernate: 
    select
        u1_0.id,
        u1_0.active,
        u1_0.created_at,
        u1_0.email,
        u1_0.first_name,
        u1_0.last_name,
        u1_0.password,
        u1_0.phone_number,
        u1_0.role,
        u1_0.updated_at,
        u1_0.verified 
    from
        users u1_0 
    where
        u1_0.id=?
Hibernate: 
    select
        tp1_0.id,
        tp1_0.average_rating,
        tp1_0.bio,
        tp1_0.created_at,
        tp1_0.hourly_rate,
        tp1_0.status,
        tp1_0.subject,
        tp1_0.total_sessions,
        tp1_0.updated_at,
        tp1_0.user_id,
        tp1_0.years_of_experience 
    from
        tutor_profiles tp1_0 
    where
        tp1_0.user_id=?
Hibernate: 
    select
        s1_0.tutor_id,
        s1_0.subject_name 
    from
        tutor_subjects s1_0 
    where
        s1_0.tutor_id=?
Hibernate: 
    select
        u1_0.id,
        u1_0.active,
        u1_0.created_at,
        u1_0.email,
        u1_0.first_name,
        u1_0.last_name,
        u1_0.password,
        u1_0.phone_number,
        u1_0.role,
        u1_0.updated_at,
        u1_0.verified 
    from
        users u1_0 
    where
        u1_0.id=?
Hibernate: 
    select
        tp1_0.id,
        tp1_0.average_rating,
        tp1_0.bio,
        tp1_0.created_at,
        tp1_0.hourly_rate,
        tp1_0.status,
        tp1_0.subject,
        tp1_0.total_sessions,
        tp1_0.updated_at,
        tp1_0.user_id,
        tp1_0.years_of_experience 
    from
        tutor_profiles tp1_0 
    where
        tp1_0.user_id=?
2026-05-03T15:53:29.472+05:30 DEBUG 75622 --- [peer-tutoring-backend] [nio-8080-exec-2] o.s.security.web.FilterChainProxy        : Securing GET /favicon.ico
Hibernate: 
    select
        s1_0.tutor_id,
        s1_0.subject_name 
    from
        tutor_subjects s1_0 
    where
        s1_0.tutor_id=?
Hibernate: 
    select
        u1_0.id,
        u1_0.active,
        u1_0.created_at,
        u1_0.email,
        u1_0.first_name,
        u1_0.last_name,
        u1_0.password,
        u1_0.phone_number,
        u1_0.role,
        u1_0.updated_at,
        u1_0.verified 
    from
        users u1_0 
    where
        u1_0.id=?
2026-05-03T15:53:29.473+05:30 DEBUG 75622 --- [peer-tutoring-backend] [nio-8080-exec-2] o.s.s.w.a.AnonymousAuthenticationFilter  : Set SecurityContextHolder to anonymous SecurityContext
Hibernate: 
    select
        tp1_0.id,
        tp1_0.average_rating,
        tp1_0.bio,
        tp1_0.created_at,
        tp1_0.hourly_rate,
        tp1_0.status,
        tp1_0.subject,
        tp1_0.total_sessions,
        tp1_0.updated_at,
        tp1_0.user_id,
        tp1_0.years_of_experience 
    from
        tutor_profiles tp1_0 
    where
        tp1_0.user_id=?
Hibernate: 
    select
        s1_0.tutor_id,
        s1_0.subject_name 
    from
        tutor_subjects s1_0 
    where
        s1_0.tutor_id=?
2026-05-03T15:53:29.475+05:30 DEBUG 75622 --- [peer-tutoring-backend] [nio-8080-exec-2] o.s.s.w.a.Http403ForbiddenEntryPoint     : Pre-authenticated entry point called. Rejecting access
2026-05-03T15:53:29.476+05:30 DEBUG 75622 --- [peer-tutoring-backend] [nio-8080-exec-2] o.s.security.web.FilterChainProxy        : Securing GET /error
2026-05-03T15:53:29.477+05:30 DEBUG 75622 --- [peer-tutoring-backend] [nio-8080-exec-2] o.s.s.w.a.AnonymousAuthenticationFilter  : Set SecurityContextHolder to anonymous SecurityContext
2026-05-03T15:53:29.477+05:30 DEBUG 75622 --- [peer-tutoring-backend] [nio-8080-exec-2] o.s.s.w.a.Http403ForbiddenEntryPoint     : Pre-authenticated entry point called. Rejecting access
2026-05-03T15:53:29.481+05:30 DEBUG 75622 --- [peer-tutoring-backend] [nio-8080-exec-6] o.s.security.web.FilterChainProxy        : Securing GET /api/sessions/available
2026-05-03T15:53:29.481+05:30 DEBUG 75622 --- [peer-tutoring-backend] [nio-8080-exec-6] c.t.security.JwtAuthenticationFilter     : JWT Token found: eyJhbGciOiJIUzM4NCJ9...
2026-05-03T15:53:29.482+05:30 DEBUG 75622 --- [peer-tutoring-backend] [nio-8080-exec-6] c.t.security.JwtAuthenticationFilter     : JWT valid, email: student1@example.com
2026-05-03T15:53:29.483+05:30 DEBUG 75622 --- [peer-tutoring-backend] [nio-8080-exec-1] o.s.security.web.FilterChainProxy        : Securing GET /api/tutors
2026-05-03T15:53:29.483+05:30 DEBUG 75622 --- [peer-tutoring-backend] [nio-8080-exec-1] c.t.security.JwtAuthenticationFilter     : JWT Token found: eyJhbGciOiJIUzM4NCJ9...
Hibernate: 
    select
        u1_0.id,
        u1_0.active,
        u1_0.created_at,
        u1_0.email,
        u1_0.first_name,
        u1_0.last_name,
        u1_0.password,
        u1_0.phone_number,
        u1_0.role,
        u1_0.updated_at,
        u1_0.verified 
    from
        users u1_0 
    where
        u1_0.email=?
Hibernate: 
    select
        tp1_0.id,
        tp1_0.average_rating,
        tp1_0.bio,
        tp1_0.created_at,
        tp1_0.hourly_rate,
        tp1_0.status,
        tp1_0.subject,
        tp1_0.total_sessions,
        tp1_0.updated_at,
        tp1_0.user_id,
        tp1_0.years_of_experience 
    from
        tutor_profiles tp1_0 
    where
        tp1_0.user_id=?
2026-05-03T15:53:29.483+05:30 DEBUG 75622 --- [peer-tutoring-backend] [nio-8080-exec-1] c.t.security.JwtAuthenticationFilter     : JWT valid, email: student1@example.com
2026-05-03T15:53:29.484+05:30 DEBUG 75622 --- [peer-tutoring-backend] [nio-8080-exec-6] c.t.security.JwtAuthenticationFilter     : Authentication set for user: student1@example.com
2026-05-03T15:53:29.484+05:30 DEBUG 75622 --- [peer-tutoring-backend] [nio-8080-exec-6] o.s.security.web.FilterChainProxy        : Secured GET /api/sessions/available
Hibernate: 
    select
        u1_0.id,
        u1_0.active,
        u1_0.created_at,
        u1_0.email,
        u1_0.first_name,
        u1_0.last_name,
        u1_0.password,
        u1_0.phone_number,
        u1_0.role,
        u1_0.updated_at,
        u1_0.verified 
    from
        users u1_0 
    where
        u1_0.email=?
Hibernate: 
    select
        tp1_0.id,
        tp1_0.average_rating,
        tp1_0.bio,
        tp1_0.created_at,
        tp1_0.hourly_rate,
        tp1_0.status,
        tp1_0.subject,
        tp1_0.total_sessions,
        tp1_0.updated_at,
        tp1_0.user_id,
        tp1_0.years_of_experience 
    from
        tutor_profiles tp1_0 
    where
        tp1_0.user_id=?
2026-05-03T15:53:29.484+05:30 DEBUG 75622 --- [peer-tutoring-backend] [nio-8080-exec-1] c.t.security.JwtAuthenticationFilter     : Authentication set for user: student1@example.com
Hibernate: 
    select
        s1_0.id,
        s1_0.created_at,
        s1_0.description,
        s1_0.end_time,
        s1_0.enrolled_students,
        s1_0.max_students,
        s1_0.price,
        s1_0.start_time,
        s1_0.status,
        s1_0.subject,
        s1_0.title,
        s1_0.tutor_id,
        s1_0.type,
        s1_0.updated_at 
    from
        sessions s1_0 
    where
        s1_0.status=?
2026-05-03T15:53:29.485+05:30 DEBUG 75622 --- [peer-tutoring-backend] [nio-8080-exec-1] o.s.security.web.FilterChainProxy        : Secured GET /api/tutors
Hibernate: 
    select
        tp1_0.id,
        tp1_0.average_rating,
        tp1_0.bio,
        tp1_0.created_at,
        tp1_0.hourly_rate,
        tp1_0.status,
        tp1_0.subject,
        tp1_0.total_sessions,
        tp1_0.updated_at,
        tp1_0.user_id,
        tp1_0.years_of_experience 
    from
        tutor_profiles tp1_0 
    where
        tp1_0.status=?
Hibernate: 
    select
        u1_0.id,
        u1_0.active,
        u1_0.created_at,
        u1_0.email,
        u1_0.first_name,
        u1_0.last_name,
        u1_0.password,
        u1_0.phone_number,
        u1_0.role,
        u1_0.updated_at,
        u1_0.verified 
    from
        users u1_0 
    where
        u1_0.id=?
Hibernate: 
    select
        tp1_0.id,
        tp1_0.average_rating,
        tp1_0.bio,
        tp1_0.created_at,
        tp1_0.hourly_rate,
        tp1_0.status,
        tp1_0.subject,
        tp1_0.total_sessions,
        tp1_0.updated_at,
        tp1_0.user_id,
        tp1_0.years_of_experience 
    from
        tutor_profiles tp1_0 
    where
        tp1_0.user_id=?
Hibernate: 
    select
        u1_0.id,
        u1_0.active,
        u1_0.created_at,
        u1_0.email,
        u1_0.first_name,
        u1_0.last_name,
        u1_0.password,
        u1_0.phone_number,
        u1_0.role,
        u1_0.updated_at,
        u1_0.verified 
    from
        users u1_0 
    where
        u1_0.id=?
Hibernate: 
    select
        u1_0.id,
        u1_0.active,
        u1_0.created_at,
        u1_0.email,
        u1_0.first_name,
        u1_0.last_name,
        u1_0.password,
        u1_0.phone_number,
        u1_0.role,
        u1_0.updated_at,
        u1_0.verified 
    from
        users u1_0 
    where
        u1_0.id=?
Hibernate: 
    select
        tp1_0.id,
        tp1_0.average_rating,
        tp1_0.bio,
        tp1_0.created_at,
        tp1_0.hourly_rate,
        tp1_0.status,
        tp1_0.subject,
        tp1_0.total_sessions,
        tp1_0.updated_at,
        tp1_0.user_id,
        tp1_0.years_of_experience 
    from
        tutor_profiles tp1_0 
    where
        tp1_0.user_id=?
Hibernate: 
    select
        tp1_0.id,
        tp1_0.average_rating,
        tp1_0.bio,
        tp1_0.created_at,
        tp1_0.hourly_rate,
        tp1_0.status,
        tp1_0.subject,
        tp1_0.total_sessions,
        tp1_0.updated_at,
        tp1_0.user_id,
        tp1_0.years_of_experience 
    from
        tutor_profiles tp1_0 
    where
        tp1_0.user_id=?
Hibernate: 
    select
        s1_0.tutor_id,
        s1_0.subject_name 
    from
        tutor_subjects s1_0 
    where
        s1_0.tutor_id=?
Hibernate: 
    select
        u1_0.id,
        u1_0.active,
        u1_0.created_at,
        u1_0.email,
        u1_0.first_name,
        u1_0.last_name,
        u1_0.password,
        u1_0.phone_number,
        u1_0.role,
        u1_0.updated_at,
        u1_0.verified 
    from
        users u1_0 
    where
        u1_0.id=?
Hibernate: 
    select
        u1_0.id,
        u1_0.active,
        u1_0.created_at,
        u1_0.email,
        u1_0.first_name,
        u1_0.last_name,
        u1_0.password,
        u1_0.phone_number,
        u1_0.role,
        u1_0.updated_at,
        u1_0.verified 
    from
        users u1_0 
    where
        u1_0.id=?
Hibernate: 
    select
        tp1_0.id,
        tp1_0.average_rating,
        tp1_0.bio,
        tp1_0.created_at,
        tp1_0.hourly_rate,
        tp1_0.status,
        tp1_0.subject,
        tp1_0.total_sessions,
        tp1_0.updated_at,
        tp1_0.user_id,
        tp1_0.years_of_experience 
    from
        tutor_profiles tp1_0 
    where
        tp1_0.user_id=?
Hibernate: 
    select
        tp1_0.id,
        tp1_0.average_rating,
        tp1_0.bio,
        tp1_0.created_at,
        tp1_0.hourly_rate,
        tp1_0.status,
        tp1_0.subject,
        tp1_0.total_sessions,
        tp1_0.updated_at,
        tp1_0.user_id,
        tp1_0.years_of_experience 
    from
        tutor_profiles tp1_0 
    where
        tp1_0.user_id=?
Hibernate: 
    select
        s1_0.tutor_id,
        s1_0.subject_name 
    from
        tutor_subjects s1_0 
    where
        s1_0.tutor_id=?
Hibernate: 
    select
        u1_0.id,
        u1_0.active,
        u1_0.created_at,
        u1_0.email,
        u1_0.first_name,
        u1_0.last_name,
        u1_0.password,
        u1_0.phone_number,
        u1_0.role,
        u1_0.updated_at,
        u1_0.verified 
    from
        users u1_0 
    where
        u1_0.id=?
Hibernate: 
    select
        tp1_0.id,
        tp1_0.average_rating,
        tp1_0.bio,
        tp1_0.created_at,
        tp1_0.hourly_rate,
        tp1_0.status,
        tp1_0.subject,
        tp1_0.total_sessions,
        tp1_0.updated_at,
        tp1_0.user_id,
        tp1_0.years_of_experience 
    from
        tutor_profiles tp1_0 
    where
        tp1_0.user_id=?
Hibernate: 
    select
        s1_0.tutor_id,
        s1_0.subject_name 
    from
        tutor_subjects s1_0 
    where
        s1_0.tutor_id=?
Hibernate: 
    select
        u1_0.id,
        u1_0.active,
        u1_0.created_at,
        u1_0.email,
        u1_0.first_name,
        u1_0.last_name,
        u1_0.password,
        u1_0.phone_number,
        u1_0.role,
        u1_0.updated_at,
        u1_0.verified 
    from
        users u1_0 
    where
        u1_0.id=?
Hibernate: 
    select
        tp1_0.id,
        tp1_0.average_rating,
        tp1_0.bio,
        tp1_0.created_at,
        tp1_0.hourly_rate,
        tp1_0.status,
        tp1_0.subject,
        tp1_0.total_sessions,
        tp1_0.updated_at,
        tp1_0.user_id,
        tp1_0.years_of_experience 
    from
        tutor_profiles tp1_0 
    where
        tp1_0.user_id=?
Hibernate: 
    select
        s1_0.tutor_id,
        s1_0.subject_name 
    from
        tutor_subjects s1_0 
    where
        s1_0.tutor_id=?
2026-05-03T15:55:04.257+05:30 DEBUG 75622 --- [peer-tutoring-backend] [nio-8080-exec-4] o.s.security.web.FilterChainProxy        : Securing GET /api/tutors
2026-05-03T15:55:04.258+05:30 DEBUG 75622 --- [peer-tutoring-backend] [nio-8080-exec-3] o.s.security.web.FilterChainProxy        : Securing GET /favicon.ico
2026-05-03T15:55:04.257+05:30 DEBUG 75622 --- [peer-tutoring-backend] [nio-8080-exec-5] o.s.security.web.FilterChainProxy        : Securing GET /api/sessions/available
2026-05-03T15:55:04.259+05:30 DEBUG 75622 --- [peer-tutoring-backend] [nio-8080-exec-4] c.t.security.JwtAuthenticationFilter     : JWT Token found: eyJhbGciOiJIUzM4NCJ9...
2026-05-03T15:55:04.259+05:30 DEBUG 75622 --- [peer-tutoring-backend] [nio-8080-exec-5] c.t.security.JwtAuthenticationFilter     : JWT Token found: eyJhbGciOiJIUzM4NCJ9...
2026-05-03T15:55:04.260+05:30 DEBUG 75622 --- [peer-tutoring-backend] [nio-8080-exec-3] o.s.s.w.a.AnonymousAuthenticationFilter  : Set SecurityContextHolder to anonymous SecurityContext
2026-05-03T15:55:04.266+05:30 DEBUG 75622 --- [peer-tutoring-backend] [nio-8080-exec-3] o.s.s.w.a.Http403ForbiddenEntryPoint     : Pre-authenticated entry point called. Rejecting access
2026-05-03T15:55:04.266+05:30 DEBUG 75622 --- [peer-tutoring-backend] [nio-8080-exec-5] c.t.security.JwtAuthenticationFilter     : JWT valid, email: student1@example.com
2026-05-03T15:55:04.266+05:30 DEBUG 75622 --- [peer-tutoring-backend] [nio-8080-exec-4] c.t.security.JwtAuthenticationFilter     : JWT valid, email: student1@example.com
2026-05-03T15:55:04.267+05:30 DEBUG 75622 --- [peer-tutoring-backend] [nio-8080-exec-3] o.s.security.web.FilterChainProxy        : Securing GET /error
2026-05-03T15:55:04.271+05:30 DEBUG 75622 --- [peer-tutoring-backend] [nio-8080-exec-3] o.s.s.w.a.AnonymousAuthenticationFilter  : Set SecurityContextHolder to anonymous SecurityContext
2026-05-03T15:55:04.272+05:30 DEBUG 75622 --- [peer-tutoring-backend] [nio-8080-exec-3] o.s.s.w.a.Http403ForbiddenEntryPoint     : Pre-authenticated entry point called. Rejecting access
Hibernate: 
    select
        u1_0.id,
        u1_0.active,
        u1_0.created_at,
        u1_0.email,
        u1_0.first_name,
        u1_0.last_name,
        u1_0.password,
        u1_0.phone_number,
        u1_0.role,
        u1_0.updated_at,
        u1_0.verified 
    from
        users u1_0 
    where
        u1_0.email=?
Hibernate: 
    select
        u1_0.id,
        u1_0.active,
        u1_0.created_at,
        u1_0.email,
        u1_0.first_name,
        u1_0.last_name,
        u1_0.password,
        u1_0.phone_number,
        u1_0.role,
        u1_0.updated_at,
        u1_0.verified 
    from
        users u1_0 
    where
        u1_0.email=?
Hibernate: 
    select
        tp1_0.id,
        tp1_0.average_rating,
        tp1_0.bio,
        tp1_0.created_at,
        tp1_0.hourly_rate,
        tp1_0.status,
        tp1_0.subject,
        tp1_0.total_sessions,
        tp1_0.updated_at,
        tp1_0.user_id,
        tp1_0.years_of_experience 
    from
        tutor_profiles tp1_0 
    where
        tp1_0.user_id=?
Hibernate: 
    select
        tp1_0.id,
        tp1_0.average_rating,
        tp1_0.bio,
        tp1_0.created_at,
        tp1_0.hourly_rate,
        tp1_0.status,
        tp1_0.subject,
        tp1_0.total_sessions,
        tp1_0.updated_at,
        tp1_0.user_id,
        tp1_0.years_of_experience 
    from
        tutor_profiles tp1_0 
    where
        tp1_0.user_id=?
2026-05-03T15:55:04.286+05:30 DEBUG 75622 --- [peer-tutoring-backend] [nio-8080-exec-5] c.t.security.JwtAuthenticationFilter     : Authentication set for user: student1@example.com
2026-05-03T15:55:04.286+05:30 DEBUG 75622 --- [peer-tutoring-backend] [nio-8080-exec-4] c.t.security.JwtAuthenticationFilter     : Authentication set for user: student1@example.com
2026-05-03T15:55:04.287+05:30 DEBUG 75622 --- [peer-tutoring-backend] [nio-8080-exec-5] o.s.security.web.FilterChainProxy        : Secured GET /api/sessions/available
2026-05-03T15:55:04.287+05:30 DEBUG 75622 --- [peer-tutoring-backend] [nio-8080-exec-4] o.s.security.web.FilterChainProxy        : Secured GET /api/tutors
Hibernate: 
    select
        tp1_0.id,
        tp1_0.average_rating,
        tp1_0.bio,
        tp1_0.created_at,
        tp1_0.hourly_rate,
        tp1_0.status,
        tp1_0.subject,
        tp1_0.total_sessions,
        tp1_0.updated_at,
        tp1_0.user_id,
        tp1_0.years_of_experience 
    from
        tutor_profiles tp1_0 
    where
        tp1_0.status=?
Hibernate: 
    select
        s1_0.id,
        s1_0.created_at,
        s1_0.description,
        s1_0.end_time,
        s1_0.enrolled_students,
        s1_0.max_students,
        s1_0.price,
        s1_0.start_time,
        s1_0.status,
        s1_0.subject,
        s1_0.title,
        s1_0.tutor_id,
        s1_0.type,
        s1_0.updated_at 
    from
        sessions s1_0 
    where
        s1_0.status=?
Hibernate: 
    select
        u1_0.id,
        u1_0.active,
        u1_0.created_at,
        u1_0.email,
        u1_0.first_name,
        u1_0.last_name,
        u1_0.password,
        u1_0.phone_number,
        u1_0.role,
        u1_0.updated_at,
        u1_0.verified 
    from
        users u1_0 
    where
        u1_0.id=?
Hibernate: 
    select
        tp1_0.id,
        tp1_0.average_rating,
        tp1_0.bio,
        tp1_0.created_at,
        tp1_0.hourly_rate,
        tp1_0.status,
        tp1_0.subject,
        tp1_0.total_sessions,
        tp1_0.updated_at,
        tp1_0.user_id,
        tp1_0.years_of_experience 
    from
        tutor_profiles tp1_0 
    where
        tp1_0.user_id=?
Hibernate: 
    select
        u1_0.id,
        u1_0.active,
        u1_0.created_at,
        u1_0.email,
        u1_0.first_name,
        u1_0.last_name,
        u1_0.password,
        u1_0.phone_number,
        u1_0.role,
        u1_0.updated_at,
        u1_0.verified 
    from
        users u1_0 
    where
        u1_0.id=?
Hibernate: 
    select
        tp1_0.id,
        tp1_0.average_rating,
        tp1_0.bio,
        tp1_0.created_at,
        tp1_0.hourly_rate,
        tp1_0.status,
        tp1_0.subject,
        tp1_0.total_sessions,
        tp1_0.updated_at,
        tp1_0.user_id,
        tp1_0.years_of_experience 
    from
        tutor_profiles tp1_0 
    where
        tp1_0.user_id=?
Hibernate: 
    select
        s1_0.tutor_id,
        s1_0.subject_name 
    from
        tutor_subjects s1_0 
    where
        s1_0.tutor_id=?
Hibernate: 
    select
        u1_0.id,
        u1_0.active,
        u1_0.created_at,
        u1_0.email,
        u1_0.first_name,
        u1_0.last_name,
        u1_0.password,
        u1_0.phone_number,
        u1_0.role,
        u1_0.updated_at,
        u1_0.verified 
    from
        users u1_0 
    where
        u1_0.id=?
Hibernate: 
    select
        tp1_0.id,
        tp1_0.average_rating,
        tp1_0.bio,
        tp1_0.created_at,
        tp1_0.hourly_rate,
        tp1_0.status,
        tp1_0.subject,
        tp1_0.total_sessions,
        tp1_0.updated_at,
        tp1_0.user_id,
        tp1_0.years_of_experience 
    from
        tutor_profiles tp1_0 
    where
        tp1_0.user_id=?
Hibernate: 
    select
        u1_0.id,
        u1_0.active,
        u1_0.created_at,
        u1_0.email,
        u1_0.first_name,
        u1_0.last_name,
        u1_0.password,
        u1_0.phone_number,
        u1_0.role,
        u1_0.updated_at,
        u1_0.verified 
    from
        users u1_0 
    where
        u1_0.id=?
Hibernate: 
    select
        s1_0.tutor_id,
        s1_0.subject_name 
    from
        tutor_subjects s1_0 
    where
        s1_0.tutor_id=?
Hibernate: 
    select
        u1_0.id,
        u1_0.active,
        u1_0.created_at,
        u1_0.email,
        u1_0.first_name,
        u1_0.last_name,
        u1_0.password,
        u1_0.phone_number,
        u1_0.role,
        u1_0.updated_at,
        u1_0.verified 
    from
        users u1_0 
    where
        u1_0.id=?
Hibernate: 
    select
        tp1_0.id,
        tp1_0.average_rating,
        tp1_0.bio,
        tp1_0.created_at,
        tp1_0.hourly_rate,
        tp1_0.status,
        tp1_0.subject,
        tp1_0.total_sessions,
        tp1_0.updated_at,
        tp1_0.user_id,
        tp1_0.years_of_experience 
    from
        tutor_profiles tp1_0 
    where
        tp1_0.user_id=?
Hibernate: 
    select
        tp1_0.id,
        tp1_0.average_rating,
        tp1_0.bio,
        tp1_0.created_at,
        tp1_0.hourly_rate,
        tp1_0.status,
        tp1_0.subject,
        tp1_0.total_sessions,
        tp1_0.updated_at,
        tp1_0.user_id,
        tp1_0.years_of_experience 
    from
        tutor_profiles tp1_0 
    where
        tp1_0.user_id=?
Hibernate: 
    select
        s1_0.tutor_id,
        s1_0.subject_name 
    from
        tutor_subjects s1_0 
    where
        s1_0.tutor_id=?
Hibernate: 
    select
        u1_0.id,
        u1_0.active,
        u1_0.created_at,
        u1_0.email,
        u1_0.first_name,
        u1_0.last_name,
        u1_0.password,
        u1_0.phone_number,
        u1_0.role,
        u1_0.updated_at,
        u1_0.verified 
    from
        users u1_0 
    where
        u1_0.id=?
Hibernate: 
    select
        tp1_0.id,
        tp1_0.average_rating,
        tp1_0.bio,
        tp1_0.created_at,
        tp1_0.hourly_rate,
        tp1_0.status,
        tp1_0.subject,
        tp1_0.total_sessions,
        tp1_0.updated_at,
        tp1_0.user_id,
        tp1_0.years_of_experience 
    from
        tutor_profiles tp1_0 
    where
        tp1_0.user_id=?
Hibernate: 
    select
        s1_0.tutor_id,
        s1_0.subject_name 
    from
        tutor_subjects s1_0 
    where
        s1_0.tutor_id=?
Hibernate: 
    select
        u1_0.id,
        u1_0.active,
        u1_0.created_at,
        u1_0.email,
        u1_0.first_name,
        u1_0.last_name,
        u1_0.password,
        u1_0.phone_number,
        u1_0.role,
        u1_0.updated_at,
        u1_0.verified 
    from
        users u1_0 
    where
        u1_0.id=?
Hibernate: 
    select
        tp1_0.id,
        tp1_0.average_rating,
        tp1_0.bio,
        tp1_0.created_at,
        tp1_0.hourly_rate,
        tp1_0.status,
        tp1_0.subject,
        tp1_0.total_sessions,
        tp1_0.updated_at,
        tp1_0.user_id,
        tp1_0.years_of_experience 
    from
        tutor_profiles tp1_0 
    where
        tp1_0.user_id=?
2026-05-03T15:55:04.312+05:30 DEBUG 75622 --- [peer-tutoring-backend] [nio-8080-exec-7] o.s.security.web.FilterChainProxy        : Securing GET /api/tutors
2026-05-03T15:55:04.312+05:30 DEBUG 75622 --- [peer-tutoring-backend] [nio-8080-exec-7] c.t.security.JwtAuthenticationFilter     : JWT Token found: eyJhbGciOiJIUzM4NCJ9...
2026-05-03T15:55:04.313+05:30 DEBUG 75622 --- [peer-tutoring-backend] [nio-8080-exec-7] c.t.security.JwtAuthenticationFilter     : JWT valid, email: student1@example.com
Hibernate: 
    select
        u1_0.id,
        u1_0.active,
        u1_0.created_at,
        u1_0.email,
        u1_0.first_name,
        u1_0.last_name,
        u1_0.password,
        u1_0.phone_number,
        u1_0.role,
        u1_0.updated_at,
        u1_0.verified 
    from
        users u1_0 
    where
        u1_0.email=?
Hibernate: 
    select
        tp1_0.id,
        tp1_0.average_rating,
        tp1_0.bio,
        tp1_0.created_at,
        tp1_0.hourly_rate,
        tp1_0.status,
        tp1_0.subject,
        tp1_0.total_sessions,
        tp1_0.updated_at,
        tp1_0.user_id,
        tp1_0.years_of_experience 
    from
        tutor_profiles tp1_0 
    where
        tp1_0.user_id=?
2026-05-03T15:55:04.315+05:30 DEBUG 75622 --- [peer-tutoring-backend] [nio-8080-exec-7] c.t.security.JwtAuthenticationFilter     : Authentication set for user: student1@example.com
2026-05-03T15:55:04.315+05:30 DEBUG 75622 --- [peer-tutoring-backend] [nio-8080-exec-7] o.s.security.web.FilterChainProxy        : Secured GET /api/tutors
2026-05-03T15:55:04.316+05:30 DEBUG 75622 --- [peer-tutoring-backend] [nio-8080-exec-8] o.s.security.web.FilterChainProxy        : Securing GET /api/sessions/available
2026-05-03T15:55:04.316+05:30 DEBUG 75622 --- [peer-tutoring-backend] [nio-8080-exec-8] c.t.security.JwtAuthenticationFilter     : JWT Token found: eyJhbGciOiJIUzM4NCJ9...
2026-05-03T15:55:04.317+05:30 DEBUG 75622 --- [peer-tutoring-backend] [nio-8080-exec-8] c.t.security.JwtAuthenticationFilter     : JWT valid, email: student1@example.com
Hibernate: 
    select
        u1_0.id,
        u1_0.active,
        u1_0.created_at,
        u1_0.email,
        u1_0.first_name,
        u1_0.last_name,
        u1_0.password,
        u1_0.phone_number,
        u1_0.role,
        u1_0.updated_at,
        u1_0.verified 
    from
        users u1_0 
    where
        u1_0.email=?
Hibernate: 
    select
        tp1_0.id,
        tp1_0.average_rating,
        tp1_0.bio,
        tp1_0.created_at,
        tp1_0.hourly_rate,
        tp1_0.status,
        tp1_0.subject,
        tp1_0.total_sessions,
        tp1_0.updated_at,
        tp1_0.user_id,
        tp1_0.years_of_experience 
    from
        tutor_profiles tp1_0 
    where
        tp1_0.user_id=?
2026-05-03T15:55:04.318+05:30 DEBUG 75622 --- [peer-tutoring-backend] [nio-8080-exec-8] c.t.security.JwtAuthenticationFilter     : Authentication set for user: student1@example.com
2026-05-03T15:55:04.319+05:30 DEBUG 75622 --- [peer-tutoring-backend] [nio-8080-exec-8] o.s.security.web.FilterChainProxy        : Secured GET /api/sessions/available
Hibernate: 
    select
        tp1_0.id,
        tp1_0.average_rating,
        tp1_0.bio,
        tp1_0.created_at,
        tp1_0.hourly_rate,
        tp1_0.status,
        tp1_0.subject,
        tp1_0.total_sessions,
        tp1_0.updated_at,
        tp1_0.user_id,
        tp1_0.years_of_experience 
    from
        tutor_profiles tp1_0 
    where
        tp1_0.status=?
Hibernate: 
    select
        s1_0.id,
        s1_0.created_at,
        s1_0.description,
        s1_0.end_time,
        s1_0.enrolled_students,
        s1_0.max_students,
        s1_0.price,
        s1_0.start_time,
        s1_0.status,
        s1_0.subject,
        s1_0.title,
        s1_0.tutor_id,
        s1_0.type,
        s1_0.updated_at 
    from
        sessions s1_0 
    where
        s1_0.status=?
Hibernate: 
    select
        u1_0.id,
        u1_0.active,
        u1_0.created_at,
        u1_0.email,
        u1_0.first_name,
        u1_0.last_name,
        u1_0.password,
        u1_0.phone_number,
        u1_0.role,
        u1_0.updated_at,
        u1_0.verified 
    from
        users u1_0 
    where
        u1_0.id=?
Hibernate: 
    select
        tp1_0.id,
        tp1_0.average_rating,
        tp1_0.bio,
        tp1_0.created_at,
        tp1_0.hourly_rate,
        tp1_0.status,
        tp1_0.subject,
        tp1_0.total_sessions,
        tp1_0.updated_at,
        tp1_0.user_id,
        tp1_0.years_of_experience 
    from
        tutor_profiles tp1_0 
    where
        tp1_0.user_id=?
Hibernate: 
    select
        s1_0.tutor_id,
        s1_0.subject_name 
    from
        tutor_subjects s1_0 
    where
        s1_0.tutor_id=?
Hibernate: 
    select
        u1_0.id,
        u1_0.active,
        u1_0.created_at,
        u1_0.email,
        u1_0.first_name,
        u1_0.last_name,
        u1_0.password,
        u1_0.phone_number,
        u1_0.role,
        u1_0.updated_at,
        u1_0.verified 
    from
        users u1_0 
    where
        u1_0.id=?
Hibernate: 
    select
        tp1_0.id,
        tp1_0.average_rating,
        tp1_0.bio,
        tp1_0.created_at,
        tp1_0.hourly_rate,
        tp1_0.status,
        tp1_0.subject,
        tp1_0.total_sessions,
        tp1_0.updated_at,
        tp1_0.user_id,
        tp1_0.years_of_experience 
    from
        tutor_profiles tp1_0 
    where
        tp1_0.user_id=?
Hibernate: 
    select
        u1_0.id,
        u1_0.active,
        u1_0.created_at,
        u1_0.email,
        u1_0.first_name,
        u1_0.last_name,
        u1_0.password,
        u1_0.phone_number,
        u1_0.role,
        u1_0.updated_at,
        u1_0.verified 
    from
        users u1_0 
    where
        u1_0.id=?
Hibernate: 
    select
        s1_0.tutor_id,
        s1_0.subject_name 
    from
        tutor_subjects s1_0 
    where
        s1_0.tutor_id=?
Hibernate: 
    select
        tp1_0.id,
        tp1_0.average_rating,
        tp1_0.bio,
        tp1_0.created_at,
        tp1_0.hourly_rate,
        tp1_0.status,
        tp1_0.subject,
        tp1_0.total_sessions,
        tp1_0.updated_at,
        tp1_0.user_id,
        tp1_0.years_of_experience 
    from
        tutor_profiles tp1_0 
    where
        tp1_0.user_id=?
Hibernate: 
    select
        u1_0.id,
        u1_0.active,
        u1_0.created_at,
        u1_0.email,
        u1_0.first_name,
        u1_0.last_name,
        u1_0.password,
        u1_0.phone_number,
        u1_0.role,
        u1_0.updated_at,
        u1_0.verified 
    from
        users u1_0 
    where
        u1_0.id=?
Hibernate: 
    select
        u1_0.id,
        u1_0.active,
        u1_0.created_at,
        u1_0.email,
        u1_0.first_name,
        u1_0.last_name,
        u1_0.password,
        u1_0.phone_number,
        u1_0.role,
        u1_0.updated_at,
        u1_0.verified 
    from
        users u1_0 
    where
        u1_0.id=?
Hibernate: 
    select
        tp1_0.id,
        tp1_0.average_rating,
        tp1_0.bio,
        tp1_0.created_at,
        tp1_0.hourly_rate,
        tp1_0.status,
        tp1_0.subject,
        tp1_0.total_sessions,
        tp1_0.updated_at,
        tp1_0.user_id,
        tp1_0.years_of_experience 
    from
        tutor_profiles tp1_0 
    where
        tp1_0.user_id=?
Hibernate: 
    select
        u1_0.id,
        u1_0.active,
        u1_0.created_at,
        u1_0.email,
        u1_0.first_name,
        u1_0.last_name,
        u1_0.password,
        u1_0.phone_number,
        u1_0.role,
        u1_0.updated_at,
        u1_0.verified 
    from
        users u1_0 
    where
        u1_0.id=?
Hibernate: 
    select
        tp1_0.id,
        tp1_0.average_rating,
        tp1_0.bio,
        tp1_0.created_at,
        tp1_0.hourly_rate,
        tp1_0.status,
        tp1_0.subject,
        tp1_0.total_sessions,
        tp1_0.updated_at,
        tp1_0.user_id,
        tp1_0.years_of_experience 
    from
        tutor_profiles tp1_0 
    where
        tp1_0.user_id=?
Hibernate: 
    select
        tp1_0.id,
        tp1_0.average_rating,
        tp1_0.bio,
        tp1_0.created_at,
        tp1_0.hourly_rate,
        tp1_0.status,
        tp1_0.subject,
        tp1_0.total_sessions,
        tp1_0.updated_at,
        tp1_0.user_id,
        tp1_0.years_of_experience 
    from
        tutor_profiles tp1_0 
    where
        tp1_0.user_id=?
Hibernate: 
    select
        s1_0.tutor_id,
        s1_0.subject_name 
    from
        tutor_subjects s1_0 
    where
        s1_0.tutor_id=?
Hibernate: 
    select
        u1_0.id,
        u1_0.active,
        u1_0.created_at,
        u1_0.email,
        u1_0.first_name,
        u1_0.last_name,
        u1_0.password,
        u1_0.phone_number,
        u1_0.role,
        u1_0.updated_at,
        u1_0.verified 
    from
        users u1_0 
    where
        u1_0.id=?
Hibernate: 
    select
        tp1_0.id,
        tp1_0.average_rating,
        tp1_0.bio,
        tp1_0.created_at,
        tp1_0.hourly_rate,
        tp1_0.status,
        tp1_0.subject,
        tp1_0.total_sessions,
        tp1_0.updated_at,
        tp1_0.user_id,
        tp1_0.years_of_experience 
    from
        tutor_profiles tp1_0 
    where
        tp1_0.user_id=?
Hibernate: 
    select
        s1_0.tutor_id,
        s1_0.subject_name 
    from
        tutor_subjects s1_0 
    where
        s1_0.tutor_id=?
2026-05-03T15:55:28.054+05:30 DEBUG 75622 --- [peer-tutoring-backend] [nio-8080-exec-9] o.s.security.web.FilterChainProxy        : Securing GET /api/sessions/available
2026-05-03T15:55:28.054+05:30 DEBUG 75622 --- [peer-tutoring-backend] [io-8080-exec-10] o.s.security.web.FilterChainProxy        : Securing GET /api/tutors
2026-05-03T15:55:28.054+05:30 DEBUG 75622 --- [peer-tutoring-backend] [nio-8080-exec-2] o.s.security.web.FilterChainProxy        : Securing GET /favicon.ico
2026-05-03T15:55:28.071+05:30 DEBUG 75622 --- [peer-tutoring-backend] [nio-8080-exec-2] o.s.s.w.a.AnonymousAuthenticationFilter  : Set SecurityContextHolder to anonymous SecurityContext
2026-05-03T15:55:28.071+05:30 DEBUG 75622 --- [peer-tutoring-backend] [nio-8080-exec-9] c.t.security.JwtAuthenticationFilter     : JWT Token found: eyJhbGciOiJIUzM4NCJ9...
2026-05-03T15:55:28.072+05:30 DEBUG 75622 --- [peer-tutoring-backend] [io-8080-exec-10] c.t.security.JwtAuthenticationFilter     : JWT Token found: eyJhbGciOiJIUzM4NCJ9...
2026-05-03T15:55:28.077+05:30 DEBUG 75622 --- [peer-tutoring-backend] [nio-8080-exec-2] o.s.s.w.a.Http403ForbiddenEntryPoint     : Pre-authenticated entry point called. Rejecting access
2026-05-03T15:55:28.077+05:30 DEBUG 75622 --- [peer-tutoring-backend] [nio-8080-exec-2] o.s.security.web.FilterChainProxy        : Securing GET /error
2026-05-03T15:55:28.077+05:30 DEBUG 75622 --- [peer-tutoring-backend] [io-8080-exec-10] c.t.security.JwtAuthenticationFilter     : JWT valid, email: student1@example.com
2026-05-03T15:55:28.078+05:30 DEBUG 75622 --- [peer-tutoring-backend] [nio-8080-exec-9] c.t.security.JwtAuthenticationFilter     : JWT valid, email: student1@example.com
2026-05-03T15:55:28.078+05:30 DEBUG 75622 --- [peer-tutoring-backend] [nio-8080-exec-2] o.s.s.w.a.AnonymousAuthenticationFilter  : Set SecurityContextHolder to anonymous SecurityContext
2026-05-03T15:55:28.078+05:30 DEBUG 75622 --- [peer-tutoring-backend] [nio-8080-exec-2] o.s.s.w.a.Http403ForbiddenEntryPoint     : Pre-authenticated entry point called. Rejecting access
Hibernate: 
    select
        u1_0.id,
        u1_0.active,
        u1_0.created_at,
        u1_0.email,
        u1_0.first_name,
        u1_0.last_name,
        u1_0.password,
        u1_0.phone_number,
        u1_0.role,
        u1_0.updated_at,
        u1_0.verified 
    from
        users u1_0 
    where
        u1_0.email=?
Hibernate: 
    select
        u1_0.id,
        u1_0.active,
        u1_0.created_at,
        u1_0.email,
        u1_0.first_name,
        u1_0.last_name,
        u1_0.password,
        u1_0.phone_number,
        u1_0.role,
        u1_0.updated_at,
        u1_0.verified 
    from
        users u1_0 
    where
        u1_0.email=?
Hibernate: 
    select
        tp1_0.id,
        tp1_0.average_rating,
        tp1_0.bio,
        tp1_0.created_at,
        tp1_0.hourly_rate,
        tp1_0.status,
        tp1_0.subject,
        tp1_0.total_sessions,
        tp1_0.updated_at,
        tp1_0.user_id,
        tp1_0.years_of_experience 
    from
        tutor_profiles tp1_0 
    where
        tp1_0.user_id=?
Hibernate: 
    select
        tp1_0.id,
        tp1_0.average_rating,
        tp1_0.bio,
        tp1_0.created_at,
        tp1_0.hourly_rate,
        tp1_0.status,
        tp1_0.subject,
        tp1_0.total_sessions,
        tp1_0.updated_at,
        tp1_0.user_id,
        tp1_0.years_of_experience 
    from
        tutor_profiles tp1_0 
    where
        tp1_0.user_id=?
2026-05-03T15:55:28.088+05:30 DEBUG 75622 --- [peer-tutoring-backend] [nio-8080-exec-9] c.t.security.JwtAuthenticationFilter     : Authentication set for user: student1@example.com
2026-05-03T15:55:28.088+05:30 DEBUG 75622 --- [peer-tutoring-backend] [io-8080-exec-10] c.t.security.JwtAuthenticationFilter     : Authentication set for user: student1@example.com
2026-05-03T15:55:28.089+05:30 DEBUG 75622 --- [peer-tutoring-backend] [nio-8080-exec-9] o.s.security.web.FilterChainProxy        : Secured GET /api/sessions/available
2026-05-03T15:55:28.089+05:30 DEBUG 75622 --- [peer-tutoring-backend] [io-8080-exec-10] o.s.security.web.FilterChainProxy        : Secured GET /api/tutors
Hibernate: 
    select
        s1_0.id,
        s1_0.created_at,
        s1_0.description,
        s1_0.end_time,
        s1_0.enrolled_students,
        s1_0.max_students,
        s1_0.price,
        s1_0.start_time,
        s1_0.status,
        s1_0.subject,
        s1_0.title,
        s1_0.tutor_id,
        s1_0.type,
        s1_0.updated_at 
    from
        sessions s1_0 
    where
        s1_0.status=?
Hibernate: 
    select
        tp1_0.id,
        tp1_0.average_rating,
        tp1_0.bio,
        tp1_0.created_at,
        tp1_0.hourly_rate,
        tp1_0.status,
        tp1_0.subject,
        tp1_0.total_sessions,
        tp1_0.updated_at,
        tp1_0.user_id,
        tp1_0.years_of_experience 
    from
        tutor_profiles tp1_0 
    where
        tp1_0.status=?
Hibernate: 
    select
        u1_0.id,
        u1_0.active,
        u1_0.created_at,
        u1_0.email,
        u1_0.first_name,
        u1_0.last_name,
        u1_0.password,
        u1_0.phone_number,
        u1_0.role,
        u1_0.updated_at,
        u1_0.verified 
    from
        users u1_0 
    where
        u1_0.id=?
Hibernate: 
    select
        u1_0.id,
        u1_0.active,
        u1_0.created_at,
        u1_0.email,
        u1_0.first_name,
        u1_0.last_name,
        u1_0.password,
        u1_0.phone_number,
        u1_0.role,
        u1_0.updated_at,
        u1_0.verified 
    from
        users u1_0 
    where
        u1_0.id=?
Hibernate: 
    select
        tp1_0.id,
        tp1_0.average_rating,
        tp1_0.bio,
        tp1_0.created_at,
        tp1_0.hourly_rate,
        tp1_0.status,
        tp1_0.subject,
        tp1_0.total_sessions,
        tp1_0.updated_at,
        tp1_0.user_id,
        tp1_0.years_of_experience 
    from
        tutor_profiles tp1_0 
    where
        tp1_0.user_id=?
Hibernate: 
    select
        tp1_0.id,
        tp1_0.average_rating,
        tp1_0.bio,
        tp1_0.created_at,
        tp1_0.hourly_rate,
        tp1_0.status,
        tp1_0.subject,
        tp1_0.total_sessions,
        tp1_0.updated_at,
        tp1_0.user_id,
        tp1_0.years_of_experience 
    from
        tutor_profiles tp1_0 
    where
        tp1_0.user_id=?
Hibernate: 
    select
        s1_0.tutor_id,
        s1_0.subject_name 
    from
        tutor_subjects s1_0 
    where
        s1_0.tutor_id=?
Hibernate: 
    select
        u1_0.id,
        u1_0.active,
        u1_0.created_at,
        u1_0.email,
        u1_0.first_name,
        u1_0.last_name,
        u1_0.password,
        u1_0.phone_number,
        u1_0.role,
        u1_0.updated_at,
        u1_0.verified 
    from
        users u1_0 
    where
        u1_0.id=?
Hibernate: 
    select
        tp1_0.id,
        tp1_0.average_rating,
        tp1_0.bio,
        tp1_0.created_at,
        tp1_0.hourly_rate,
        tp1_0.status,
        tp1_0.subject,
        tp1_0.total_sessions,
        tp1_0.updated_at,
        tp1_0.user_id,
        tp1_0.years_of_experience 
    from
        tutor_profiles tp1_0 
    where
        tp1_0.user_id=?
Hibernate: 
    select
        u1_0.id,
        u1_0.active,
        u1_0.created_at,
        u1_0.email,
        u1_0.first_name,
        u1_0.last_name,
        u1_0.password,
        u1_0.phone_number,
        u1_0.role,
        u1_0.updated_at,
        u1_0.verified 
    from
        users u1_0 
    where
        u1_0.id=?
Hibernate: 
    select
        u1_0.id,
        u1_0.active,
        u1_0.created_at,
        u1_0.email,
        u1_0.first_name,
        u1_0.last_name,
        u1_0.password,
        u1_0.phone_number,
        u1_0.role,
        u1_0.updated_at,
        u1_0.verified 
    from
        users u1_0 
    where
        u1_0.id=?
Hibernate: 
    select
        tp1_0.id,
        tp1_0.average_rating,
        tp1_0.bio,
        tp1_0.created_at,
        tp1_0.hourly_rate,
        tp1_0.status,
        tp1_0.subject,
        tp1_0.total_sessions,
        tp1_0.updated_at,
        tp1_0.user_id,
        tp1_0.years_of_experience 
    from
        tutor_profiles tp1_0 
    where
        tp1_0.user_id=?
Hibernate: 
    select
        tp1_0.id,
        tp1_0.average_rating,
        tp1_0.bio,
        tp1_0.created_at,
        tp1_0.hourly_rate,
        tp1_0.status,
        tp1_0.subject,
        tp1_0.total_sessions,
        tp1_0.updated_at,
        tp1_0.user_id,
        tp1_0.years_of_experience 
    from
        tutor_profiles tp1_0 
    where
        tp1_0.user_id=?
Hibernate: 
    select
        s1_0.tutor_id,
        s1_0.subject_name 
    from
        tutor_subjects s1_0 
    where
        s1_0.tutor_id=?
Hibernate: 
    select
        u1_0.id,
        u1_0.active,
        u1_0.created_at,
        u1_0.email,
        u1_0.first_name,
        u1_0.last_name,
        u1_0.password,
        u1_0.phone_number,
        u1_0.role,
        u1_0.updated_at,
        u1_0.verified 
    from
        users u1_0 
    where
        u1_0.id=?
Hibernate: 
    select
        tp1_0.id,
        tp1_0.average_rating,
        tp1_0.bio,
        tp1_0.created_at,
        tp1_0.hourly_rate,
        tp1_0.status,
        tp1_0.subject,
        tp1_0.total_sessions,
        tp1_0.updated_at,
        tp1_0.user_id,
        tp1_0.years_of_experience 
    from
        tutor_profiles tp1_0 
    where
        tp1_0.user_id=?
Hibernate: 
    select
        s1_0.tutor_id,
        s1_0.subject_name 
    from
        tutor_subjects s1_0 
    where
        s1_0.tutor_id=?
Hibernate: 
    select
        u1_0.id,
        u1_0.active,
        u1_0.created_at,
        u1_0.email,
        u1_0.first_name,
        u1_0.last_name,
        u1_0.password,
        u1_0.phone_number,
        u1_0.role,
        u1_0.updated_at,
        u1_0.verified 
    from
        users u1_0 
    where
        u1_0.id=?
Hibernate: 
    select
        tp1_0.id,
        tp1_0.average_rating,
        tp1_0.bio,
        tp1_0.created_at,
        tp1_0.hourly_rate,
        tp1_0.status,
        tp1_0.subject,
        tp1_0.total_sessions,
        tp1_0.updated_at,
        tp1_0.user_id,
        tp1_0.years_of_experience 
    from
        tutor_profiles tp1_0 
    where
        tp1_0.user_id=?
Hibernate: 
    select
        s1_0.tutor_id,
        s1_0.subject_name 
    from
        tutor_subjects s1_0 
    where
        s1_0.tutor_id=?
2026-05-03T15:55:28.118+05:30 DEBUG 75622 --- [peer-tutoring-backend] [nio-8080-exec-6] o.s.security.web.FilterChainProxy        : Securing GET /api/sessions/available
2026-05-03T15:55:28.119+05:30 DEBUG 75622 --- [peer-tutoring-backend] [nio-8080-exec-6] c.t.security.JwtAuthenticationFilter     : JWT Token found: eyJhbGciOiJIUzM4NCJ9...
2026-05-03T15:55:28.122+05:30 DEBUG 75622 --- [peer-tutoring-backend] [nio-8080-exec-1] o.s.security.web.FilterChainProxy        : Securing GET /api/tutors
2026-05-03T15:55:28.123+05:30 DEBUG 75622 --- [peer-tutoring-backend] [nio-8080-exec-1] c.t.security.JwtAuthenticationFilter     : JWT Token found: eyJhbGciOiJIUzM4NCJ9...
2026-05-03T15:55:28.123+05:30 DEBUG 75622 --- [peer-tutoring-backend] [nio-8080-exec-6] c.t.security.JwtAuthenticationFilter     : JWT valid, email: student1@example.com
2026-05-03T15:55:28.123+05:30 DEBUG 75622 --- [peer-tutoring-backend] [nio-8080-exec-1] c.t.security.JwtAuthenticationFilter     : JWT valid, email: student1@example.com
Hibernate: 
    select
        u1_0.id,
        u1_0.active,
        u1_0.created_at,
        u1_0.email,
        u1_0.first_name,
        u1_0.last_name,
        u1_0.password,
        u1_0.phone_number,
        u1_0.role,
        u1_0.updated_at,
        u1_0.verified 
    from
        users u1_0 
    where
        u1_0.email=?
Hibernate: 
    select
        u1_0.id,
        u1_0.active,
        u1_0.created_at,
        u1_0.email,
        u1_0.first_name,
        u1_0.last_name,
        u1_0.password,
        u1_0.phone_number,
        u1_0.role,
        u1_0.updated_at,
        u1_0.verified 
    from
        users u1_0 
    where
        u1_0.email=?
Hibernate: 
    select
        tp1_0.id,
        tp1_0.average_rating,
        tp1_0.bio,
        tp1_0.created_at,
        tp1_0.hourly_rate,
        tp1_0.status,
        tp1_0.subject,
        tp1_0.total_sessions,
        tp1_0.updated_at,
        tp1_0.user_id,
        tp1_0.years_of_experience 
    from
        tutor_profiles tp1_0 
    where
        tp1_0.user_id=?
Hibernate: 
    select
        tp1_0.id,
        tp1_0.average_rating,
        tp1_0.bio,
        tp1_0.created_at,
        tp1_0.hourly_rate,
        tp1_0.status,
        tp1_0.subject,
        tp1_0.total_sessions,
        tp1_0.updated_at,
        tp1_0.user_id,
        tp1_0.years_of_experience 
    from
        tutor_profiles tp1_0 
    where
        tp1_0.user_id=?
2026-05-03T15:55:28.126+05:30 DEBUG 75622 --- [peer-tutoring-backend] [nio-8080-exec-1] c.t.security.JwtAuthenticationFilter     : Authentication set for user: student1@example.com
2026-05-03T15:55:28.126+05:30 DEBUG 75622 --- [peer-tutoring-backend] [nio-8080-exec-6] c.t.security.JwtAuthenticationFilter     : Authentication set for user: student1@example.com
2026-05-03T15:55:28.126+05:30 DEBUG 75622 --- [peer-tutoring-backend] [nio-8080-exec-1] o.s.security.web.FilterChainProxy        : Secured GET /api/tutors
2026-05-03T15:55:28.126+05:30 DEBUG 75622 --- [peer-tutoring-backend] [nio-8080-exec-6] o.s.security.web.FilterChainProxy        : Secured GET /api/sessions/available
Hibernate: 
    select
        tp1_0.id,
        tp1_0.average_rating,
        tp1_0.bio,
        tp1_0.created_at,
        tp1_0.hourly_rate,
        tp1_0.status,
        tp1_0.subject,
        tp1_0.total_sessions,
        tp1_0.updated_at,
        tp1_0.user_id,
        tp1_0.years_of_experience 
    from
        tutor_profiles tp1_0 
    where
        tp1_0.status=?
Hibernate: 
    select
        s1_0.id,
        s1_0.created_at,
        s1_0.description,
        s1_0.end_time,
        s1_0.enrolled_students,
        s1_0.max_students,
        s1_0.price,
        s1_0.start_time,
        s1_0.status,
        s1_0.subject,
        s1_0.title,
        s1_0.tutor_id,
        s1_0.type,
        s1_0.updated_at 
    from
        sessions s1_0 
    where
        s1_0.status=?
Hibernate: 
    select
        u1_0.id,
        u1_0.active,
        u1_0.created_at,
        u1_0.email,
        u1_0.first_name,
        u1_0.last_name,
        u1_0.password,
        u1_0.phone_number,
        u1_0.role,
        u1_0.updated_at,
        u1_0.verified 
    from
        users u1_0 
    where
        u1_0.id=?
Hibernate: 
    select
        u1_0.id,
        u1_0.active,
        u1_0.created_at,
        u1_0.email,
        u1_0.first_name,
        u1_0.last_name,
        u1_0.password,
        u1_0.phone_number,
        u1_0.role,
        u1_0.updated_at,
        u1_0.verified 
    from
        users u1_0 
    where
        u1_0.id=?
Hibernate: 
    select
        tp1_0.id,
        tp1_0.average_rating,
        tp1_0.bio,
        tp1_0.created_at,
        tp1_0.hourly_rate,
        tp1_0.status,
        tp1_0.subject,
        tp1_0.total_sessions,
        tp1_0.updated_at,
        tp1_0.user_id,
        tp1_0.years_of_experience 
    from
        tutor_profiles tp1_0 
    where
        tp1_0.user_id=?
Hibernate: 
    select
        tp1_0.id,
        tp1_0.average_rating,
        tp1_0.bio,
        tp1_0.created_at,
        tp1_0.hourly_rate,
        tp1_0.status,
        tp1_0.subject,
        tp1_0.total_sessions,
        tp1_0.updated_at,
        tp1_0.user_id,
        tp1_0.years_of_experience 
    from
        tutor_profiles tp1_0 
    where
        tp1_0.user_id=?
Hibernate: 
    select
        u1_0.id,
        u1_0.active,
        u1_0.created_at,
        u1_0.email,
        u1_0.first_name,
        u1_0.last_name,
        u1_0.password,
        u1_0.phone_number,
        u1_0.role,
        u1_0.updated_at,
        u1_0.verified 
    from
        users u1_0 
    where
        u1_0.id=?
Hibernate: 
    select
        s1_0.tutor_id,
        s1_0.subject_name 
    from
        tutor_subjects s1_0 
    where
        s1_0.tutor_id=?
Hibernate: 
    select
        tp1_0.id,
        tp1_0.average_rating,
        tp1_0.bio,
        tp1_0.created_at,
        tp1_0.hourly_rate,
        tp1_0.status,
        tp1_0.subject,
        tp1_0.total_sessions,
        tp1_0.updated_at,
        tp1_0.user_id,
        tp1_0.years_of_experience 
    from
        tutor_profiles tp1_0 
    where
        tp1_0.user_id=?
Hibernate: 
    select
        u1_0.id,
        u1_0.active,
        u1_0.created_at,
        u1_0.email,
        u1_0.first_name,
        u1_0.last_name,
        u1_0.password,
        u1_0.phone_number,
        u1_0.role,
        u1_0.updated_at,
        u1_0.verified 
    from
        users u1_0 
    where
        u1_0.id=?
Hibernate: 
    select
        tp1_0.id,
        tp1_0.average_rating,
        tp1_0.bio,
        tp1_0.created_at,
        tp1_0.hourly_rate,
        tp1_0.status,
        tp1_0.subject,
        tp1_0.total_sessions,
        tp1_0.updated_at,
        tp1_0.user_id,
        tp1_0.years_of_experience 
    from
        tutor_profiles tp1_0 
    where
        tp1_0.user_id=?
Hibernate: 
    select
        s1_0.tutor_id,
        s1_0.subject_name 
    from
        tutor_subjects s1_0 
    where
        s1_0.tutor_id=?
Hibernate: 
    select
        u1_0.id,
        u1_0.active,
        u1_0.created_at,
        u1_0.email,
        u1_0.first_name,
        u1_0.last_name,
        u1_0.password,
        u1_0.phone_number,
        u1_0.role,
        u1_0.updated_at,
        u1_0.verified 
    from
        users u1_0 
    where
        u1_0.id=?
Hibernate: 
    select
        u1_0.id,
        u1_0.active,
        u1_0.created_at,
        u1_0.email,
        u1_0.first_name,
        u1_0.last_name,
        u1_0.password,
        u1_0.phone_number,
        u1_0.role,
        u1_0.updated_at,
        u1_0.verified 
    from
        users u1_0 
    where
        u1_0.id=?
Hibernate: 
    select
        tp1_0.id,
        tp1_0.average_rating,
        tp1_0.bio,
        tp1_0.created_at,
        tp1_0.hourly_rate,
        tp1_0.status,
        tp1_0.subject,
        tp1_0.total_sessions,
        tp1_0.updated_at,
        tp1_0.user_id,
        tp1_0.years_of_experience 
    from
        tutor_profiles tp1_0 
    where
        tp1_0.user_id=?
Hibernate: 
    select
        tp1_0.id,
        tp1_0.average_rating,
        tp1_0.bio,
        tp1_0.created_at,
        tp1_0.hourly_rate,
        tp1_0.status,
        tp1_0.subject,
        tp1_0.total_sessions,
        tp1_0.updated_at,
        tp1_0.user_id,
        tp1_0.years_of_experience 
    from
        tutor_profiles tp1_0 
    where
        tp1_0.user_id=?
Hibernate: 
    select
        s1_0.tutor_id,
        s1_0.subject_name 
    from
        tutor_subjects s1_0 
    where
        s1_0.tutor_id=?
Hibernate: 
    select
        u1_0.id,
        u1_0.active,
        u1_0.created_at,
        u1_0.email,
        u1_0.first_name,
        u1_0.last_name,
        u1_0.password,
        u1_0.phone_number,
        u1_0.role,
        u1_0.updated_at,
        u1_0.verified 
    from
        users u1_0 
    where
        u1_0.id=?
Hibernate: 
    select
        tp1_0.id,
        tp1_0.average_rating,
        tp1_0.bio,
        tp1_0.created_at,
        tp1_0.hourly_rate,
        tp1_0.status,
        tp1_0.subject,
        tp1_0.total_sessions,
        tp1_0.updated_at,
        tp1_0.user_id,
        tp1_0.years_of_experience 
    from
        tutor_profiles tp1_0 
    where
        tp1_0.user_id=?
Hibernate: 
    select
        s1_0.tutor_id,
        s1_0.subject_name 
    from
        tutor_subjects s1_0 
    where
        s1_0.tutor_id=?
2026-05-03T15:55:29.993+05:30 DEBUG 75622 --- [peer-tutoring-backend] [nio-8080-exec-3] o.s.security.web.FilterChainProxy        : Securing GET /api/sessions/available
2026-05-03T15:55:29.993+05:30 DEBUG 75622 --- [peer-tutoring-backend] [nio-8080-exec-3] c.t.security.JwtAuthenticationFilter     : JWT Token found: eyJhbGciOiJIUzM4NCJ9...
2026-05-03T15:55:29.994+05:30 DEBUG 75622 --- [peer-tutoring-backend] [nio-8080-exec-3] c.t.security.JwtAuthenticationFilter     : JWT valid, email: student1@example.com
Hibernate: 
    select
        u1_0.id,
        u1_0.active,
        u1_0.created_at,
        u1_0.email,
        u1_0.first_name,
        u1_0.last_name,
        u1_0.password,
        u1_0.phone_number,
        u1_0.role,
        u1_0.updated_at,
        u1_0.verified 
    from
        users u1_0 
    where
        u1_0.email=?
Hibernate: 
    select
        tp1_0.id,
        tp1_0.average_rating,
        tp1_0.bio,
        tp1_0.created_at,
        tp1_0.hourly_rate,
        tp1_0.status,
        tp1_0.subject,
        tp1_0.total_sessions,
        tp1_0.updated_at,
        tp1_0.user_id,
        tp1_0.years_of_experience 
    from
        tutor_profiles tp1_0 
    where
        tp1_0.user_id=?
2026-05-03T15:55:29.997+05:30 DEBUG 75622 --- [peer-tutoring-backend] [nio-8080-exec-3] c.t.security.JwtAuthenticationFilter     : Authentication set for user: student1@example.com
2026-05-03T15:55:29.997+05:30 DEBUG 75622 --- [peer-tutoring-backend] [nio-8080-exec-3] o.s.security.web.FilterChainProxy        : Secured GET /api/sessions/available
Hibernate: 
    select
        s1_0.id,
        s1_0.created_at,
        s1_0.description,
        s1_0.end_time,
        s1_0.enrolled_students,
        s1_0.max_students,
        s1_0.price,
        s1_0.start_time,
        s1_0.status,
        s1_0.subject,
        s1_0.title,
        s1_0.tutor_id,
        s1_0.type,
        s1_0.updated_at 
    from
        sessions s1_0 
    where
        s1_0.status=?
Hibernate: 
    select
        u1_0.id,
        u1_0.active,
        u1_0.created_at,
        u1_0.email,
        u1_0.first_name,
        u1_0.last_name,
        u1_0.password,
        u1_0.phone_number,
        u1_0.role,
        u1_0.updated_at,
        u1_0.verified 
    from
        users u1_0 
    where
        u1_0.id=?
Hibernate: 
    select
        tp1_0.id,
        tp1_0.average_rating,
        tp1_0.bio,
        tp1_0.created_at,
        tp1_0.hourly_rate,
        tp1_0.status,
        tp1_0.subject,
        tp1_0.total_sessions,
        tp1_0.updated_at,
        tp1_0.user_id,
        tp1_0.years_of_experience 
    from
        tutor_profiles tp1_0 
    where
        tp1_0.user_id=?
Hibernate: 
    select
        u1_0.id,
        u1_0.active,
        u1_0.created_at,
        u1_0.email,
        u1_0.first_name,
        u1_0.last_name,
        u1_0.password,
        u1_0.phone_number,
        u1_0.role,
        u1_0.updated_at,
        u1_0.verified 
    from
        users u1_0 
    where
        u1_0.id=?
Hibernate: 
    select
        tp1_0.id,
        tp1_0.average_rating,
        tp1_0.bio,
        tp1_0.created_at,
        tp1_0.hourly_rate,
        tp1_0.status,
        tp1_0.subject,
        tp1_0.total_sessions,
        tp1_0.updated_at,
        tp1_0.user_id,
        tp1_0.years_of_experience 
    from
        tutor_profiles tp1_0 
    where
        tp1_0.user_id=?
Hibernate: 
    select
        u1_0.id,
        u1_0.active,
        u1_0.created_at,
        u1_0.email,
        u1_0.first_name,
        u1_0.last_name,
        u1_0.password,
        u1_0.phone_number,
        u1_0.role,
        u1_0.updated_at,
        u1_0.verified 
    from
        users u1_0 
    where
        u1_0.id=?
Hibernate: 
    select
        tp1_0.id,
        tp1_0.average_rating,
        tp1_0.bio,
        tp1_0.created_at,
        tp1_0.hourly_rate,
        tp1_0.status,
        tp1_0.subject,
        tp1_0.total_sessions,
        tp1_0.updated_at,
        tp1_0.user_id,
        tp1_0.years_of_experience 
    from
        tutor_profiles tp1_0 
    where
        tp1_0.user_id=?
2026-05-03T15:55:30.002+05:30 DEBUG 75622 --- [peer-tutoring-backend] [nio-8080-exec-4] o.s.security.web.FilterChainProxy        : Securing GET /favicon.ico
2026-05-03T15:55:30.003+05:30 DEBUG 75622 --- [peer-tutoring-backend] [nio-8080-exec-4] o.s.s.w.a.AnonymousAuthenticationFilter  : Set SecurityContextHolder to anonymous SecurityContext
2026-05-03T15:55:30.004+05:30 DEBUG 75622 --- [peer-tutoring-backend] [nio-8080-exec-4] o.s.s.w.a.Http403ForbiddenEntryPoint     : Pre-authenticated entry point called. Rejecting access
2026-05-03T15:55:30.004+05:30 DEBUG 75622 --- [peer-tutoring-backend] [nio-8080-exec-4] o.s.security.web.FilterChainProxy        : Securing GET /error
2026-05-03T15:55:30.006+05:30 DEBUG 75622 --- [peer-tutoring-backend] [nio-8080-exec-4] o.s.s.w.a.AnonymousAuthenticationFilter  : Set SecurityContextHolder to anonymous SecurityContext
2026-05-03T15:55:30.006+05:30 DEBUG 75622 --- [peer-tutoring-backend] [nio-8080-exec-4] o.s.s.w.a.Http403ForbiddenEntryPoint     : Pre-authenticated entry point called. Rejecting access
2026-05-03T15:55:30.009+05:30 DEBUG 75622 --- [peer-tutoring-backend] [nio-8080-exec-5] o.s.security.web.FilterChainProxy        : Securing GET /api/sessions/available
2026-05-03T15:55:30.010+05:30 DEBUG 75622 --- [peer-tutoring-backend] [nio-8080-exec-5] c.t.security.JwtAuthenticationFilter     : JWT Token found: eyJhbGciOiJIUzM4NCJ9...
2026-05-03T15:55:30.011+05:30 DEBUG 75622 --- [peer-tutoring-backend] [nio-8080-exec-5] c.t.security.JwtAuthenticationFilter     : JWT valid, email: student1@example.com
Hibernate: 
    select
        u1_0.id,
        u1_0.active,
        u1_0.created_at,
        u1_0.email,
        u1_0.first_name,
        u1_0.last_name,
        u1_0.password,
        u1_0.phone_number,
        u1_0.role,
        u1_0.updated_at,
        u1_0.verified 
    from
        users u1_0 
    where
        u1_0.email=?
Hibernate: 
    select
        tp1_0.id,
        tp1_0.average_rating,
        tp1_0.bio,
        tp1_0.created_at,
        tp1_0.hourly_rate,
        tp1_0.status,
        tp1_0.subject,
        tp1_0.total_sessions,
        tp1_0.updated_at,
        tp1_0.user_id,
        tp1_0.years_of_experience 
    from
        tutor_profiles tp1_0 
    where
        tp1_0.user_id=?
2026-05-03T15:55:30.014+05:30 DEBUG 75622 --- [peer-tutoring-backend] [nio-8080-exec-5] c.t.security.JwtAuthenticationFilter     : Authentication set for user: student1@example.com
2026-05-03T15:55:30.014+05:30 DEBUG 75622 --- [peer-tutoring-backend] [nio-8080-exec-5] o.s.security.web.FilterChainProxy        : Secured GET /api/sessions/available
Hibernate: 
    select
        s1_0.id,
        s1_0.created_at,
        s1_0.description,
        s1_0.end_time,
        s1_0.enrolled_students,
        s1_0.max_students,
        s1_0.price,
        s1_0.start_time,
        s1_0.status,
        s1_0.subject,
        s1_0.title,
        s1_0.tutor_id,
        s1_0.type,
        s1_0.updated_at 
    from
        sessions s1_0 
    where
        s1_0.status=?
Hibernate: 
    select
        u1_0.id,
        u1_0.active,
        u1_0.created_at,
        u1_0.email,
        u1_0.first_name,
        u1_0.last_name,
        u1_0.password,
        u1_0.phone_number,
        u1_0.role,
        u1_0.updated_at,
        u1_0.verified 
    from
        users u1_0 
    where
        u1_0.id=?
Hibernate: 
    select
        tp1_0.id,
        tp1_0.average_rating,
        tp1_0.bio,
        tp1_0.created_at,
        tp1_0.hourly_rate,
        tp1_0.status,
        tp1_0.subject,
        tp1_0.total_sessions,
        tp1_0.updated_at,
        tp1_0.user_id,
        tp1_0.years_of_experience 
    from
        tutor_profiles tp1_0 
    where
        tp1_0.user_id=?
Hibernate: 
    select
        u1_0.id,
        u1_0.active,
        u1_0.created_at,
        u1_0.email,
        u1_0.first_name,
        u1_0.last_name,
        u1_0.password,
        u1_0.phone_number,
        u1_0.role,
        u1_0.updated_at,
        u1_0.verified 
    from
        users u1_0 
    where
        u1_0.id=?
Hibernate: 
    select
        tp1_0.id,
        tp1_0.average_rating,
        tp1_0.bio,
        tp1_0.created_at,
        tp1_0.hourly_rate,
        tp1_0.status,
        tp1_0.subject,
        tp1_0.total_sessions,
        tp1_0.updated_at,
        tp1_0.user_id,
        tp1_0.years_of_experience 
    from
        tutor_profiles tp1_0 
    where
        tp1_0.user_id=?
Hibernate: 
    select
        u1_0.id,
        u1_0.active,
        u1_0.created_at,
        u1_0.email,
        u1_0.first_name,
        u1_0.last_name,
        u1_0.password,
        u1_0.phone_number,
        u1_0.role,
        u1_0.updated_at,
        u1_0.verified 
    from
        users u1_0 
    where
        u1_0.id=?
Hibernate: 
    select
        tp1_0.id,
        tp1_0.average_rating,
        tp1_0.bio,
        tp1_0.created_at,
        tp1_0.hourly_rate,
        tp1_0.status,
        tp1_0.subject,
        tp1_0.total_sessions,
        tp1_0.updated_at,
        tp1_0.user_id,
        tp1_0.years_of_experience 
    from
        tutor_profiles tp1_0 
    where
        tp1_0.user_id=?
2026-05-03T15:55:34.256+05:30 DEBUG 75622 --- [peer-tutoring-backend] [nio-8080-exec-8] o.s.security.web.FilterChainProxy        : Securing POST /api/student/bookings
2026-05-03T15:55:34.256+05:30 DEBUG 75622 --- [peer-tutoring-backend] [nio-8080-exec-8] c.t.security.JwtAuthenticationFilter     : JWT Token found: eyJhbGciOiJIUzM4NCJ9...
2026-05-03T15:55:34.257+05:30 DEBUG 75622 --- [peer-tutoring-backend] [nio-8080-exec-8] c.t.security.JwtAuthenticationFilter     : JWT valid, email: student1@example.com
Hibernate: 
    select
        u1_0.id,
        u1_0.active,
        u1_0.created_at,
        u1_0.email,
        u1_0.first_name,
        u1_0.last_name,
        u1_0.password,
        u1_0.phone_number,
        u1_0.role,
        u1_0.updated_at,
        u1_0.verified 
    from
        users u1_0 
    where
        u1_0.email=?
Hibernate: 
    select
        tp1_0.id,
        tp1_0.average_rating,
        tp1_0.bio,
        tp1_0.created_at,
        tp1_0.hourly_rate,
        tp1_0.status,
        tp1_0.subject,
        tp1_0.total_sessions,
        tp1_0.updated_at,
        tp1_0.user_id,
        tp1_0.years_of_experience 
    from
        tutor_profiles tp1_0 
    where
        tp1_0.user_id=?
2026-05-03T15:55:34.258+05:30 DEBUG 75622 --- [peer-tutoring-backend] [nio-8080-exec-8] c.t.security.JwtAuthenticationFilter     : Authentication set for user: student1@example.com
2026-05-03T15:55:34.259+05:30 DEBUG 75622 --- [peer-tutoring-backend] [nio-8080-exec-8] o.s.security.web.FilterChainProxy        : Secured POST /api/student/bookings
2026-05-03T15:55:34.261+05:30 DEBUG 75622 --- [peer-tutoring-backend] [nio-8080-exec-8] horizationManagerBeforeMethodInterceptor : Authorizing method invocation ReflectiveMethodInvocation: public org.springframework.http.ResponseEntity com.tutoring.controller.BookingController.createBooking(com.tutoring.security.UserDetailsImpl,com.tutoring.dto.BookingRequest); target is of class [com.tutoring.controller.BookingController]
2026-05-03T15:55:34.261+05:30 DEBUG 75622 --- [peer-tutoring-backend] [nio-8080-exec-8] horizationManagerBeforeMethodInterceptor : Authorized method invocation ReflectiveMethodInvocation: public org.springframework.http.ResponseEntity com.tutoring.controller.BookingController.createBooking(com.tutoring.security.UserDetailsImpl,com.tutoring.dto.BookingRequest); target is of class [com.tutoring.controller.BookingController]
Hibernate: 
    select
        u1_0.id,
        u1_0.active,
        u1_0.created_at,
        u1_0.email,
        u1_0.first_name,
        u1_0.last_name,
        u1_0.password,
        u1_0.phone_number,
        u1_0.role,
        u1_0.updated_at,
        u1_0.verified 
    from
        users u1_0 
    where
        u1_0.id=?
Hibernate: 
    select
        tp1_0.id,
        tp1_0.average_rating,
        tp1_0.bio,
        tp1_0.created_at,
        tp1_0.hourly_rate,
        tp1_0.status,
        tp1_0.subject,
        tp1_0.total_sessions,
        tp1_0.updated_at,
        tp1_0.user_id,
        tp1_0.years_of_experience 
    from
        tutor_profiles tp1_0 
    where
        tp1_0.user_id=?
Hibernate: 
    select
        s1_0.id,
        s1_0.created_at,
        s1_0.description,
        s1_0.end_time,
        s1_0.enrolled_students,
        s1_0.max_students,
        s1_0.price,
        s1_0.start_time,
        s1_0.status,
        s1_0.subject,
        s1_0.title,
        s1_0.tutor_id,
        s1_0.type,
        s1_0.updated_at 
    from
        sessions s1_0 
    where
        s1_0.id=?
Hibernate: 
    insert 
    into
        bookings
        (amount, cancelled_at, completed_at, confirmed_at, created_at, notes, payment_status, session_id, status, student_id, updated_at, id) 
    values
        (?, ?, ?, ?, ?, ?, ?, ?, ?, ?, ?, default)
2026-05-03T15:55:42.589+05:30 DEBUG 75622 --- [peer-tutoring-backend] [nio-8080-exec-7] o.s.security.web.FilterChainProxy        : Securing GET /api/sessions/available
2026-05-03T15:55:42.590+05:30 DEBUG 75622 --- [peer-tutoring-backend] [nio-8080-exec-7] c.t.security.JwtAuthenticationFilter     : JWT Token found: eyJhbGciOiJIUzM4NCJ9...
2026-05-03T15:55:42.591+05:30 DEBUG 75622 --- [peer-tutoring-backend] [nio-8080-exec-7] c.t.security.JwtAuthenticationFilter     : JWT valid, email: student1@example.com
Hibernate: 
    select
        u1_0.id,
        u1_0.active,
        u1_0.created_at,
        u1_0.email,
        u1_0.first_name,
        u1_0.last_name,
        u1_0.password,
        u1_0.phone_number,
        u1_0.role,
        u1_0.updated_at,
        u1_0.verified 
    from
        users u1_0 
    where
        u1_0.email=?
Hibernate: 
    select
        tp1_0.id,
        tp1_0.average_rating,
        tp1_0.bio,
        tp1_0.created_at,
        tp1_0.hourly_rate,
        tp1_0.status,
        tp1_0.subject,
        tp1_0.total_sessions,
        tp1_0.updated_at,
        tp1_0.user_id,
        tp1_0.years_of_experience 
    from
        tutor_profiles tp1_0 
    where
        tp1_0.user_id=?
2026-05-03T15:55:42.594+05:30 DEBUG 75622 --- [peer-tutoring-backend] [nio-8080-exec-7] c.t.security.JwtAuthenticationFilter     : Authentication set for user: student1@example.com
2026-05-03T15:55:42.594+05:30 DEBUG 75622 --- [peer-tutoring-backend] [nio-8080-exec-7] o.s.security.web.FilterChainProxy        : Secured GET /api/sessions/available
Hibernate: 
    select
        s1_0.id,
        s1_0.created_at,
        s1_0.description,
        s1_0.end_time,
        s1_0.enrolled_students,
        s1_0.max_students,
        s1_0.price,
        s1_0.start_time,
        s1_0.status,
        s1_0.subject,
        s1_0.title,
        s1_0.tutor_id,
        s1_0.type,
        s1_0.updated_at 
    from
        sessions s1_0 
    where
        s1_0.status=?
Hibernate: 
    select
        u1_0.id,
        u1_0.active,
        u1_0.created_at,
        u1_0.email,
        u1_0.first_name,
        u1_0.last_name,
        u1_0.password,
        u1_0.phone_number,
        u1_0.role,
        u1_0.updated_at,
        u1_0.verified 
    from
        users u1_0 
    where
        u1_0.id=?
Hibernate: 
    select
        tp1_0.id,
        tp1_0.average_rating,
        tp1_0.bio,
        tp1_0.created_at,
        tp1_0.hourly_rate,
        tp1_0.status,
        tp1_0.subject,
        tp1_0.total_sessions,
        tp1_0.updated_at,
        tp1_0.user_id,
        tp1_0.years_of_experience 
    from
        tutor_profiles tp1_0 
    where
        tp1_0.user_id=?
Hibernate: 
    select
        u1_0.id,
        u1_0.active,
        u1_0.created_at,
        u1_0.email,
        u1_0.first_name,
        u1_0.last_name,
        u1_0.password,
        u1_0.phone_number,
        u1_0.role,
        u1_0.updated_at,
        u1_0.verified 
    from
        users u1_0 
    where
        u1_0.id=?
Hibernate: 
    select
        tp1_0.id,
        tp1_0.average_rating,
        tp1_0.bio,
        tp1_0.created_at,
        tp1_0.hourly_rate,
        tp1_0.status,
        tp1_0.subject,
        tp1_0.total_sessions,
        tp1_0.updated_at,
        tp1_0.user_id,
        tp1_0.years_of_experience 
    from
        tutor_profiles tp1_0 
    where
        tp1_0.user_id=?
Hibernate: 
    select
        u1_0.id,
        u1_0.active,
        u1_0.created_at,
        u1_0.email,
        u1_0.first_name,
        u1_0.last_name,
        u1_0.password,
        u1_0.phone_number,
        u1_0.role,
        u1_0.updated_at,
        u1_0.verified 
    from
        users u1_0 
    where
        u1_0.id=?
Hibernate: 
    select
        tp1_0.id,
        tp1_0.average_rating,
        tp1_0.bio,
        tp1_0.created_at,
        tp1_0.hourly_rate,
        tp1_0.status,
        tp1_0.subject,
        tp1_0.total_sessions,
        tp1_0.updated_at,
        tp1_0.user_id,
        tp1_0.years_of_experience 
    from
        tutor_profiles tp1_0 
    where
        tp1_0.user_id=?
2026-05-03T15:56:23.668+05:30 DEBUG 75622 --- [peer-tutoring-backend] [nio-8080-exec-2] o.s.security.web.FilterChainProxy        : Securing GET /api/sessions/available
2026-05-03T15:56:23.669+05:30 DEBUG 75622 --- [peer-tutoring-backend] [nio-8080-exec-2] c.t.security.JwtAuthenticationFilter     : JWT Token found: eyJhbGciOiJIUzM4NCJ9...
2026-05-03T15:56:23.672+05:30 DEBUG 75622 --- [peer-tutoring-backend] [nio-8080-exec-2] c.t.security.JwtAuthenticationFilter     : JWT valid, email: student1@example.com
Hibernate: 
    select
        u1_0.id,
        u1_0.active,
        u1_0.created_at,
        u1_0.email,
        u1_0.first_name,
        u1_0.last_name,
        u1_0.password,
        u1_0.phone_number,
        u1_0.role,
        u1_0.updated_at,
        u1_0.verified 
    from
        users u1_0 
    where
        u1_0.email=?
Hibernate: 
    select
        tp1_0.id,
        tp1_0.average_rating,
        tp1_0.bio,
        tp1_0.created_at,
        tp1_0.hourly_rate,
        tp1_0.status,
        tp1_0.subject,
        tp1_0.total_sessions,
        tp1_0.updated_at,
        tp1_0.user_id,
        tp1_0.years_of_experience 
    from
        tutor_profiles tp1_0 
    where
        tp1_0.user_id=?
2026-05-03T15:56:23.680+05:30 DEBUG 75622 --- [peer-tutoring-backend] [nio-8080-exec-2] c.t.security.JwtAuthenticationFilter     : Authentication set for user: student1@example.com
2026-05-03T15:56:23.681+05:30 DEBUG 75622 --- [peer-tutoring-backend] [nio-8080-exec-2] o.s.security.web.FilterChainProxy        : Secured GET /api/sessions/available
Hibernate: 
    select
        s1_0.id,
        s1_0.created_at,
        s1_0.description,
        s1_0.end_time,
        s1_0.enrolled_students,
        s1_0.max_students,
        s1_0.price,
        s1_0.start_time,
        s1_0.status,
        s1_0.subject,
        s1_0.title,
        s1_0.tutor_id,
        s1_0.type,
        s1_0.updated_at 
    from
        sessions s1_0 
    where
        s1_0.status=?
Hibernate: 
    select
        u1_0.id,
        u1_0.active,
        u1_0.created_at,
        u1_0.email,
        u1_0.first_name,
        u1_0.last_name,
        u1_0.password,
        u1_0.phone_number,
        u1_0.role,
        u1_0.updated_at,
        u1_0.verified 
    from
        users u1_0 
    where
        u1_0.id=?
Hibernate: 
    select
        tp1_0.id,
        tp1_0.average_rating,
        tp1_0.bio,
        tp1_0.created_at,
        tp1_0.hourly_rate,
        tp1_0.status,
        tp1_0.subject,
        tp1_0.total_sessions,
        tp1_0.updated_at,
        tp1_0.user_id,
        tp1_0.years_of_experience 
    from
        tutor_profiles tp1_0 
    where
        tp1_0.user_id=?
Hibernate: 
    select
        u1_0.id,
        u1_0.active,
        u1_0.created_at,
        u1_0.email,
        u1_0.first_name,
        u1_0.last_name,
        u1_0.password,
        u1_0.phone_number,
        u1_0.role,
        u1_0.updated_at,
        u1_0.verified 
    from
        users u1_0 
    where
        u1_0.id=?
Hibernate: 
    select
        tp1_0.id,
        tp1_0.average_rating,
        tp1_0.bio,
        tp1_0.created_at,
        tp1_0.hourly_rate,
        tp1_0.status,
        tp1_0.subject,
        tp1_0.total_sessions,
        tp1_0.updated_at,
        tp1_0.user_id,
        tp1_0.years_of_experience 
    from
        tutor_profiles tp1_0 
    where
        tp1_0.user_id=?
Hibernate: 
    select
        u1_0.id,
        u1_0.active,
        u1_0.created_at,
        u1_0.email,
        u1_0.first_name,
        u1_0.last_name,
        u1_0.password,
        u1_0.phone_number,
        u1_0.role,
        u1_0.updated_at,
        u1_0.verified 
    from
        users u1_0 
    where
        u1_0.id=?
Hibernate: 
    select
        tp1_0.id,
        tp1_0.average_rating,
        tp1_0.bio,
        tp1_0.created_at,
        tp1_0.hourly_rate,
        tp1_0.status,
        tp1_0.subject,
        tp1_0.total_sessions,
        tp1_0.updated_at,
        tp1_0.user_id,
        tp1_0.years_of_experience 
    from
        tutor_profiles tp1_0 
    where
        tp1_0.user_id=?
2026-05-03T15:57:01.390+05:30 DEBUG 75622 --- [peer-tutoring-backend] [nio-8080-exec-9] o.s.security.web.FilterChainProxy        : Securing GET /api/sessions/available
2026-05-03T15:57:01.390+05:30 DEBUG 75622 --- [peer-tutoring-backend] [io-8080-exec-10] o.s.security.web.FilterChainProxy        : Securing GET /favicon.ico
2026-05-03T15:57:01.391+05:30 DEBUG 75622 --- [peer-tutoring-backend] [nio-8080-exec-9] c.t.security.JwtAuthenticationFilter     : JWT Token found: eyJhbGciOiJIUzM4NCJ9...
2026-05-03T15:57:01.391+05:30 DEBUG 75622 --- [peer-tutoring-backend] [io-8080-exec-10] o.s.s.w.a.AnonymousAuthenticationFilter  : Set SecurityContextHolder to anonymous SecurityContext
2026-05-03T15:57:01.394+05:30 DEBUG 75622 --- [peer-tutoring-backend] [nio-8080-exec-9] c.t.security.JwtAuthenticationFilter     : JWT valid, email: student1@example.com
2026-05-03T15:57:01.395+05:30 DEBUG 75622 --- [peer-tutoring-backend] [io-8080-exec-10] o.s.s.w.a.Http403ForbiddenEntryPoint     : Pre-authenticated entry point called. Rejecting access
2026-05-03T15:57:01.396+05:30 DEBUG 75622 --- [peer-tutoring-backend] [io-8080-exec-10] o.s.security.web.FilterChainProxy        : Securing GET /error
2026-05-03T15:57:01.397+05:30 DEBUG 75622 --- [peer-tutoring-backend] [io-8080-exec-10] o.s.s.w.a.AnonymousAuthenticationFilter  : Set SecurityContextHolder to anonymous SecurityContext
2026-05-03T15:57:01.397+05:30 DEBUG 75622 --- [peer-tutoring-backend] [io-8080-exec-10] o.s.s.w.a.Http403ForbiddenEntryPoint     : Pre-authenticated entry point called. Rejecting access
Hibernate: 
    select
        u1_0.id,
        u1_0.active,
        u1_0.created_at,
        u1_0.email,
        u1_0.first_name,
        u1_0.last_name,
        u1_0.password,
        u1_0.phone_number,
        u1_0.role,
        u1_0.updated_at,
        u1_0.verified 
    from
        users u1_0 
    where
        u1_0.email=?
Hibernate: 
    select
        tp1_0.id,
        tp1_0.average_rating,
        tp1_0.bio,
        tp1_0.created_at,
        tp1_0.hourly_rate,
        tp1_0.status,
        tp1_0.subject,
        tp1_0.total_sessions,
        tp1_0.updated_at,
        tp1_0.user_id,
        tp1_0.years_of_experience 
    from
        tutor_profiles tp1_0 
    where
        tp1_0.user_id=?
2026-05-03T15:57:01.403+05:30 DEBUG 75622 --- [peer-tutoring-backend] [nio-8080-exec-9] c.t.security.JwtAuthenticationFilter     : Authentication set for user: student1@example.com
2026-05-03T15:57:01.404+05:30 DEBUG 75622 --- [peer-tutoring-backend] [nio-8080-exec-9] o.s.security.web.FilterChainProxy        : Secured GET /api/sessions/available
Hibernate: 
    select
        s1_0.id,
        s1_0.created_at,
        s1_0.description,
        s1_0.end_time,
        s1_0.enrolled_students,
        s1_0.max_students,
        s1_0.price,
        s1_0.start_time,
        s1_0.status,
        s1_0.subject,
        s1_0.title,
        s1_0.tutor_id,
        s1_0.type,
        s1_0.updated_at 
    from
        sessions s1_0 
    where
        s1_0.status=?
Hibernate: 
    select
        u1_0.id,
        u1_0.active,
        u1_0.created_at,
        u1_0.email,
        u1_0.first_name,
        u1_0.last_name,
        u1_0.password,
        u1_0.phone_number,
        u1_0.role,
        u1_0.updated_at,
        u1_0.verified 
    from
        users u1_0 
    where
        u1_0.id=?
Hibernate: 
    select
        tp1_0.id,
        tp1_0.average_rating,
        tp1_0.bio,
        tp1_0.created_at,
        tp1_0.hourly_rate,
        tp1_0.status,
        tp1_0.subject,
        tp1_0.total_sessions,
        tp1_0.updated_at,
        tp1_0.user_id,
        tp1_0.years_of_experience 
    from
        tutor_profiles tp1_0 
    where
        tp1_0.user_id=?
Hibernate: 
    select
        u1_0.id,
        u1_0.active,
        u1_0.created_at,
        u1_0.email,
        u1_0.first_name,
        u1_0.last_name,
        u1_0.password,
        u1_0.phone_number,
        u1_0.role,
        u1_0.updated_at,
        u1_0.verified 
    from
        users u1_0 
    where
        u1_0.id=?
Hibernate: 
    select
        tp1_0.id,
        tp1_0.average_rating,
        tp1_0.bio,
        tp1_0.created_at,
        tp1_0.hourly_rate,
        tp1_0.status,
        tp1_0.subject,
        tp1_0.total_sessions,
        tp1_0.updated_at,
        tp1_0.user_id,
        tp1_0.years_of_experience 
    from
        tutor_profiles tp1_0 
    where
        tp1_0.user_id=?
Hibernate: 
    select
        u1_0.id,
        u1_0.active,
        u1_0.created_at,
        u1_0.email,
        u1_0.first_name,
        u1_0.last_name,
        u1_0.password,
        u1_0.phone_number,
        u1_0.role,
        u1_0.updated_at,
        u1_0.verified 
    from
        users u1_0 
    where
        u1_0.id=?
Hibernate: 
    select
        tp1_0.id,
        tp1_0.average_rating,
        tp1_0.bio,
        tp1_0.created_at,
        tp1_0.hourly_rate,
        tp1_0.status,
        tp1_0.subject,
        tp1_0.total_sessions,
        tp1_0.updated_at,
        tp1_0.user_id,
        tp1_0.years_of_experience 
    from
        tutor_profiles tp1_0 
    where
        tp1_0.user_id=?
2026-05-03T15:57:01.416+05:30 DEBUG 75622 --- [peer-tutoring-backend] [nio-8080-exec-6] o.s.security.web.FilterChainProxy        : Securing GET /api/sessions/available
2026-05-03T15:57:01.417+05:30 DEBUG 75622 --- [peer-tutoring-backend] [nio-8080-exec-6] c.t.security.JwtAuthenticationFilter     : JWT Token found: eyJhbGciOiJIUzM4NCJ9...
2026-05-03T15:57:01.417+05:30 DEBUG 75622 --- [peer-tutoring-backend] [nio-8080-exec-6] c.t.security.JwtAuthenticationFilter     : JWT valid, email: student1@example.com
Hibernate: 
    select
        u1_0.id,
        u1_0.active,
        u1_0.created_at,
        u1_0.email,
        u1_0.first_name,
        u1_0.last_name,
        u1_0.password,
        u1_0.phone_number,
        u1_0.role,
        u1_0.updated_at,
        u1_0.verified 
    from
        users u1_0 
    where
        u1_0.email=?
Hibernate: 
    select
        tp1_0.id,
        tp1_0.average_rating,
        tp1_0.bio,
        tp1_0.created_at,
        tp1_0.hourly_rate,
        tp1_0.status,
        tp1_0.subject,
        tp1_0.total_sessions,
        tp1_0.updated_at,
        tp1_0.user_id,
        tp1_0.years_of_experience 
    from
        tutor_profiles tp1_0 
    where
        tp1_0.user_id=?
2026-05-03T15:57:01.419+05:30 DEBUG 75622 --- [peer-tutoring-backend] [nio-8080-exec-6] c.t.security.JwtAuthenticationFilter     : Authentication set for user: student1@example.com
2026-05-03T15:57:01.420+05:30 DEBUG 75622 --- [peer-tutoring-backend] [nio-8080-exec-6] o.s.security.web.FilterChainProxy        : Secured GET /api/sessions/available
Hibernate: 
    select
        s1_0.id,
        s1_0.created_at,
        s1_0.description,
        s1_0.end_time,
        s1_0.enrolled_students,
        s1_0.max_students,
        s1_0.price,
        s1_0.start_time,
        s1_0.status,
        s1_0.subject,
        s1_0.title,
        s1_0.tutor_id,
        s1_0.type,
        s1_0.updated_at 
    from
        sessions s1_0 
    where
        s1_0.status=?
Hibernate: 
    select
        u1_0.id,
        u1_0.active,
        u1_0.created_at,
        u1_0.email,
        u1_0.first_name,
        u1_0.last_name,
        u1_0.password,
        u1_0.phone_number,
        u1_0.role,
        u1_0.updated_at,
        u1_0.verified 
    from
        users u1_0 
    where
        u1_0.id=?
Hibernate: 
    select
        tp1_0.id,
        tp1_0.average_rating,
        tp1_0.bio,
        tp1_0.created_at,
        tp1_0.hourly_rate,
        tp1_0.status,
        tp1_0.subject,
        tp1_0.total_sessions,
        tp1_0.updated_at,
        tp1_0.user_id,
        tp1_0.years_of_experience 
    from
        tutor_profiles tp1_0 
    where
        tp1_0.user_id=?
Hibernate: 
    select
        u1_0.id,
        u1_0.active,
        u1_0.created_at,
        u1_0.email,
        u1_0.first_name,
        u1_0.last_name,
        u1_0.password,
        u1_0.phone_number,
        u1_0.role,
        u1_0.updated_at,
        u1_0.verified 
    from
        users u1_0 
    where
        u1_0.id=?
Hibernate: 
    select
        tp1_0.id,
        tp1_0.average_rating,
        tp1_0.bio,
        tp1_0.created_at,
        tp1_0.hourly_rate,
        tp1_0.status,
        tp1_0.subject,
        tp1_0.total_sessions,
        tp1_0.updated_at,
        tp1_0.user_id,
        tp1_0.years_of_experience 
    from
        tutor_profiles tp1_0 
    where
        tp1_0.user_id=?
Hibernate: 
    select
        u1_0.id,
        u1_0.active,
        u1_0.created_at,
        u1_0.email,
        u1_0.first_name,
        u1_0.last_name,
        u1_0.password,
        u1_0.phone_number,
        u1_0.role,
        u1_0.updated_at,
        u1_0.verified 
    from
        users u1_0 
    where
        u1_0.id=?
Hibernate: 
    select
        tp1_0.id,
        tp1_0.average_rating,
        tp1_0.bio,
        tp1_0.created_at,
        tp1_0.hourly_rate,
        tp1_0.status,
        tp1_0.subject,
        tp1_0.total_sessions,
        tp1_0.updated_at,
        tp1_0.user_id,
        tp1_0.years_of_experience 
    from
        tutor_profiles tp1_0 
    where
        tp1_0.user_id=?
2026-05-03T15:57:04.142+05:30 DEBUG 75622 --- [peer-tutoring-backend] [nio-8080-exec-1] o.s.security.web.FilterChainProxy        : Securing POST /api/student/bookings
2026-05-03T15:57:04.143+05:30 DEBUG 75622 --- [peer-tutoring-backend] [nio-8080-exec-1] c.t.security.JwtAuthenticationFilter     : JWT Token found: eyJhbGciOiJIUzM4NCJ9...
2026-05-03T15:57:04.143+05:30 DEBUG 75622 --- [peer-tutoring-backend] [nio-8080-exec-1] c.t.security.JwtAuthenticationFilter     : JWT valid, email: student1@example.com
Hibernate: 
    select
        u1_0.id,
        u1_0.active,
        u1_0.created_at,
        u1_0.email,
        u1_0.first_name,
        u1_0.last_name,
        u1_0.password,
        u1_0.phone_number,
        u1_0.role,
        u1_0.updated_at,
        u1_0.verified 
    from
        users u1_0 
    where
        u1_0.email=?
Hibernate: 
    select
        tp1_0.id,
        tp1_0.average_rating,
        tp1_0.bio,
        tp1_0.created_at,
        tp1_0.hourly_rate,
        tp1_0.status,
        tp1_0.subject,
        tp1_0.total_sessions,
        tp1_0.updated_at,
        tp1_0.user_id,
        tp1_0.years_of_experience 
    from
        tutor_profiles tp1_0 
    where
        tp1_0.user_id=?
2026-05-03T15:57:04.145+05:30 DEBUG 75622 --- [peer-tutoring-backend] [nio-8080-exec-1] c.t.security.JwtAuthenticationFilter     : Authentication set for user: student1@example.com
2026-05-03T15:57:04.146+05:30 DEBUG 75622 --- [peer-tutoring-backend] [nio-8080-exec-1] o.s.security.web.FilterChainProxy        : Secured POST /api/student/bookings
2026-05-03T15:57:04.148+05:30 DEBUG 75622 --- [peer-tutoring-backend] [nio-8080-exec-1] horizationManagerBeforeMethodInterceptor : Authorizing method invocation ReflectiveMethodInvocation: public org.springframework.http.ResponseEntity com.tutoring.controller.BookingController.createBooking(com.tutoring.security.UserDetailsImpl,com.tutoring.dto.BookingRequest); target is of class [com.tutoring.controller.BookingController]
2026-05-03T15:57:04.148+05:30 DEBUG 75622 --- [peer-tutoring-backend] [nio-8080-exec-1] horizationManagerBeforeMethodInterceptor : Authorized method invocation ReflectiveMethodInvocation: public org.springframework.http.ResponseEntity com.tutoring.controller.BookingController.createBooking(com.tutoring.security.UserDetailsImpl,com.tutoring.dto.BookingRequest); target is of class [com.tutoring.controller.BookingController]
Hibernate: 
    select
        u1_0.id,
        u1_0.active,
        u1_0.created_at,
        u1_0.email,
        u1_0.first_name,
        u1_0.last_name,
        u1_0.password,
        u1_0.phone_number,
        u1_0.role,
        u1_0.updated_at,
        u1_0.verified 
    from
        users u1_0 
    where
        u1_0.id=?
Hibernate: 
    select
        tp1_0.id,
        tp1_0.average_rating,
        tp1_0.bio,
        tp1_0.created_at,
        tp1_0.hourly_rate,
        tp1_0.status,
        tp1_0.subject,
        tp1_0.total_sessions,
        tp1_0.updated_at,
        tp1_0.user_id,
        tp1_0.years_of_experience 
    from
        tutor_profiles tp1_0 
    where
        tp1_0.user_id=?
Hibernate: 
    select
        s1_0.id,
        s1_0.created_at,
        s1_0.description,
        s1_0.end_time,
        s1_0.enrolled_students,
        s1_0.max_students,
        s1_0.price,
        s1_0.start_time,
        s1_0.status,
        s1_0.subject,
        s1_0.title,
        s1_0.tutor_id,
        s1_0.type,
        s1_0.updated_at 
    from
        sessions s1_0 
    where
        s1_0.id=?
Hibernate: 
    insert 
    into
        bookings
        (amount, cancelled_at, completed_at, confirmed_at, created_at, notes, payment_status, session_id, status, student_id, updated_at, id) 
    values
        (?, ?, ?, ?, ?, ?, ?, ?, ?, ?, ?, default)
2026-05-03T15:57:04.160+05:30 DEBUG 75622 --- [peer-tutoring-backend] [nio-8080-exec-3] o.s.security.web.FilterChainProxy        : Securing GET /api/sessions/available
2026-05-03T15:57:04.160+05:30 DEBUG 75622 --- [peer-tutoring-backend] [nio-8080-exec-3] c.t.security.JwtAuthenticationFilter     : JWT Token found: eyJhbGciOiJIUzM4NCJ9...
2026-05-03T15:57:04.161+05:30 DEBUG 75622 --- [peer-tutoring-backend] [nio-8080-exec-3] c.t.security.JwtAuthenticationFilter     : JWT valid, email: student1@example.com
Hibernate: 
    select
        u1_0.id,
        u1_0.active,
        u1_0.created_at,
        u1_0.email,
        u1_0.first_name,
        u1_0.last_name,
        u1_0.password,
        u1_0.phone_number,
        u1_0.role,
        u1_0.updated_at,
        u1_0.verified 
    from
        users u1_0 
    where
        u1_0.email=?
Hibernate: 
    select
        tp1_0.id,
        tp1_0.average_rating,
        tp1_0.bio,
        tp1_0.created_at,
        tp1_0.hourly_rate,
        tp1_0.status,
        tp1_0.subject,
        tp1_0.total_sessions,
        tp1_0.updated_at,
        tp1_0.user_id,
        tp1_0.years_of_experience 
    from
        tutor_profiles tp1_0 
    where
        tp1_0.user_id=?
2026-05-03T15:57:04.163+05:30 DEBUG 75622 --- [peer-tutoring-backend] [nio-8080-exec-3] c.t.security.JwtAuthenticationFilter     : Authentication set for user: student1@example.com
2026-05-03T15:57:04.163+05:30 DEBUG 75622 --- [peer-tutoring-backend] [nio-8080-exec-3] o.s.security.web.FilterChainProxy        : Secured GET /api/sessions/available
Hibernate: 
    select
        s1_0.id,
        s1_0.created_at,
        s1_0.description,
        s1_0.end_time,
        s1_0.enrolled_students,
        s1_0.max_students,
        s1_0.price,
        s1_0.start_time,
        s1_0.status,
        s1_0.subject,
        s1_0.title,
        s1_0.tutor_id,
        s1_0.type,
        s1_0.updated_at 
    from
        sessions s1_0 
    where
        s1_0.status=?
Hibernate: 
    select
        u1_0.id,
        u1_0.active,
        u1_0.created_at,
        u1_0.email,
        u1_0.first_name,
        u1_0.last_name,
        u1_0.password,
        u1_0.phone_number,
        u1_0.role,
        u1_0.updated_at,
        u1_0.verified 
    from
        users u1_0 
    where
        u1_0.id=?
Hibernate: 
    select
        tp1_0.id,
        tp1_0.average_rating,
        tp1_0.bio,
        tp1_0.created_at,
        tp1_0.hourly_rate,
        tp1_0.status,
        tp1_0.subject,
        tp1_0.total_sessions,
        tp1_0.updated_at,
        tp1_0.user_id,
        tp1_0.years_of_experience 
    from
        tutor_profiles tp1_0 
    where
        tp1_0.user_id=?
Hibernate: 
    select
        u1_0.id,
        u1_0.active,
        u1_0.created_at,
        u1_0.email,
        u1_0.first_name,
        u1_0.last_name,
        u1_0.password,
        u1_0.phone_number,
        u1_0.role,
        u1_0.updated_at,
        u1_0.verified 
    from
        users u1_0 
    where
        u1_0.id=?
Hibernate: 
    select
        tp1_0.id,
        tp1_0.average_rating,
        tp1_0.bio,
        tp1_0.created_at,
        tp1_0.hourly_rate,
        tp1_0.status,
        tp1_0.subject,
        tp1_0.total_sessions,
        tp1_0.updated_at,
        tp1_0.user_id,
        tp1_0.years_of_experience 
    from
        tutor_profiles tp1_0 
    where
        tp1_0.user_id=?
Hibernate: 
    select
        u1_0.id,
        u1_0.active,
        u1_0.created_at,
        u1_0.email,
        u1_0.first_name,
        u1_0.last_name,
        u1_0.password,
        u1_0.phone_number,
        u1_0.role,
        u1_0.updated_at,
        u1_0.verified 
    from
        users u1_0 
    where
        u1_0.id=?
Hibernate: 
    select
        tp1_0.id,
        tp1_0.average_rating,
        tp1_0.bio,
        tp1_0.created_at,
        tp1_0.hourly_rate,
        tp1_0.status,
        tp1_0.subject,
        tp1_0.total_sessions,
        tp1_0.updated_at,
        tp1_0.user_id,
        tp1_0.years_of_experience 
    from
        tutor_profiles tp1_0 
    where
        tp1_0.user_id=?
2026-05-03T16:05:46.113+05:30  WARN 75622 --- [peer-tutoring-backend] [l-1 housekeeper] com.zaxxer.hikari.pool.HikariPool        : HikariPool-1 - Thread starvation or clock leap detected (housekeeper delta=8m9s805ms).
2026-05-03T16:21:15.003+05:30  WARN 75622 --- [peer-tutoring-backend] [l-1 housekeeper] com.zaxxer.hikari.pool.HikariPool        : HikariPool-1 - Thread starvation or clock leap detected (housekeeper delta=15m28s898ms).
2026-05-03T17:49:44.733+05:30  WARN 75622 --- [peer-tutoring-backend] [l-1 housekeeper] com.zaxxer.hikari.pool.HikariPool        : HikariPool-1 - Thread starvation or clock leap detected (housekeeper delta=15m28s919ms).
2026-05-03T17:58:58.774+05:30  WARN 75622 --- [peer-tutoring-backend] [l-1 housekeeper] com.zaxxer.hikari.pool.HikariPool        : HikariPool-1 - Thread starvation or clock leap detected (housekeeper delta=8m44s31ms).
2026-05-03T18:14:27.744+05:30  WARN 75622 --- [peer-tutoring-backend] [l-1 housekeeper] com.zaxxer.hikari.pool.HikariPool        : HikariPool-1 - Thread starvation or clock leap detected (housekeeper delta=15m28s970ms).
2026-05-03T18:30:29.818+05:30  WARN 75622 --- [peer-tutoring-backend] [l-1 housekeeper] com.zaxxer.hikari.pool.HikariPool        : HikariPool-1 - Thread starvation or clock leap detected (housekeeper delta=15m32s67ms).
